=== job gridworld-tok-v2 on mlcbm002 | jobid 405629 | Thu Jun 18 14:20:26 CEST 2026 ===
NVIDIA H100 80GB HBM3, 81559 MiB
=== commit: d5cef58047364aeef0d1c5e61f5b2e2744f00bed ===
=== reusing cached venv /weka/martius/mot936/venvs/venv-b05c6eb3f672f99e ===
=== running: bash -lc set -e; python -u src/datagen/generate_gridworld.py --n_episodes 3000 --n_frames 200 --out gridworld.npy && python -u src/training/train_tokenizer.py --frames gridworld.npy --epochs 30 --batch-size 64 --lr 3e-4 --lpips --lpips-net vgg --fresh --checkpoint runs/gridworld-tok-v2/tokenizer.pt --wandb --wandb-project transformer-C-tokenizer --wandb-name gridworld-tok-v2 && python -u src/training/train_tokenizer.py --frames gridworld.npy --checkpoint runs/gridworld-tok-v2/tokenizer.pt --save-recon runs/gridworld-tok-v2/recon.png --n-samples 6 ===
BASH=/usr/bin/bash
BASHOPTS=checkwinsize:cmdhist:complete_fullquote:extquote:force_fignore:globasciiranges:hostcomplete:interactive_comments:login_shell:progcomp:promptvars:sourcepath
BASHRCSOURCED=Y
BASH_ALIASES=()
BASH_ARGC=([0]="0")
BASH_ARGV=()
BASH_CMDS=()
BASH_EXECUTION_STRING=set
BASH_LINENO=()
BASH_REMATCH=([0]="/home/martius/mot936/.local/bin:/home/martius/mot936/bin:")
BASH_SOURCE=()
BASH_VERSINFO=([0]="5" [1]="1" [2]="8" [3]="1" [4]="release" [5]="x86_64-redhat-linux-gnu")
BASH_VERSION='5.1.8(1)-release'
CONDA_EXE=/usr/bin/conda
CONDA_SHLVL=0
CUDA_VISIBLE_DEVICES=0
DBUS_SESSION_BUS_ADDRESS=unix:path=/run/user/5283/bus
DEBUGINFOD_IMA_CERT_PATH=/etc/keys/ima:
DEBUGINFOD_URLS='https://debuginfod.rockylinux.org/ '
DIRSTACK=()
ENVIRONMENT=BATCH
EUID=5283
GPU_DEVICE_ORDINAL=0
GROUPS=()
HISTCONTROL=ignoredups
HISTSIZE=1000
HOME=/home/martius/mot936
HOSTNAME=mlcbm002
HOSTTYPE=x86_64
HYDRA_BOOTSTRAP=slurm
HYDRA_LAUNCHER_EXTRA_ARGS=--external-launcher
IFS=$' \t\n'
I_MPI_HYDRA_BOOTSTRAP=slurm
I_MPI_HYDRA_BOOTSTRAP_EXEC_EXTRA_ARGS=--external-launcher
LANG=C.UTF-8
LC_ALL=en_US.UTF-8
LESSOPEN='||/usr/bin/lesspipe.sh %s'
LOADEDMODULES=
LOGNAME=mot936
MACHTYPE=x86_64-redhat-linux-gnu
MAIL=/var/spool/mail/mot936
MANPATH=/usr/share/man:
MODULEPATH=/etc/scl/modulefiles:/etc/scl/modulefiles:/usr/share/Modules/modulefiles:/etc/modulefiles:/usr/share/modulefiles
MODULESHOME=/usr/share/Modules
MODULES_CMD=/usr/share/Modules/libexec/modulecmd.tcl
MODULES_RUN_QUARANTINE='LD_LIBRARY_PATH LD_PRELOAD'
MOTD_SHOWN=pam
OLDPWD=/weka/martius/mot936
OMPI_MCA_plm_slurm_args=--external-launcher
OMP_NUM_THREADS=8
OPTERR=1
OPTIND=1
OSTYPE=linux-gnu
PATH=/weka/martius/mot936/venvs/venv-b05c6eb3f672f99e/bin:/home/martius/mot936/.local/bin:/home/martius/mot936/bin:/usr/share/Modules/bin:/usr/condabin:/usr/local/bin:/usr/bin:/usr/local/sbin:/usr/sbin
PIPESTATUS=([0]="0")
PIP_CACHE_DIR=/scratch_local/mot936-405629/.cache/pip
PPID=859907
PRTE_MCA_plm_slurm_args=--external-launcher
PS4='+ '
PWD=/weka/martius/mot936/dreamerv4-tests
ROCR_VISIBLE_DEVICES=0
SCRATCH=/scratch_local/mot936-405629
SHELL=/bin/bash
SHELLNAME=bash
SHELLOPTS=braceexpand:hashall:interactive-comments
SHLVL=2
SINGULARITY_CACHEDIR=/scratch_local/mot936-405629/.cache/singularity
SLURMD_NODENAME=mlcbm002
SLURM_CLUSTER_NAME=ferranti
SLURM_CONF=/var/spool/slurmd/conf-cache/slurm.conf
SLURM_CPUS_ON_NODE=8
SLURM_CPUS_PER_TASK=8
SLURM_GPUS_ON_NODE=1
SLURM_GTIDS=0
SLURM_JOBID=405629
SLURM_JOB_ACCOUNT=martius
SLURM_JOB_CPUS_PER_NODE=8
SLURM_JOB_END_TIME=1781806825
SLURM_JOB_GID=4062
SLURM_JOB_GPUS=2
SLURM_JOB_ID=405629
SLURM_JOB_NAME=gridworld-tok-v2
SLURM_JOB_NODELIST=mlcbm002
SLURM_JOB_NUM_NODES=1
SLURM_JOB_PARTITION=h100-ferranti
SLURM_JOB_QOS=normal
SLURM_JOB_START_TIME=1781785225
SLURM_JOB_UID=5283
SLURM_JOB_USER=mot936
SLURM_LOCALID=0
SLURM_MEM_PER_CPU=2000
SLURM_NNODES=1
SLURM_NODEID=0
SLURM_NODELIST=mlcbm002
SLURM_OOM_KILL_STEP=0
SLURM_PRIO_PROCESS=0
SLURM_PROCID=0
SLURM_SCRIPT_CONTEXT=prolog_task
SLURM_SUBMIT_DIR=/weka/martius/mot936
SLURM_SUBMIT_HOST=ferranti-login001
SLURM_TASKS_PER_NODE=1
SLURM_TASK_PID=859907
SLURM_TOPOLOGY_ADDR=mlcbm002
SLURM_TOPOLOGY_ADDR_PATTERN=node
SLURM_TRES_PER_TASK=cpu=8
SSH_CLIENT='134.2.250.2 64068 22'
SSH_CONNECTION='134.2.250.2 64068 134.2.168.202 22'
S_COLORS=auto
TERM=dumb
TMPDIR=/scratch_local/mot936-405629/tmp
UID=5283
USER=mot936
WANDB_ENTITY=models-eberhard-karls-universit-t-t-bingen
XDG_DATA_DIRS=/home/martius/mot936/.local/share/flatpak/exports/share:/var/lib/flatpak/exports/share:/usr/local/share:/usr/share
XDG_RUNTIME_DIR=/run/user/5283
XDG_SESSION_CLASS=user
XDG_SESSION_ID=78969
XDG_SESSION_TYPE=tty
ZE_AFFINITY_MASK=0
_=/home/martius/mot936/.bashrc
__MODULES_LMINIT='module use --append /usr/share/Modules/modulefiles:module use --append /etc/modulefiles:module use --append /usr/share/modulefiles'
__MODULES_SHARE_MANPATH=:1
new_dirs=
shell=bash
which_declare='declare -f'
which_opt=-f
__add_sys_prefix_to_path () 
{ 
    if [ -n "${_CE_CONDA}" ] && [ -n "${WINDIR+x}" ]; then
        SYSP=$(\dirname "${CONDA_EXE}");
    else
        SYSP=$(\dirname "${CONDA_EXE}");
        SYSP=$(\dirname "${SYSP}");
    fi;
    if [ -n "${WINDIR+x}" ]; then
        PATH="${SYSP}/bin:${PATH}";
        PATH="${SYSP}/Scripts:${PATH}";
        PATH="${SYSP}/Library/bin:${PATH}";
        PATH="${SYSP}/Library/usr/bin:${PATH}";
        PATH="${SYSP}/Library/mingw-w64/bin:${PATH}";
        PATH="${SYSP}:${PATH}";
    else
        PATH="${SYSP}/bin:${PATH}";
    fi;
    \export PATH
}
__conda_activate () 
{ 
    if [ -n "${CONDA_PS1_BACKUP:+x}" ]; then
        PS1="$CONDA_PS1_BACKUP";
        \unset CONDA_PS1_BACKUP;
    fi;
    \local ask_conda;
    ask_conda="$(PS1="${PS1:-}" __conda_exe shell.posix "$@")" || \return;
    \eval "$ask_conda";
    __conda_hashr
}
__conda_exe () 
{ 
    ( __add_sys_prefix_to_path;
    "$CONDA_EXE" $_CE_M $_CE_CONDA "$@" )
}
__conda_hashr () 
{ 
    if [ -n "${ZSH_VERSION:+x}" ]; then
        \rehash;
    else
        if [ -n "${POSH_VERSION:+x}" ]; then
            :;
        else
            \hash -r;
        fi;
    fi
}
__conda_reactivate () 
{ 
    \local ask_conda;
    ask_conda="$(PS1="${PS1:-}" __conda_exe shell.posix reactivate)" || \return;
    \eval "$ask_conda";
    __conda_hashr
}
_module_raw () 
{ 
    eval "$(/usr/bin/tclsh '/usr/share/Modules/libexec/modulecmd.tcl' bash "$@")";
    _mlstatus=$?;
    return $_mlstatus
}
_weka () 
{ 
    local i;
    local weka_words=("--agent" "abort" "accepted-versions" "access-group" "access-point-naming-convention" "activate" "ad" "add" "agent" "alerts" "allow-protocols" "apply" "assign" "assignment" "assume-role" "attach" "audit" "audit-webhook" "auto-remove-timeout" "autocomplete" "bandwidth" "base-port" "blacklist" "bucket" "buckets" "build" "ca-cert" "callhome" "capacity" "cert" "change-role" "checksum" "clear-failure" "client" "client-group" "client-target-version" "clients" "cloud" "cluster" "collect" "config" "container" "containers" "copy" "cores" "cors-trusted-sites" "create" "current" "custom-options" "dataserv" "dataservice" "deactivate" "deactivation-check" "debug" "debug-level" "dedicate" "default-net" "delete" "describe" "destroy" "detach" "diags" "disable" "dist" "dns" "domain" "download" "drain" "drive" "driver" "drop" "drop-dirty-cache" "dump" "dumper-iops" "duplicate" "enable" "envoy" "error" "event" "events" "exec" "expand-process-limit" "export" "export-openldap" "exports" "factory-reset" "failure-domain" "fetch" "file" "fix-backpointers" "flock" "fqdn" "freeze" "fs" "generate" "generate-token" "get" "get-json" "global-config" "group" "host-access" "hot-spare" "import" "import-openldap" "info" "info-hw" "install" "install-agent" "integrity-check" "interface-group" "ip" "ip-range" "join" "join-ips" "join-secret" "join-token" "jrpc" "kerberos" "kernel" "kms" "kms-rewrap" "kv" "layers" "ldap" "leave" "level" "license" "lifecycle-rule" "limits" "links" "list" "list-default" "list-keys" "list-local" "list-overrides" "list-types" "lists" "local" "location" "lockout-config" "log-level" "login" "login-banner" "logout" "lsof" "management-ips" "manhole" "memory" "minimal-backend-version" "monitoring" "mount" "mount-defaults" "mute" "net" "nfs" "node" "notification" "notification-target" "obs" "ocp-smart" "off" "old-ios" "old-progress" "on" "ops" "org" "override" "pack" "passwd" "pause" "payg" "pdsh" "peers" "performance" "periodic-scan" "permission" "policy" "port" "ports" "prepare" "process" "profile" "protection" "proxy" "ps" "publish" "purge-old-secrets" "quota" "raw" "ready" "realtime" "rearm" "rebuild" "recompress" "reduction" "refresh" "registration" "release" "remote-endpoint" "remove" "remove-all" "rename" "requested-action" "reserve" "reset" "reset-data" "resolve-inode" "resolve-paths" "resources" "restart" "restore" "restore-default" "resume" "retention" "revision" "revoke-tokens" "rewrap" "rm" "rules" "run" "run-once" "s3" "scan" "security" "servers" "service" "service-account" "services" "set" "set-conf-extra" "set-custom" "set-default" "set-electable-mode" "set-max-cluster-size" "set-operations" "set-quota" "setup" "setup-ad" "setup-ad-nokrb" "setup-mit" "setup-onhostldap" "setup-openldap" "shards" "share" "share-status" "show" "sign" "smart" "smb" "snapshot" "snapshot-policy" "splunk" "start" "start-io" "stats" "status" "status-old" "stop" "stop-io" "strictness" "sts" "supported-features" "task" "taskmon" "telemetry" "test" "throttle" "tier" "tls" "token-expiry" "traces" "trigger-event" "trusted-domains" "types" "umount" "undrain" "uninstall" "unmute" "unset" "unset-default" "update" "update-containers" "upgrade" "upload" "upload-rate" "user" "vector" "version" "version-signature" "view" "viewer" "wait" "wait-for-balance" "weka" "whoami" "writable" "weka");
    local cmd=();
    local flags=();
    local non_repeating_flags=();
    local complete_words=();
    local complete_repeatable_flags=();
    local complete_long_flags=();
    local only_flags=false;
    for ((i = 0; i < COMP_CWORD; i++))
    do
        if [[ " ${weka_words[@]} " =~ " ${COMP_WORDS[i]} " && "$only_flags" != true ]]; then
            cmd+=("${COMP_WORDS[i]}");
        else
            if [[ "${COMP_WORDS[i]}" == -* ]]; then
                flags+=("${COMP_WORDS[i]}");
                only_flags=true;
            else
                only_flags=true;
            fi;
        fi;
    done;
    case "${cmd[@]}" in 
        "weka")
            complete_words=(access-group agent alerts cloud cluster dataservice diags driver events fs interface-group local mount nfs org s3 security smb stats status umount upgrade user version);
            complete_arguments=();
            complete_repeatable_flags=();
            complete_long_flags=(--agent --color --help --build --version --legal)
        ;;
        "weka --agent")
            complete_words=();
            complete_arguments=();
            complete_repeatable_flags=();
            complete_long_flags=(--color --help)
        ;;
        "weka access-group")
            complete_words=(disable enable status);
            complete_arguments=();
            complete_repeatable_flags=();
            complete_long_flags=(--color --help)
        ;;
        "weka access-group disable")
            complete_words=();
            complete_arguments=();
            complete_repeatable_flags=();
            complete_long_flags=(--color --HOST --PORT --CONNECT-TIMEOUT --TIMEOUT --profile --help --json)
        ;;
        "weka access-group enable")
            complete_words=();
            complete_arguments=();
            complete_repeatable_flags=();
            complete_long_flags=(--color --HOST --PORT --CONNECT-TIMEOUT --TIMEOUT --profile --help --json)
        ;;
        "weka access-group status")
            complete_words=();
            complete_arguments=();
            complete_repeatable_flags=();
            complete_long_flags=(--color --HOST --PORT --CONNECT-TIMEOUT --TIMEOUT --profile --help --json)
        ;;
        "weka agent")
            complete_words=(autocomplete install-agent restart uninstall update-containers);
            complete_arguments=();
            complete_repeatable_flags=();
            complete_long_flags=(--color --help)
        ;;
        "weka agent autocomplete")
            complete_words=(export install uninstall);
            complete_arguments=();
            complete_repeatable_flags=();
            complete_long_flags=(--color --help)
        ;;
        "weka agent autocomplete export")
            complete_words=();
            complete_arguments=();
            complete_repeatable_flags=();
            complete_long_flags=(--color --help)
        ;;
        "weka agent autocomplete install")
            complete_words=();
            complete_arguments=();
            complete_repeatable_flags=();
            complete_long_flags=(--color --help)
        ;;
        "weka agent autocomplete uninstall")
            complete_words=();
            complete_arguments=();
            complete_repeatable_flags=();
            complete_long_flags=(--color --help)
        ;;
        "weka agent install-agent")
            complete_words=();
            complete_arguments=();
            complete_repeatable_flags=();
            complete_long_flags=(--color --no-update --no-start --help)
        ;;
        "weka agent restart")
            complete_words=();
            complete_arguments=();
            complete_repeatable_flags=();
            complete_long_flags=(--color --help)
        ;;
        "weka agent uninstall")
            complete_words=();
            complete_arguments=();
            complete_repeatable_flags=();
            complete_long_flags=(--color --force --ignore-wekafs-mounts --keep-files --help)
        ;;
        "weka agent update-containers")
            complete_words=();
            complete_arguments=();
            complete_repeatable_flags=();
            complete_long_flags=(--color --help)
        ;;
        "weka alerts")
            complete_words=(describe mute types unmute);
            complete_arguments=();
            complete_repeatable_flags=(--output --sort --filter --filter-color);
            complete_long_flags=(--severity --color --HOST --PORT --CONNECT-TIMEOUT --TIMEOUT --profile --format --output --sort --filter --filter-color --muted --inactive --help --no-header --verbose)
        ;;
        "weka alerts describe")
            complete_words=();
            complete_arguments=();
            complete_repeatable_flags=(--output --sort --filter --filter-color);
            complete_long_flags=(--color --HOST --PORT --CONNECT-TIMEOUT --TIMEOUT --profile --format --output --sort --filter --filter-color --help --no-header --verbose)
        ;;
        "weka alerts mute")
            complete_words=();
            complete_arguments=(alert-type duration);
            complete_repeatable_flags=();
            complete_long_flags=(--color --HOST --PORT --CONNECT-TIMEOUT --TIMEOUT --profile --help)
        ;;
        "weka alerts types")
            complete_words=();
            complete_arguments=();
            complete_repeatable_flags=();
            complete_long_flags=(--color --HOST --PORT --CONNECT-TIMEOUT --TIMEOUT --profile --help --json)
        ;;
        "weka alerts unmute")
            complete_words=();
            complete_arguments=(alert-type);
            complete_repeatable_flags=();
            complete_long_flags=(--color --HOST --PORT --CONNECT-TIMEOUT --TIMEOUT --profile --help)
        ;;
        "weka audit")
            complete_words=(cluster fs view);
            complete_arguments=();
            complete_repeatable_flags=();
            complete_long_flags=(--color --help)
        ;;
        "weka audit cluster")
            complete_words=(disable enable resolve-paths set-operations status);
            complete_arguments=();
            complete_repeatable_flags=();
            complete_long_flags=(--color --help)
        ;;
        "weka audit cluster disable")
            complete_words=();
            complete_arguments=();
            complete_repeatable_flags=();
            complete_long_flags=(--color --HOST --PORT --CONNECT-TIMEOUT --TIMEOUT --profile --help --json)
        ;;
        "weka audit cluster enable")
            complete_words=();
            complete_arguments=();
            complete_repeatable_flags=();
            complete_long_flags=(--color --HOST --PORT --CONNECT-TIMEOUT --TIMEOUT --profile --help --json)
        ;;
        "weka audit cluster resolve-paths")
            complete_words=(disable enable);
            complete_arguments=();
            complete_repeatable_flags=();
            complete_long_flags=(--color --help)
        ;;
        "weka audit cluster resolve-paths disable")
            complete_words=();
            complete_arguments=();
            complete_repeatable_flags=();
            complete_long_flags=(--color --HOST --PORT --CONNECT-TIMEOUT --TIMEOUT --profile --help --json)
        ;;
        "weka audit cluster resolve-paths enable")
            complete_words=();
            complete_arguments=();
            complete_repeatable_flags=();
            complete_long_flags=(--color --HOST --PORT --CONNECT-TIMEOUT --TIMEOUT --profile --help --json)
        ;;
        "weka audit cluster set-operations")
            complete_words=();
            complete_arguments=(operations);
            complete_repeatable_flags=();
            complete_long_flags=(--color --HOST --PORT --CONNECT-TIMEOUT --TIMEOUT --profile --help --json)
        ;;
        "weka audit cluster status")
            complete_words=();
            complete_arguments=();
            complete_repeatable_flags=();
            complete_long_flags=(--color --HOST --PORT --CONNECT-TIMEOUT --TIMEOUT --profile --help --json)
        ;;
        "weka audit fs")
            complete_words=(disable enable status);
            complete_arguments=();
            complete_repeatable_flags=();
            complete_long_flags=(--color --help)
        ;;
        "weka audit fs disable")
            complete_words=();
            complete_arguments=(name);
            complete_repeatable_flags=();
            complete_long_flags=(--color --HOST --PORT --CONNECT-TIMEOUT --TIMEOUT --profile --help)
        ;;
        "weka audit fs enable")
            complete_words=();
            complete_arguments=(name);
            complete_repeatable_flags=();
            complete_long_flags=(--color --HOST --PORT --CONNECT-TIMEOUT --TIMEOUT --profile --help)
        ;;
        "weka audit fs status")
            complete_words=();
            complete_arguments=();
            complete_repeatable_flags=(--output --sort --filter --filter-color);
            complete_long_flags=(--name --color --HOST --PORT --CONNECT-TIMEOUT --TIMEOUT --profile --format --output --sort --filter --filter-color --help --raw-units --UTC --no-header --verbose)
        ;;
        "weka audit view")
            complete_words=();
            complete_arguments=();
            complete_repeatable_flags=(--environment);
            complete_long_flags=(--container --color --environment --help)
        ;;
        "weka cloud")
            complete_words=(disable enable proxy status update upload-rate);
            complete_arguments=();
            complete_repeatable_flags=();
            complete_long_flags=(--color --help)
        ;;
        "weka cloud disable")
            complete_words=();
            complete_arguments=();
            complete_repeatable_flags=();
            complete_long_flags=(--color --HOST --PORT --CONNECT-TIMEOUT --TIMEOUT --profile --help)
        ;;
        "weka cloud enable")
            complete_words=();
            complete_arguments=();
            complete_repeatable_flags=();
            complete_long_flags=(--cloud-url --cloud-stats --color --HOST --PORT --CONNECT-TIMEOUT --TIMEOUT --profile --help)
        ;;
        "weka cloud proxy")
            complete_words=();
            complete_arguments=();
            complete_repeatable_flags=();
            complete_long_flags=(--color --HOST --PORT --CONNECT-TIMEOUT --TIMEOUT --profile --set --help --json --unset)
        ;;
        "weka cloud status")
            complete_words=();
            complete_arguments=();
            complete_repeatable_flags=(--output --sort --filter --filter-color);
            complete_long_flags=(--color --HOST --PORT --CONNECT-TIMEOUT --TIMEOUT --profile --format --output --sort --filter --filter-color --help --no-header --verbose)
        ;;
        "weka cloud update")
            complete_words=();
            complete_arguments=(bucket-name region access-key-id secret-key);
            complete_repeatable_flags=();
            complete_long_flags=(--session-token --bucket-prefix --proxy --bytes-per-second --color --HOST --PORT --CONNECT-TIMEOUT --TIMEOUT --profile --help)
        ;;
        "weka cloud upload-rate")
            complete_words=(set);
            complete_arguments=();
            complete_repeatable_flags=();
            complete_long_flags=(--color --HOST --PORT --CONNECT-TIMEOUT --TIMEOUT --profile --help --json)
        ;;
        "weka cloud upload-rate set")
            complete_words=();
            complete_arguments=();
            complete_repeatable_flags=();
            complete_long_flags=(--bytes-per-second --color --HOST --PORT --CONNECT-TIMEOUT --TIMEOUT --profile --help)
        ;;
        "weka cluster")
            complete_words=(add bucket client-target-version container default-net drive failure-domain hot-spare license mount-defaults process servers start-io stop-io task update);
            complete_arguments=();
            complete_repeatable_flags=();
            complete_long_flags=(--color --help)
        ;;
        "weka cluster bucket")
            complete_words=();
            complete_arguments=(bucket-ids);
            complete_repeatable_flags=(--output --sort --filter --filter-color);
            complete_long_flags=(--color --HOST --PORT --CONNECT-TIMEOUT --TIMEOUT --profile --format --output --sort --filter --filter-color --help --raw-units --UTC --no-header --verbose)
        ;;
        "weka cluster client-target-version")
            complete_words=(reset set show);
            complete_arguments=();
            complete_repeatable_flags=();
            complete_long_flags=(--color --help)
        ;;
        "weka cluster client-target-version reset")
            complete_words=();
            complete_arguments=();
            complete_repeatable_flags=();
            complete_long_flags=(--color --HOST --PORT --CONNECT-TIMEOUT --TIMEOUT --profile --help)
        ;;
        "weka cluster client-target-version set")
            complete_words=();
            complete_arguments=(version-name);
            complete_repeatable_flags=();
            complete_long_flags=(--color --HOST --PORT --CONNECT-TIMEOUT --TIMEOUT --profile --help)
        ;;
        "weka cluster client-target-version show")
            complete_words=();
            complete_arguments=();
            complete_repeatable_flags=();
            complete_long_flags=(--color --HOST --PORT --CONNECT-TIMEOUT --TIMEOUT --profile --help)
        ;;
        "weka cluster container")
            complete_words=(activate add apply auto-remove-timeout bandwidth clear-failure cores deactivate deactivation-check dedicate failure-domain info-hw join-secret management-ips memory net remove requested-action resources restore);
            complete_arguments=(container-ids);
            complete_repeatable_flags=(--output --sort --filter --filter-color);
            complete_long_flags=(--color --HOST --PORT --CONNECT-TIMEOUT --TIMEOUT --profile --format --output --sort --filter --filter-color --local --backends --clients --leadership --leader --help --raw-units --UTC --no-header --verbose)
        ;;
        "weka cluster container activate")
            complete_words=();
            complete_arguments=(container-ids);
            complete_repeatable_flags=();
            complete_long_flags=(--color --HOST --PORT --CONNECT-TIMEOUT --TIMEOUT --profile --no-wait --skip-resource-validation --skip-activate-drives --help)
        ;;
        "weka cluster container add")
            complete_words=();
            complete_arguments=(hostname);
            complete_repeatable_flags=();
            complete_long_flags=(--ip --host-fqdn --color --HOST --PORT --CONNECT-TIMEOUT --TIMEOUT --profile --no-wait --help --json --raw-units --UTC)
        ;;
        "weka cluster container apply")
            complete_words=();
            complete_arguments=(container-ids);
            complete_repeatable_flags=();
            complete_long_flags=(--color --HOST --PORT --CONNECT-TIMEOUT --TIMEOUT --profile --skip-resource-validation --all --force --help)
        ;;
        "weka cluster container auto-remove-timeout")
            complete_words=();
            complete_arguments=(container-id auto-remove-timeout);
            complete_repeatable_flags=();
            complete_long_flags=(--color --HOST --PORT --CONNECT-TIMEOUT --TIMEOUT --profile --help)
        ;;
        "weka cluster container bandwidth")
            complete_words=();
            complete_arguments=(container-id bandwidth);
            complete_repeatable_flags=();
            complete_long_flags=(--color --HOST --PORT --CONNECT-TIMEOUT --TIMEOUT --profile --help)
        ;;
        "weka cluster container clear-failure")
            complete_words=();
            complete_arguments=(container-ids);
            complete_repeatable_flags=();
            complete_long_flags=(--color --HOST --PORT --CONNECT-TIMEOUT --TIMEOUT --profile --help)
        ;;
        "weka cluster container cores")
            complete_words=();
            complete_arguments=(container-id cores);
            complete_repeatable_flags=(--core-ids);
            complete_long_flags=(--frontend-dedicated-cores --drives-dedicated-cores --compute-dedicated-cores --color --HOST --PORT --CONNECT-TIMEOUT --TIMEOUT --profile --core-ids --no-frontends --only-drives-cores --only-compute-cores --only-frontend-cores --allow-mix-setting --help)
        ;;
        "weka cluster container deactivate")
            complete_words=();
            complete_arguments=(container-ids);
            complete_repeatable_flags=();
            complete_long_flags=(--color --HOST --PORT --CONNECT-TIMEOUT --TIMEOUT --profile --no-wait --skip-resource-validation --allow-unavailable --skip-resilience-check --help)
        ;;
        "weka cluster container deactivation-check")
            complete_words=();
            complete_arguments=(container-ids);
            complete_repeatable_flags=();
            complete_long_flags=(--color --HOST --PORT --CONNECT-TIMEOUT --TIMEOUT --profile --help --json)
        ;;
        "weka cluster container dedicate")
            complete_words=();
            complete_arguments=(container-id on);
            complete_repeatable_flags=();
            complete_long_flags=(--color --HOST --PORT --CONNECT-TIMEOUT --TIMEOUT --profile --help)
        ;;
        "weka cluster container factory-reset")
            complete_words=();
            complete_arguments=(guid container-names-or-ips);
            complete_repeatable_flags=();
            complete_long_flags=(--color --HOST --PORT --CONNECT-TIMEOUT --TIMEOUT --profile --force --help --json --raw-units --UTC)
        ;;
        "weka cluster container failure-domain")
            complete_words=();
            complete_arguments=(container-id);
            complete_repeatable_flags=();
            complete_long_flags=(--name --color --HOST --PORT --CONNECT-TIMEOUT --TIMEOUT --profile --auto --help)
        ;;
        "weka cluster container info-hw")
            complete_words=();
            complete_arguments=(hostnames);
            complete_repeatable_flags=(--info-type);
            complete_long_flags=(--color --HOST --PORT --CONNECT-TIMEOUT --TIMEOUT --profile --info-type --help --json --raw-units --UTC)
        ;;
        "weka cluster container join-secret")
            complete_words=();
            complete_arguments=(container-id secret);
            complete_repeatable_flags=();
            complete_long_flags=(--color --HOST --PORT --CONNECT-TIMEOUT --TIMEOUT --profile --help)
        ;;
        "weka cluster container join-token")
            complete_words=();
            complete_arguments=(container-id token);
            complete_repeatable_flags=();
            complete_long_flags=(--color --HOST --PORT --CONNECT-TIMEOUT --TIMEOUT --profile --help)
        ;;
        "weka cluster container management-ips")
            complete_words=();
            complete_arguments=(container-id management-ips);
            complete_repeatable_flags=();
            complete_long_flags=(--color --HOST --PORT --CONNECT-TIMEOUT --TIMEOUT --profile --help)
        ;;
        "weka cluster container memory")
            complete_words=();
            complete_arguments=(container-id memory);
            complete_repeatable_flags=();
            complete_long_flags=(--color --HOST --PORT --CONNECT-TIMEOUT --TIMEOUT --profile --help)
        ;;
        "weka cluster container net")
            complete_words=(add remove);
            complete_arguments=(container-ids);
            complete_repeatable_flags=(--output --sort --filter --filter-color);
            complete_long_flags=(--color --HOST --PORT --CONNECT-TIMEOUT --TIMEOUT --profile --format --output --sort --filter --filter-color --help --raw-units --UTC --no-header --verbose)
        ;;
        "weka cluster container net add")
            complete_words=();
            complete_arguments=(container-id device);
            complete_repeatable_flags=(--ips);
            complete_long_flags=(--ips-type --gateway --netmask --name --label --color --HOST --PORT --CONNECT-TIMEOUT --TIMEOUT --profile --ips --help --json --raw-units --UTC)
        ;;
        "weka cluster container net remove")
            complete_words=();
            complete_arguments=(container-id name);
            complete_repeatable_flags=();
            complete_long_flags=(--color --HOST --PORT --CONNECT-TIMEOUT --TIMEOUT --profile --help)
        ;;
        "weka cluster container purge-old-secrets")
            complete_words=();
            complete_arguments=(container-id);
            complete_repeatable_flags=();
            complete_long_flags=(--color --HOST --PORT --CONNECT-TIMEOUT --TIMEOUT --profile --help)
        ;;
        "weka cluster container remove")
            complete_words=();
            complete_arguments=(container-id);
            complete_repeatable_flags=();
            complete_long_flags=(--color --HOST --PORT --CONNECT-TIMEOUT --TIMEOUT --profile --no-wait --no-unimprint --help)
        ;;
        "weka cluster container requested-action")
            complete_words=();
            complete_arguments=(requested_action container-ids);
            complete_repeatable_flags=();
            complete_long_flags=(--color --HOST --PORT --CONNECT-TIMEOUT --TIMEOUT --profile --help)
        ;;
        "weka cluster container resources")
            complete_words=();
            complete_arguments=(container-id);
            complete_repeatable_flags=();
            complete_long_flags=(--color --HOST --PORT --CONNECT-TIMEOUT --TIMEOUT --profile --stable --help --json --raw-units --UTC)
        ;;
        "weka cluster container restore")
            complete_words=();
            complete_arguments=(container-ids);
            complete_repeatable_flags=();
            complete_long_flags=(--color --HOST --PORT --CONNECT-TIMEOUT --TIMEOUT --profile --all --help)
        ;;
        "weka cluster add")
            complete_words=();
            complete_arguments=(host-hostnames);
            complete_repeatable_flags=(--host-ips --host-fqdn);
            complete_long_flags=(--admin-password --join-secret --color --HOST --PORT --CONNECT-TIMEOUT --TIMEOUT --profile --host-ips --host-fqdn --overwrite_resource_ips --help --json)
        ;;
        "weka cluster default-net")
            complete_words=(reset set update);
            complete_arguments=();
            complete_repeatable_flags=();
            complete_long_flags=(--color --HOST --PORT --CONNECT-TIMEOUT --TIMEOUT --profile --help --json --raw-units --UTC)
        ;;
        "weka cluster default-net reset")
            complete_words=();
            complete_arguments=();
            complete_repeatable_flags=();
            complete_long_flags=(--color --HOST --PORT --CONNECT-TIMEOUT --TIMEOUT --profile --help)
        ;;
        "weka cluster default-net set")
            complete_words=();
            complete_arguments=();
            complete_repeatable_flags=();
            complete_long_flags=(--range --gateway --netmask-bits --color --HOST --PORT --CONNECT-TIMEOUT --TIMEOUT --profile --help)
        ;;
        "weka cluster default-net update")
            complete_words=();
            complete_arguments=();
            complete_repeatable_flags=();
            complete_long_flags=(--range --gateway --netmask-bits --color --HOST --PORT --CONNECT-TIMEOUT --TIMEOUT --profile --help)
        ;;
        "weka cluster drive")
            complete_words=(activate add deactivate remove scan);
            complete_arguments=(uuids);
            complete_repeatable_flags=(--container --output --sort --filter --filter-color);
            complete_long_flags=(--color --HOST --PORT --CONNECT-TIMEOUT --TIMEOUT --profile --format --container --output --sort --filter --filter-color --show-removed --help --raw-units --UTC --no-header --verbose)
        ;;
        "weka cluster drive activate")
            complete_words=();
            complete_arguments=(uuids);
            complete_repeatable_flags=();
            complete_long_flags=(--color --HOST --PORT --CONNECT-TIMEOUT --TIMEOUT --profile --help --raw-units --UTC)
        ;;
        "weka cluster drive add")
            complete_words=();
            complete_arguments=(container-id device-paths);
            complete_repeatable_flags=(--output --sort --filter --filter-color);
            complete_long_flags=(--color --HOST --PORT --CONNECT-TIMEOUT --TIMEOUT --profile --format --output --sort --filter --filter-color --force --allow-format-non-wekafs-drives --help --raw-units --UTC --no-header --verbose)
        ;;
        "weka cluster drive deactivate")
            complete_words=();
            complete_arguments=(uuids);
            complete_repeatable_flags=();
            complete_long_flags=(--color --HOST --PORT --CONNECT-TIMEOUT --TIMEOUT --profile --skip-resource-validation --hard --force --help)
        ;;
        "weka cluster drive remove")
            complete_words=();
            complete_arguments=(uuids);
            complete_repeatable_flags=();
            complete_long_flags=(--color --HOST --PORT --CONNECT-TIMEOUT --TIMEOUT --profile --force --help)
        ;;
        "weka cluster drive scan")
            complete_words=();
            complete_arguments=(container-ids);
            complete_repeatable_flags=();
            complete_long_flags=(--color --HOST --PORT --CONNECT-TIMEOUT --TIMEOUT --profile --help --raw-units --UTC)
        ;;
        "weka cluster expand-process-limit")
            complete_words=(enable show);
            complete_arguments=();
            complete_repeatable_flags=();
            complete_long_flags=(--color --help)
        ;;
        "weka cluster expand-process-limit enable")
            complete_words=();
            complete_arguments=();
            complete_repeatable_flags=();
            complete_long_flags=(--color --HOST --PORT --CONNECT-TIMEOUT --TIMEOUT --profile --help)
        ;;
        "weka cluster expand-process-limit show")
            complete_words=();
            complete_arguments=();
            complete_repeatable_flags=();
            complete_long_flags=(--color --HOST --PORT --CONNECT-TIMEOUT --TIMEOUT --profile --help)
        ;;
        "weka cluster failure-domain")
            complete_words=();
            complete_arguments=();
            complete_repeatable_flags=(--output --sort --filter --filter-color);
            complete_long_flags=(--color --HOST --PORT --CONNECT-TIMEOUT --TIMEOUT --profile --format --output --sort --filter --filter-color --show-removed --help --raw-units --UTC --no-header --verbose)
        ;;
        "weka cluster hot-spare")
            complete_words=();
            complete_arguments=(count);
            complete_repeatable_flags=();
            complete_long_flags=(--color --HOST --PORT --CONNECT-TIMEOUT --TIMEOUT --profile --skip-resource-validation --help --json --raw-units --UTC)
        ;;
        "weka cluster join-token")
            complete_words=();
            complete_arguments=();
            complete_repeatable_flags=();
            complete_long_flags=(--color --help)
        ;;
        "weka cluster join-token generate")
            complete_words=();
            complete_arguments=();
            complete_repeatable_flags=(--ips);
            complete_long_flags=(--access-token-timeout --color --HOST --PORT --CONNECT-TIMEOUT --TIMEOUT --profile --ips --json --help)
        ;;
        "weka cluster license")
            complete_words=(reset set);
            complete_arguments=();
            complete_repeatable_flags=();
            complete_long_flags=(--color --HOST --PORT --CONNECT-TIMEOUT --TIMEOUT --profile --help --json --raw-units --UTC)
        ;;
        "weka cluster license payg")
            complete_words=();
            complete_arguments=(plan-id secret-key);
            complete_repeatable_flags=();
            complete_long_flags=(--color --HOST --PORT --CONNECT-TIMEOUT --TIMEOUT --profile --help)
        ;;
        "weka cluster license reset")
            complete_words=();
            complete_arguments=();
            complete_repeatable_flags=();
            complete_long_flags=(--color --HOST --PORT --CONNECT-TIMEOUT --TIMEOUT --profile --help)
        ;;
        "weka cluster license set")
            complete_words=();
            complete_arguments=(license);
            complete_repeatable_flags=();
            complete_long_flags=(--color --HOST --PORT --CONNECT-TIMEOUT --TIMEOUT --profile --help)
        ;;
        "weka cluster mount-defaults")
            complete_words=(reset set show);
            complete_arguments=();
            complete_repeatable_flags=();
            complete_long_flags=(--color --help)
        ;;
        "weka cluster mount-defaults reset")
            complete_words=();
            complete_arguments=();
            complete_repeatable_flags=();
            complete_long_flags=(--color --HOST --PORT --CONNECT-TIMEOUT --TIMEOUT --profile --qos-max-throughput --qos-preferred-throughput --qos-max-ops --help)
        ;;
        "weka cluster mount-defaults set")
            complete_words=();
            complete_arguments=();
            complete_repeatable_flags=();
            complete_long_flags=(--qos-max-throughput --qos-preferred-throughput --qos-max-ops --color --HOST --PORT --CONNECT-TIMEOUT --TIMEOUT --profile --help)
        ;;
        "weka cluster mount-defaults show")
            complete_words=();
            complete_arguments=();
            complete_repeatable_flags=();
            complete_long_flags=(--color --HOST --PORT --CONNECT-TIMEOUT --TIMEOUT --profile --json --help)
        ;;
        "weka cluster process")
            complete_words=();
            complete_arguments=(process-ids);
            complete_repeatable_flags=(--container --role --output --sort --filter --filter-color);
            complete_long_flags=(--color --HOST --PORT --CONNECT-TIMEOUT --TIMEOUT --profile --format --container --role --output --sort --filter --filter-color --local --backends --clients --leadership --leader --help --raw-units --UTC --no-header --verbose)
        ;;
        "weka cluster servers")
            complete_words=(list show);
            complete_arguments=();
            complete_repeatable_flags=();
            complete_long_flags=(--color --help)
        ;;
        "weka cluster servers list")
            complete_words=();
            complete_arguments=();
            complete_repeatable_flags=(--role --output --sort --filter --filter-color);
            complete_long_flags=(--color --HOST --PORT --CONNECT-TIMEOUT --TIMEOUT --profile --format --role --output --sort --filter --filter-color --help --raw-units --UTC --no-header --verbose)
        ;;
        "weka cluster servers show")
            complete_words=();
            complete_arguments=(uid);
            complete_repeatable_flags=();
            complete_long_flags=(--color --HOST --PORT --CONNECT-TIMEOUT --TIMEOUT --profile --json --help)
        ;;
        "weka cluster start-io")
            complete_words=();
            complete_arguments=();
            complete_repeatable_flags=();
            complete_long_flags=(--color --HOST --PORT --CONNECT-TIMEOUT --TIMEOUT --profile --help --json)
        ;;
        "weka cluster status")
            complete_words=();
            complete_arguments=();
            complete_repeatable_flags=();
            complete_long_flags=(--color --HOST --PORT --CONNECT-TIMEOUT --TIMEOUT --profile --detailed-capacity --help --json --raw-units --UTC)
        ;;
        "weka cluster stop-io")
            complete_words=();
            complete_arguments=();
            complete_repeatable_flags=();
            complete_long_flags=(--color --HOST --PORT --CONNECT-TIMEOUT --TIMEOUT --profile --brutal-no-flush --keep-external-containers --force --help --json)
        ;;
        "weka cluster task")
            complete_words=(abort bucket limits pause resume throttle);
            complete_arguments=();
            complete_repeatable_flags=(--output --sort --filter --filter-color);
            complete_long_flags=(--color --HOST --PORT --CONNECT-TIMEOUT --TIMEOUT --profile --format --output --sort --filter --filter-color --show-waiting --help --raw-units --UTC --no-header --verbose)
        ;;
        "weka cluster task abort")
            complete_words=();
            complete_arguments=(task-id);
            complete_repeatable_flags=();
            complete_long_flags=(--color --HOST --PORT --CONNECT-TIMEOUT --TIMEOUT --profile --help)
        ;;
        "weka cluster task bucket")
            complete_words=();
            complete_arguments=();
            complete_repeatable_flags=(--task --bucket --output --sort --filter --filter-color);
            complete_long_flags=(--color --HOST --PORT --CONNECT-TIMEOUT --TIMEOUT --profile --format --task --bucket --output --sort --filter --filter-color --help --raw-units --UTC --no-header --verbose)
        ;;
        "weka cluster task limits")
            complete_words=(set);
            complete_arguments=();
            complete_repeatable_flags=();
            complete_long_flags=(--color --HOST --PORT --CONNECT-TIMEOUT --TIMEOUT --profile --help --json)
        ;;
        "weka cluster task limits set")
            complete_words=();
            complete_arguments=();
            complete_repeatable_flags=();
            complete_long_flags=(--cpu-limit --color --HOST --PORT --CONNECT-TIMEOUT --TIMEOUT --profile --help)
        ;;
        "weka cluster task limits throttle")
            complete_words=();
            complete_arguments=(task-type);
            complete_repeatable_flags=();
            complete_long_flags=(--throttle --color --HOST --PORT --CONNECT-TIMEOUT --TIMEOUT --profile --help)
        ;;
        "weka cluster task pause")
            complete_words=();
            complete_arguments=(task-id);
            complete_repeatable_flags=();
            complete_long_flags=(--color --HOST --PORT --CONNECT-TIMEOUT --TIMEOUT --profile --help)
        ;;
        "weka cluster task resume")
            complete_words=();
            complete_arguments=(task-id);
            complete_repeatable_flags=();
            complete_long_flags=(--color --HOST --PORT --CONNECT-TIMEOUT --TIMEOUT --profile --help)
        ;;
        "weka cluster task throttle")
            complete_words=();
            complete_arguments=(task-id);
            complete_repeatable_flags=();
            complete_long_flags=(--throttle --color --HOST --PORT --CONNECT-TIMEOUT --TIMEOUT --profile --help)
        ;;
        "weka cluster update")
            complete_words=();
            complete_arguments=();
            complete_repeatable_flags=();
            complete_long_flags=(--cluster-name --data-drives --parity-drives --scrubber-bytes-per-sec --bucket-raft-size --color --HOST --PORT --CONNECT-TIMEOUT --TIMEOUT --profile --help)
        ;;
        "weka dataservice")
            complete_words=(global-config);
            complete_arguments=();
            complete_repeatable_flags=();
            complete_long_flags=(--color --help)
        ;;
        "weka dataservice global-config")
            complete_words=(set show);
            complete_arguments=();
            complete_repeatable_flags=();
            complete_long_flags=(--color --help)
        ;;
        "weka dataservice global-config set")
            complete_words=();
            complete_arguments=();
            complete_repeatable_flags=();
            complete_long_flags=(--config-fs --color --HOST --PORT --CONNECT-TIMEOUT --TIMEOUT --profile --help)
        ;;
        "weka dataservice global-config show")
            complete_words=();
            complete_arguments=();
            complete_repeatable_flags=();
            complete_long_flags=(--color --HOST --PORT --CONNECT-TIMEOUT --TIMEOUT --profile --help --json)
        ;;
        "weka debug")
            complete_words=(buckets callhome config dataserv denylist drive flock fs jrpc manhole net override pdsh performance process revision s3 smb task traces upgrade viewer);
            complete_arguments=();
            complete_repeatable_flags=();
            complete_long_flags=(--color --help)
        ;;
        "weka debug denylist")
            complete_words=(add list remove);
            complete_arguments=();
            complete_repeatable_flags=();
            complete_long_flags=(--color --help)
        ;;
        "weka debug denylist add")
            complete_words=();
            complete_arguments=();
            complete_repeatable_flags=(--process --container);
            complete_long_flags=(--comment --color --HOST --PORT --CONNECT-TIMEOUT --TIMEOUT --profile --process --container --all-clients --help --force)
        ;;
        "weka debug denylist list")
            complete_words=();
            complete_arguments=(process-ids);
            complete_repeatable_flags=(--output --sort --filter --filter-color);
            complete_long_flags=(--color --HOST --PORT --CONNECT-TIMEOUT --TIMEOUT --profile --format --output --sort --filter --filter-color --help --raw-units --UTC --no-header --verbose)
        ;;
        "weka debug denylist remove")
            complete_words=();
            complete_arguments=();
            complete_repeatable_flags=(--process --container);
            complete_long_flags=(--color --HOST --PORT --CONNECT-TIMEOUT --TIMEOUT --profile --process --container --all --all-clients --help)
        ;;
        "weka debug buckets")
            complete_words=(dist restart set-electable-mode);
            complete_arguments=();
            complete_repeatable_flags=();
            complete_long_flags=(--color --help)
        ;;
        "weka debug buckets dist")
            complete_words=(wait-for-balance);
            complete_arguments=(process-ids);
            complete_repeatable_flags=(--bucket --output --sort --filter --filter-color);
            complete_long_flags=(--color --HOST --PORT --CONNECT-TIMEOUT --TIMEOUT --profile --format --bucket --output --sort --filter --filter-color --help --raw-units --UTC --no-header --verbose)
        ;;
        "weka debug buckets dist wait-for-balance")
            complete_words=();
            complete_arguments=();
            complete_repeatable_flags=();
            complete_long_flags=(--poll-interval --color --HOST --PORT --CONNECT-TIMEOUT --TIMEOUT --profile --help)
        ;;
        "weka debug buckets restart")
            complete_words=();
            complete_arguments=();
            complete_repeatable_flags=(--bucket --node --host --ignore-event);
            complete_long_flags=(--batch-size --sleep --poll-interval --color --HOST --PORT --CONNECT-TIMEOUT --TIMEOUT --profile --bucket --node --host --ignore-event --all --yes --ungraceful --skip-wait-up --wait-for-balance --monitor-events --verbose --help)
        ;;
        "weka debug buckets set-electable-mode")
            complete_words=();
            complete_arguments=();
            complete_repeatable_flags=(--bucket);
            complete_long_flags=(--color --HOST --PORT --CONNECT-TIMEOUT --TIMEOUT --profile --bucket --source --non-source --all --help --json)
        ;;
        "weka debug callhome")
            complete_words=();
            complete_arguments=();
            complete_repeatable_flags=();
            complete_long_flags=(--enable --color --HOST --PORT --CONNECT-TIMEOUT --TIMEOUT --profile --help --json)
        ;;
        "weka debug config")
            complete_words=(attach dump list-overrides override show);
            complete_arguments=();
            complete_repeatable_flags=();
            complete_long_flags=(--color --help)
        ;;
        "weka debug config attach")
            complete_words=();
            complete_arguments=(key assignment);
            complete_repeatable_flags=();
            complete_long_flags=(--color --HOST --PORT --CONNECT-TIMEOUT --TIMEOUT --profile --help --json)
        ;;
        "weka debug config dump")
            complete_words=();
            complete_arguments=();
            complete_repeatable_flags=();
            complete_long_flags=(--container --color --no-secrets --help --json)
        ;;
        "weka debug config list-overrides")
            complete_words=();
            complete_arguments=();
            complete_repeatable_flags=();
            complete_long_flags=(--color --HOST --PORT --CONNECT-TIMEOUT --TIMEOUT --profile --no-redirect --help --json)
        ;;
        "weka debug config override")
            complete_words=(add disable enable list remove update);
            complete_arguments=(key value);
            complete_repeatable_flags=();
            complete_long_flags=(--color --HOST --PORT --CONNECT-TIMEOUT --TIMEOUT --profile --help --json)
        ;;
        "weka debug config override add")
            complete_words=();
            complete_arguments=();
            complete_repeatable_flags=();
            complete_long_flags=(--key --value --comment --color --HOST --PORT --CONNECT-TIMEOUT --TIMEOUT --profile --disabled --help --json)
        ;;
        "weka debug config override disable")
            complete_words=();
            complete_arguments=(override-ids);
            complete_repeatable_flags=();
            complete_long_flags=(--color --HOST --PORT --CONNECT-TIMEOUT --TIMEOUT --profile --help --json)
        ;;
        "weka debug config override enable")
            complete_words=();
            complete_arguments=(override-ids);
            complete_repeatable_flags=();
            complete_long_flags=(--color --HOST --PORT --CONNECT-TIMEOUT --TIMEOUT --profile --help --json)
        ;;
        "weka debug config override list")
            complete_words=();
            complete_arguments=();
            complete_repeatable_flags=(--output --sort --filter --filter-color);
            complete_long_flags=(--color --HOST --PORT --CONNECT-TIMEOUT --TIMEOUT --profile --format --output --sort --filter --filter-color --help --raw-units --UTC --no-header --verbose)
        ;;
        "weka debug config override remove")
            complete_words=();
            complete_arguments=();
            complete_repeatable_flags=(--id);
            complete_long_flags=(--key --color --HOST --PORT --CONNECT-TIMEOUT --TIMEOUT --profile --id --all --help --json)
        ;;
        "weka debug config override update")
            complete_words=();
            complete_arguments=(id);
            complete_repeatable_flags=();
            complete_long_flags=(--value --comment --enabled --color --HOST --PORT --CONNECT-TIMEOUT --TIMEOUT --profile --help --json)
        ;;
        "weka debug config show")
            complete_words=();
            complete_arguments=(key);
            complete_repeatable_flags=();
            complete_long_flags=(--color --HOST --PORT --CONNECT-TIMEOUT --TIMEOUT --profile --no-redirect --help --json)
        ;;
        "weka debug dataserv")
            complete_words=(shards);
            complete_arguments=();
            complete_repeatable_flags=();
            complete_long_flags=(--color --help)
        ;;
        "weka debug dataserv shards")
            complete_words=();
            complete_arguments=(shard-ids);
            complete_repeatable_flags=(--output --sort --filter --filter-color);
            complete_long_flags=(--color --HOST --PORT --CONNECT-TIMEOUT --TIMEOUT --profile --format --output --sort --filter --filter-color --help --no-header --verbose)
        ;;
        "weka debug drive")
            complete_words=(info writable);
            complete_arguments=();
            complete_repeatable_flags=();
            complete_long_flags=(--color --help)
        ;;
        "weka debug drive info")
            complete_words=(error ocp-smart raw smart);
            complete_arguments=();
            complete_repeatable_flags=();
            complete_long_flags=(--color --help)
        ;;
        "weka debug drive info error")
            complete_words=();
            complete_arguments=();
            complete_repeatable_flags=(--disk);
            complete_long_flags=(--color --HOST --PORT --CONNECT-TIMEOUT --TIMEOUT --profile --disk --all --help --json)
        ;;
        "weka debug drive info ocp-smart")
            complete_words=();
            complete_arguments=();
            complete_repeatable_flags=(--disk);
            complete_long_flags=(--color --HOST --PORT --CONNECT-TIMEOUT --TIMEOUT --profile --disk --all --help --json)
        ;;
        "weka debug drive info raw")
            complete_words=();
            complete_arguments=();
            complete_repeatable_flags=(--disk);
            complete_long_flags=(--log-page --offset --size --color --HOST --PORT --CONNECT-TIMEOUT --TIMEOUT --profile --disk --all --help --json)
        ;;
        "weka debug drive info smart")
            complete_words=();
            complete_arguments=();
            complete_repeatable_flags=(--disk);
            complete_long_flags=(--color --HOST --PORT --CONNECT-TIMEOUT --TIMEOUT --profile --disk --all --help --json)
        ;;
        "weka debug drive writable")
            complete_words=(off on);
            complete_arguments=();
            complete_repeatable_flags=();
            complete_long_flags=(--color --help)
        ;;
        "weka debug drive writable off")
            complete_words=();
            complete_arguments=();
            complete_repeatable_flags=(--disk --container);
            complete_long_flags=(--color --HOST --PORT --CONNECT-TIMEOUT --TIMEOUT --profile --disk --container --force --help)
        ;;
        "weka debug drive writable on")
            complete_words=();
            complete_arguments=();
            complete_repeatable_flags=(--disk --container);
            complete_long_flags=(--color --HOST --PORT --CONNECT-TIMEOUT --TIMEOUT --profile --disk --container --all --help)
        ;;
        "weka debug flock")
            complete_words=(list);
            complete_arguments=();
            complete_repeatable_flags=();
            complete_long_flags=(--color --help)
        ;;
        "weka debug flock list")
            complete_words=();
            complete_arguments=(inode-id);
            complete_repeatable_flags=(--output --sort --filter --filter-color);
            complete_long_flags=(--snap-view-id --color --HOST --PORT --CONNECT-TIMEOUT --TIMEOUT --profile --format --output --sort --filter --filter-color --help --no-header --verbose)
        ;;
        "weka debug fs")
            complete_words=(drop-dirty-cache fix-backpointers integrity-check lsof old-ios recompress resolve-inode);
            complete_arguments=();
            complete_repeatable_flags=();
            complete_long_flags=(--color --help)
        ;;
        "weka debug fs drop-dirty-cache")
            complete_words=();
            complete_arguments=(inode-id);
            complete_repeatable_flags=();
            complete_long_flags=(--snap-view-id --color --HOST --PORT --CONNECT-TIMEOUT --TIMEOUT --profile --help --json)
        ;;
        "weka debug fs fix-backpointers")
            complete_words=();
            complete_arguments=(path);
            complete_repeatable_flags=();
            complete_long_flags=(--color --HOST --PORT --CONNECT-TIMEOUT --TIMEOUT --profile --help --raw-units --UTC)
        ;;
        "weka debug fs integrity-check")
            complete_words=(periodic-scan start);
            complete_arguments=();
            complete_repeatable_flags=();
            complete_long_flags=(--color --help)
        ;;
        "weka debug fs integrity-check periodic-scan")
            complete_words=(update);
            complete_arguments=();
            complete_repeatable_flags=();
            complete_long_flags=(--color --HOST --PORT --CONNECT-TIMEOUT --TIMEOUT --profile --help --json)
        ;;
        "weka debug fs integrity-check periodic-scan update")
            complete_words=();
            complete_arguments=();
            complete_repeatable_flags=();
            complete_long_flags=(--enabled --period --min-duration --throttle --color --HOST --PORT --CONNECT-TIMEOUT --TIMEOUT --profile --help)
        ;;
        "weka debug fs integrity-check start")
            complete_words=();
            complete_arguments=(parameter=value);
            complete_repeatable_flags=();
            complete_long_flags=(--color --HOST --PORT --CONNECT-TIMEOUT --TIMEOUT --profile --help --json)
        ;;
        "weka debug fs lsof")
            complete_words=();
            complete_arguments=(inode-id);
            complete_repeatable_flags=(--output --sort --filter --filter-color);
            complete_long_flags=(--snap-view-id --color --HOST --PORT --CONNECT-TIMEOUT --TIMEOUT --profile --format --output --sort --filter --filter-color --help --no-header --verbose)
        ;;
        "weka debug fs old-ios")
            complete_words=();
            complete_arguments=();
            complete_repeatable_flags=(--role --output --sort --filter --filter-color);
            complete_long_flags=(--count --HOST --PORT --CONNECT-TIMEOUT --TIMEOUT --profile --color --format --role --output --sort --filter --filter-color --backtrace --backtrace-raw --help --no-header --verbose)
        ;;
        "weka debug fs recompress")
            complete_words=();
            complete_arguments=(name);
            complete_repeatable_flags=();
            complete_long_flags=(--color --HOST --PORT --CONNECT-TIMEOUT --TIMEOUT --profile --help --json)
        ;;
        "weka debug fs resolve-inode")
            complete_words=();
            complete_arguments=(inode-id);
            complete_repeatable_flags=();
            complete_long_flags=(--snap-view-id --filesystem --color --HOST --PORT --CONNECT-TIMEOUT --TIMEOUT --profile --all --force --no-dedup --help --json)
        ;;
        "weka debug jrpc")
            complete_words=();
            complete_arguments=(command parameter=value);
            complete_repeatable_flags=();
            complete_long_flags=(--container --process --color --HOST --PORT --CONNECT-TIMEOUT --TIMEOUT --profile --no-arrays --help --json)
        ;;
        "weka debug manhole")
            complete_words=();
            complete_arguments=(manhole parameter=value);
            complete_repeatable_flags=();
            complete_long_flags=(--node --host --slot --bucketId --bucket --drive --color --HOST --PORT --CONNECT-TIMEOUT --TIMEOUT --profile --leader --no-arrays --help --json)
        ;;
        "weka debug net")
            complete_words=(links peers ports);
            complete_arguments=();
            complete_repeatable_flags=();
            complete_long_flags=(--color --help)
        ;;
        "weka debug net links")
            complete_words=();
            complete_arguments=(process-ids);
            complete_repeatable_flags=(--output --sort --filter --filter-color);
            complete_long_flags=(--HOST --PORT --CONNECT-TIMEOUT --TIMEOUT --profile --color --format --output --sort --filter --filter-color --help --no-header --verbose)
        ;;
        "weka debug net peers")
            complete_words=();
            complete_arguments=(node-id);
            complete_repeatable_flags=(--output --sort --filter --filter-color);
            complete_long_flags=(--color --HOST --PORT --CONNECT-TIMEOUT --TIMEOUT --profile --format --output --sort --filter --filter-color --help --raw-units --UTC --no-header --verbose)
        ;;
        "weka debug net ports")
            complete_words=();
            complete_arguments=(node-id);
            complete_repeatable_flags=(--output --sort --filter --filter-color);
            complete_long_flags=(--color --HOST --PORT --CONNECT-TIMEOUT --TIMEOUT --profile --format --output --sort --filter --filter-color --help --raw-units --UTC --no-header --verbose)
        ;;
        "weka debug process")
            complete_words=(restart);
            complete_arguments=();
            complete_repeatable_flags=();
            complete_long_flags=(--color --help)
        ;;
        "weka debug process restart")
            complete_words=();
            complete_arguments=();
            complete_repeatable_flags=(--node --ignore-event);
            complete_long_flags=(--all-role --batch-size --sleep --poll-interval --color --HOST --PORT --CONNECT-TIMEOUT --TIMEOUT --profile --node --ignore-event --yes --force-drives --skip-wait-up --wait-for-balance --monitor-events --verbose --help)
        ;;
        "weka debug override")
            complete_words=(add disable enable list list-keys remove update);
            complete_arguments=();
            complete_repeatable_flags=();
            complete_long_flags=(--color --help)
        ;;
        "weka debug override add")
            complete_words=();
            complete_arguments=();
            complete_repeatable_flags=();
            complete_long_flags=(--key --value --bucket --comment --color --HOST --PORT --CONNECT-TIMEOUT --TIMEOUT --profile --disabled --force --help --json)
        ;;
        "weka debug override disable")
            complete_words=();
            complete_arguments=(override-ids);
            complete_repeatable_flags=();
            complete_long_flags=(--color --HOST --PORT --CONNECT-TIMEOUT --TIMEOUT --profile --help --json)
        ;;
        "weka debug override enable")
            complete_words=();
            complete_arguments=(override-ids);
            complete_repeatable_flags=();
            complete_long_flags=(--color --HOST --PORT --CONNECT-TIMEOUT --TIMEOUT --profile --force --help --json)
        ;;
        "weka debug override list")
            complete_words=();
            complete_arguments=();
            complete_repeatable_flags=(--output --sort --filter --filter-color);
            complete_long_flags=(--color --HOST --PORT --CONNECT-TIMEOUT --TIMEOUT --profile --format --output --sort --filter --filter-color --help --raw-units --UTC --no-header --verbose)
        ;;
        "weka debug override list-keys")
            complete_words=();
            complete_arguments=();
            complete_repeatable_flags=(--output --sort --filter --filter-color);
            complete_long_flags=(--color --HOST --PORT --CONNECT-TIMEOUT --TIMEOUT --profile --format --output --sort --filter --filter-color --help --no-header --verbose)
        ;;
        "weka debug override remove")
            complete_words=();
            complete_arguments=();
            complete_repeatable_flags=(--id);
            complete_long_flags=(--key --value --bucket --color --HOST --PORT --CONNECT-TIMEOUT --TIMEOUT --profile --id --negate-bucket --all --help --json)
        ;;
        "weka debug override update")
            complete_words=();
            complete_arguments=(id);
            complete_repeatable_flags=();
            complete_long_flags=(--key --value --bucket --comment --enabled --color --HOST --PORT --CONNECT-TIMEOUT --TIMEOUT --profile --delete-value --force --help --json)
        ;;
        "weka debug pdsh")
            complete_words=();
            complete_arguments=(command);
            complete_repeatable_flags=(--hosts --exclude-hosts --ssh-opts);
            complete_long_flags=(--identity-file --fanout --container --config --color --hosts --exclude-hosts --ssh-opts --forward-status --drives --computes --frontends --dry-run --print-hosts --by-ips --format-output --help)
        ;;
        "weka debug performance")
            complete_words=(stats);
            complete_arguments=();
            complete_repeatable_flags=();
            complete_long_flags=(--color --help)
        ;;
        "weka debug performance stats")
            complete_words=();
            complete_arguments=();
            complete_repeatable_flags=(--clients);
            complete_long_flags=(--start-time --color --clients --verbose --alerts-only --help)
        ;;
        "weka debug revision")
            complete_words=();
            complete_arguments=();
            complete_repeatable_flags=();
            complete_long_flags=(--container --color --help)
        ;;
        "weka debug s3")
            complete_words=();
            complete_arguments=();
            complete_repeatable_flags=();
            complete_long_flags=(--color --help)
        ;;
        "weka debug s3 integrity-check")
            complete_words=();
            complete_arguments=();
            complete_repeatable_flags=();
            complete_long_flags=(--color --help)
        ;;
        "weka debug s3 integrity-check start")
            complete_words=();
            complete_arguments=(host fs-name verified-log mismatched-log);
            complete_repeatable_flags=();
            complete_long_flags=(--bucket --id --max-id --color --HOST --PORT --CONNECT-TIMEOUT --TIMEOUT --profile --help --json)
        ;;
        "weka debug s3 integrity-check status")
            complete_words=();
            complete_arguments=(host);
            complete_repeatable_flags=();
            complete_long_flags=(--color --HOST --PORT --CONNECT-TIMEOUT --TIMEOUT --profile --help --json)
        ;;
        "weka debug s3 integrity-check stop")
            complete_words=();
            complete_arguments=(host);
            complete_repeatable_flags=();
            complete_long_flags=(--color --HOST --PORT --CONNECT-TIMEOUT --TIMEOUT --profile --help --json)
        ;;
        "weka debug smb")
            complete_words=(ad set-conf-extra set-max-cluster-size share-status user);
            complete_arguments=();
            complete_repeatable_flags=();
            complete_long_flags=(--color --help)
        ;;
        "weka debug smb ad")
            complete_words=();
            complete_arguments=();
            complete_repeatable_flags=();
            complete_long_flags=(--color --HOST --PORT --CONNECT-TIMEOUT --TIMEOUT --profile --help --json)
        ;;
        "weka debug smb set-conf-extra")
            complete_words=();
            complete_arguments=();
            complete_repeatable_flags=();
            complete_long_flags=(--conf-extra --HOST --PORT --CONNECT-TIMEOUT --TIMEOUT --profile --color --help --json)
        ;;
        "weka debug smb set-max-cluster-size")
            complete_words=();
            complete_arguments=(max-cluster-size);
            complete_repeatable_flags=();
            complete_long_flags=(--HOST --PORT --CONNECT-TIMEOUT --TIMEOUT --profile --color --help --json)
        ;;
        "weka debug smb share-status")
            complete_words=();
            complete_arguments=(name);
            complete_repeatable_flags=();
            complete_long_flags=(--color --HOST --PORT --CONNECT-TIMEOUT --TIMEOUT --profile --help --json)
        ;;
        "weka debug smb user")
            complete_words=();
            complete_arguments=(user password);
            complete_repeatable_flags=();
            complete_long_flags=(--color --HOST --PORT --CONNECT-TIMEOUT --TIMEOUT --profile --help --json)
        ;;
        "weka debug task")
            complete_words=(old-progress status);
            complete_arguments=();
            complete_repeatable_flags=();
            complete_long_flags=(--color --help)
        ;;
        "weka debug task drop")
            complete_words=();
            complete_arguments=();
            complete_repeatable_flags=(--bucket);
            complete_long_flags=(--task-id --color --HOST --PORT --CONNECT-TIMEOUT --TIMEOUT --profile --bucket --help --raw-units --UTC --force)
        ;;
        "weka debug task old-progress")
            complete_words=();
            complete_arguments=(task-id);
            complete_repeatable_flags=();
            complete_long_flags=(--wait-for-bucket-readiness --color --HOST --PORT --CONNECT-TIMEOUT --TIMEOUT --profile --backtrace --backtrace-raw --help --raw-units --UTC --json)
        ;;
        "weka debug task status")
            complete_words=();
            complete_arguments=();
            complete_repeatable_flags=(--bucket --output --sort --filter --filter-color);
            complete_long_flags=(--task-id --color --HOST --PORT --CONNECT-TIMEOUT --TIMEOUT --profile --format --bucket --output --sort --filter --filter-color --backtrace --backtrace-raw --help --raw-units --UTC --no-header --verbose)
        ;;
        "weka debug traces")
            complete_words=(dumper-iops freeze level remote-endpoint retention start status stop);
            complete_arguments=();
            complete_repeatable_flags=();
            complete_long_flags=(--color --help)
        ;;
        "weka debug traces dumper-iops")
            complete_words=(list reset set);
            complete_arguments=();
            complete_repeatable_flags=();
            complete_long_flags=(--color --help)
        ;;
        "weka debug traces dumper-iops list")
            complete_words=();
            complete_arguments=();
            complete_repeatable_flags=(--output --sort --filter --filter-color);
            complete_long_flags=(--color --HOST --PORT --CONNECT-TIMEOUT --TIMEOUT --profile --format --output --sort --filter --filter-color --help --no-header --verbose)
        ;;
        "weka debug traces dumper-iops reset")
            complete_words=();
            complete_arguments=();
            complete_repeatable_flags=(--container --process);
            complete_long_flags=(--color --HOST --PORT --CONNECT-TIMEOUT --TIMEOUT --profile --container --process --all --help --json)
        ;;
        "weka debug traces dumper-iops set")
            complete_words=();
            complete_arguments=(iops-value);
            complete_repeatable_flags=(--container --process);
            complete_long_flags=(--color --HOST --PORT --CONNECT-TIMEOUT --TIMEOUT --profile --container --process --help --json)
        ;;
        "weka debug traces freeze")
            complete_words=(events reset set show);
            complete_arguments=();
            complete_repeatable_flags=();
            complete_long_flags=(--color --help)
        ;;
        "weka debug traces freeze events")
            complete_words=(add list rearm remove);
            complete_arguments=();
            complete_repeatable_flags=();
            complete_long_flags=(--color --help)
        ;;
        "weka debug traces freeze events add")
            complete_words=();
            complete_arguments=(event-type);
            complete_repeatable_flags=();
            complete_long_flags=(--freeze-before --freeze-after --freeze-retention --comment --color --HOST --PORT --CONNECT-TIMEOUT --TIMEOUT --profile --backend-only --help --json --raw-units --UTC)
        ;;
        "weka debug traces freeze events list")
            complete_words=();
            complete_arguments=();
            complete_repeatable_flags=(--output --sort --filter --filter-color);
            complete_long_flags=(--color --HOST --PORT --CONNECT-TIMEOUT --TIMEOUT --profile --format --output --sort --filter --filter-color --help --raw-units --UTC --no-header --verbose)
        ;;
        "weka debug traces freeze events rearm")
            complete_words=();
            complete_arguments=(id);
            complete_repeatable_flags=();
            complete_long_flags=(--color --HOST --PORT --CONNECT-TIMEOUT --TIMEOUT --profile --help --raw-units --UTC)
        ;;
        "weka debug traces freeze events remove")
            complete_words=();
            complete_arguments=(id);
            complete_repeatable_flags=();
            complete_long_flags=(--color --HOST --PORT --CONNECT-TIMEOUT --TIMEOUT --profile --help --raw-units --UTC)
        ;;
        "weka debug traces freeze reset")
            complete_words=();
            complete_arguments=();
            complete_repeatable_flags=();
            complete_long_flags=(--color --HOST --PORT --CONNECT-TIMEOUT --TIMEOUT --profile --help --json)
        ;;
        "weka debug traces freeze set")
            complete_words=();
            complete_arguments=();
            complete_repeatable_flags=();
            complete_long_flags=(--start-time --end-time --retention --comment --color --HOST --PORT --CONNECT-TIMEOUT --TIMEOUT --profile --override --help --json --raw-units --UTC)
        ;;
        "weka debug traces freeze show")
            complete_words=();
            complete_arguments=();
            complete_repeatable_flags=();
            complete_long_flags=(--color --HOST --PORT --CONNECT-TIMEOUT --TIMEOUT --profile --help --json --raw-units --UTC)
        ;;
        "weka debug traces level")
            complete_words=(list set);
            complete_arguments=();
            complete_repeatable_flags=();
            complete_long_flags=(--color --help)
        ;;
        "weka debug traces level list")
            complete_words=();
            complete_arguments=();
            complete_repeatable_flags=(--output --sort --filter --filter-color);
            complete_long_flags=(--color --HOST --PORT --CONNECT-TIMEOUT --TIMEOUT --profile --format --output --sort --filter --filter-color --help --no-header --verbose)
        ;;
        "weka debug traces level set")
            complete_words=();
            complete_arguments=(level);
            complete_repeatable_flags=(--container --process);
            complete_long_flags=(--color --HOST --PORT --CONNECT-TIMEOUT --TIMEOUT --profile --container --process --all --help --json)
        ;;
        "weka debug traces remote-endpoint")
            complete_words=(disable enable status);
            complete_arguments=();
            complete_repeatable_flags=();
            complete_long_flags=(--color --help)
        ;;
        "weka debug traces remote-endpoint disable")
            complete_words=();
            complete_arguments=();
            complete_repeatable_flags=();
            complete_long_flags=(--color --HOST --PORT --CONNECT-TIMEOUT --TIMEOUT --profile --help)
        ;;
        "weka debug traces remote-endpoint enable")
            complete_words=();
            complete_arguments=(trace-streamer-addr trace-streamer-port);
            complete_repeatable_flags=();
            complete_long_flags=(--color --HOST --PORT --CONNECT-TIMEOUT --TIMEOUT --profile --enable-client --help --json)
        ;;
        "weka debug traces remote-endpoint status")
            complete_words=();
            complete_arguments=();
            complete_repeatable_flags=();
            complete_long_flags=(--color --HOST --PORT --CONNECT-TIMEOUT --TIMEOUT --profile --help --json)
        ;;
        "weka debug traces retention")
            complete_words=(restore-default set);
            complete_arguments=();
            complete_repeatable_flags=();
            complete_long_flags=(--color --help)
        ;;
        "weka debug traces retention restore-default")
            complete_words=();
            complete_arguments=();
            complete_repeatable_flags=();
            complete_long_flags=(--color --HOST --PORT --CONNECT-TIMEOUT --TIMEOUT --profile --help --json)
        ;;
        "weka debug traces retention set")
            complete_words=();
            complete_arguments=();
            complete_repeatable_flags=();
            complete_long_flags=(--server-max --client-max --server-ensure-free --client-ensure-free --color --HOST --PORT --CONNECT-TIMEOUT --TIMEOUT --profile --help --json)
        ;;
        "weka debug traces start")
            complete_words=();
            complete_arguments=();
            complete_repeatable_flags=();
            complete_long_flags=(--color --HOST --PORT --CONNECT-TIMEOUT --TIMEOUT --profile --help --json)
        ;;
        "weka debug traces status")
            complete_words=();
            complete_arguments=();
            complete_repeatable_flags=();
            complete_long_flags=(--color --HOST --PORT --CONNECT-TIMEOUT --TIMEOUT --profile --help --json)
        ;;
        "weka debug traces stop")
            complete_words=();
            complete_arguments=();
            complete_repeatable_flags=();
            complete_long_flags=(--color --HOST --PORT --CONNECT-TIMEOUT --TIMEOUT --profile --help --json)
        ;;
        "weka debug upgrade")
            complete_words=(accepted-versions minimal-backend-version version-signature);
            complete_arguments=();
            complete_repeatable_flags=();
            complete_long_flags=(--color --help)
        ;;
        "weka debug upgrade accepted-versions")
            complete_words=(list refresh set);
            complete_arguments=();
            complete_repeatable_flags=();
            complete_long_flags=(--color --help)
        ;;
        "weka debug upgrade accepted-versions list")
            complete_words=();
            complete_arguments=();
            complete_repeatable_flags=();
            complete_long_flags=(--color --HOST --PORT --CONNECT-TIMEOUT --TIMEOUT --profile --help --json)
        ;;
        "weka debug upgrade accepted-versions refresh")
            complete_words=();
            complete_arguments=();
            complete_repeatable_flags=();
            complete_long_flags=(--color --HOST --PORT --CONNECT-TIMEOUT --TIMEOUT --profile --help --json)
        ;;
        "weka debug upgrade accepted-versions reset")
            complete_words=();
            complete_arguments=();
            complete_repeatable_flags=();
            complete_long_flags=(--color --HOST --PORT --CONNECT-TIMEOUT --TIMEOUT --profile --help --json)
        ;;
        "weka debug upgrade accepted-versions set")
            complete_words=();
            complete_arguments=(accepted-versions);
            complete_repeatable_flags=();
            complete_long_flags=(--color --HOST --PORT --CONNECT-TIMEOUT --TIMEOUT --profile --help --json)
        ;;
        "weka debug upgrade minimal-backend-version")
            complete_words=();
            complete_arguments=();
            complete_repeatable_flags=();
            complete_long_flags=(--color --HOST --PORT --CONNECT-TIMEOUT --TIMEOUT --profile --help --json)
        ;;
        "weka debug upgrade version-signature")
            complete_words=();
            complete_arguments=(release_string);
            complete_repeatable_flags=();
            complete_long_flags=(--color --HOST --PORT --CONNECT-TIMEOUT --TIMEOUT --profile --help --json)
        ;;
        "weka debug viewer")
            complete_words=();
            complete_arguments=();
            complete_repeatable_flags=(--environment);
            complete_long_flags=(--color --environment --help)
        ;;
        "weka diags")
            complete_words=(collect list rm upload);
            complete_arguments=();
            complete_repeatable_flags=();
            complete_long_flags=(--color --help)
        ;;
        "weka diags collect")
            complete_words=();
            complete_arguments=();
            complete_repeatable_flags=(--container-id);
            complete_long_flags=(--id --timeout --output-dir --core-limit --HOST --PORT --CONNECT-TIMEOUT --TIMEOUT --profile --color --container-id --clients --backends --tar --verbose --help --raw-units --UTC --json)
        ;;
        "weka diags list")
            complete_words=();
            complete_arguments=(id);
            complete_repeatable_flags=();
            complete_long_flags=(--color --verbose --help)
        ;;
        "weka diags rm")
            complete_words=();
            complete_arguments=(id);
            complete_repeatable_flags=();
            complete_long_flags=(--HOST --PORT --CONNECT-TIMEOUT --TIMEOUT --profile --color --all --help)
        ;;
        "weka diags upload")
            complete_words=();
            complete_arguments=();
            complete_repeatable_flags=(--container-id);
            complete_long_flags=(--timeout --core-limit --dump-id --HOST --PORT --CONNECT-TIMEOUT --TIMEOUT --profile --color --container-id --clients --backends --tar --help --json)
        ;;
        "weka driver")
            complete_words=(build download export import install kernel pack ready sign);
            complete_arguments=();
            complete_repeatable_flags=();
            complete_long_flags=(--color --help)
        ;;
        "weka driver build")
            complete_words=();
            complete_arguments=();
            complete_repeatable_flags=();
            complete_long_flags=(--color --version --help)
        ;;
        "weka driver download")
            complete_words=();
            complete_arguments=();
            complete_repeatable_flags=(--from);
            complete_long_flags=(--color --version --kernel-signature --from --help)
        ;;
        "weka driver export")
            complete_words=();
            complete_arguments=(path);
            complete_repeatable_flags=();
            complete_long_flags=(--color --version --kernel-signature --help)
        ;;
        "weka driver import")
            complete_words=();
            complete_arguments=(path);
            complete_repeatable_flags=();
            complete_long_flags=(--color --overwrite --help)
        ;;
        "weka driver install")
            complete_words=();
            complete_arguments=();
            complete_repeatable_flags=();
            complete_long_flags=(--color --version --help)
        ;;
        "weka driver kernel")
            complete_words=();
            complete_arguments=();
            complete_repeatable_flags=();
            complete_long_flags=(--color --help --json)
        ;;
        "weka driver pack")
            complete_words=();
            complete_arguments=();
            complete_repeatable_flags=();
            complete_long_flags=(--color --version --kernel-signature --help)
        ;;
        "weka driver publish")
            complete_words=();
            complete_arguments=();
            complete_repeatable_flags=();
            complete_long_flags=(--color --HOST --PORT --CONNECT-TIMEOUT --TIMEOUT --profile --version --kernel-signature --help)
        ;;
        "weka driver ready")
            complete_words=();
            complete_arguments=();
            complete_repeatable_flags=();
            complete_long_flags=(--color --version --help --json --quiet)
        ;;
        "weka driver sign")
            complete_words=();
            complete_arguments=(key cert passwd);
            complete_repeatable_flags=();
            complete_long_flags=(--hash --color --version --kernel-signature --pack --help)
        ;;
        "weka events")
            complete_words=(list-local list-types trigger-event);
            complete_arguments=();
            complete_repeatable_flags=(--type-list --exclude-type-list --category-list --output);
            complete_long_flags=(--num-results --start-time --end-time --severity --direction --color --HOST --PORT --CONNECT-TIMEOUT --TIMEOUT --profile --format --type-list --exclude-type-list --category-list --output --show-internal --cloud-time --help --raw-units --UTC --no-header --verbose)
        ;;
        "weka events list-local")
            complete_words=();
            complete_arguments=();
            complete_repeatable_flags=(--output --sort --filter --filter-color);
            complete_long_flags=(--start-time --end-time --next --color --HOST --PORT --CONNECT-TIMEOUT --TIMEOUT --profile --format --output --sort --filter --filter-color --stem-mode --show-internal --help --raw-units --UTC --no-header --verbose)
        ;;
        "weka events list-types")
            complete_words=();
            complete_arguments=();
            complete_repeatable_flags=(--category --type --output --sort --filter --filter-color);
            complete_long_flags=(--color --HOST --PORT --CONNECT-TIMEOUT --TIMEOUT --profile --format --category --type --output --sort --filter --filter-color --show-internal --help --no-header --verbose)
        ;;
        "weka events trigger-event")
            complete_words=();
            complete_arguments=(message);
            complete_repeatable_flags=();
            complete_long_flags=(--color --HOST --PORT --CONNECT-TIMEOUT --TIMEOUT --profile --help)
        ;;
        "weka fs")
            complete_words=(add download group kms-rewrap protection quota remove reserve restore security snapshot tier update);
            complete_arguments=();
            complete_repeatable_flags=(--output --sort --filter --filter-color);
            complete_long_flags=(--name --color --HOST --PORT --CONNECT-TIMEOUT --TIMEOUT --profile --format --output --sort --filter --filter-color --capacities --force-fresh --help --raw-units --UTC --no-header --verbose)
        ;;
        "weka fs add")
            complete_words=();
            complete_arguments=(name group-name total-capacity);
            complete_repeatable_flags=();
            complete_long_flags=(--obs-name --ssd-capacity --thin-provision-min-ssd --thin-provision-max-ssd --kms-key-identifier --kms-namespace --kms-role-id --kms-secret-id --auth-required --color --HOST --PORT --CONNECT-TIMEOUT --TIMEOUT --profile --encrypted --allow-no-kms --data-reduction --help --json --raw-units --UTC)
        ;;
        "weka fs remove")
            complete_words=();
            complete_arguments=(name);
            complete_repeatable_flags=();
            complete_long_flags=(--color --HOST --PORT --CONNECT-TIMEOUT --TIMEOUT --profile --purge-from-obs --force --help)
        ;;
        "weka fs download")
            complete_words=();
            complete_arguments=(name group-name total-capacity ssd-capacity obs-bucket locator);
            complete_repeatable_flags=();
            complete_long_flags=(--auth-required --additional-obs-bucket --snapshot-name --access-point --kms-key-identifier --kms-namespace --kms-role-id --kms-secret-id --color --HOST --PORT --CONNECT-TIMEOUT --TIMEOUT --profile --skip-resource-validation --help --json --raw-units --UTC)
        ;;
        "weka fs group")
            complete_words=(add remove update);
            complete_arguments=();
            complete_repeatable_flags=(--output --sort --filter --filter-color);
            complete_long_flags=(--color --HOST --PORT --CONNECT-TIMEOUT --TIMEOUT --profile --format --output --sort --filter --filter-color --help --raw-units --UTC --no-header --verbose)
        ;;
        "weka fs group add")
            complete_words=();
            complete_arguments=(name);
            complete_repeatable_flags=();
            complete_long_flags=(--target-ssd-retention --start-demote --color --HOST --PORT --CONNECT-TIMEOUT --TIMEOUT --profile --help --json --raw-units --UTC)
        ;;
        "weka fs group remove")
            complete_words=();
            complete_arguments=(name);
            complete_repeatable_flags=();
            complete_long_flags=(--color --HOST --PORT --CONNECT-TIMEOUT --TIMEOUT --profile --help)
        ;;
        "weka fs group update")
            complete_words=();
            complete_arguments=(name);
            complete_repeatable_flags=();
            complete_long_flags=(--new-name --target-ssd-retention --start-demote --color --HOST --PORT --CONNECT-TIMEOUT --TIMEOUT --profile --help)
        ;;
        "weka fs kms-rewrap")
            complete_words=();
            complete_arguments=(name);
            complete_repeatable_flags=();
            complete_long_flags=(--color --HOST --PORT --CONNECT-TIMEOUT --TIMEOUT --profile --help --json)
        ;;
        "weka fs protection")
            complete_words=(snapshot-policy);
            complete_arguments=();
            complete_repeatable_flags=();
            complete_long_flags=(--color --help)
        ;;
        "weka fs protection snapshot-policy")
            complete_words=(add attach detach duplicate export list remove run-once show update);
            complete_arguments=();
            complete_repeatable_flags=();
            complete_long_flags=(--color --help)
        ;;
        "weka fs protection snapshot-policy attach")
            complete_words=();
            complete_arguments=(name filesystems);
            complete_repeatable_flags=();
            complete_long_flags=(--color --HOST --PORT --CONNECT-TIMEOUT --TIMEOUT --profile --help --raw-units --UTC)
        ;;
        "weka fs protection snapshot-policy add")
            complete_words=();
            complete_arguments=(name path);
            complete_repeatable_flags=();
            complete_long_flags=(--description --enabled --color --HOST --PORT --CONNECT-TIMEOUT --TIMEOUT --profile --help --json --raw-units --UTC)
        ;;
        "weka fs protection snapshot-policy remove")
            complete_words=();
            complete_arguments=(name);
            complete_repeatable_flags=();
            complete_long_flags=(--color --HOST --PORT --CONNECT-TIMEOUT --TIMEOUT --profile --force --help)
        ;;
        "weka fs protection snapshot-policy detach")
            complete_words=();
            complete_arguments=(name filesystems);
            complete_repeatable_flags=();
            complete_long_flags=(--color --HOST --PORT --CONNECT-TIMEOUT --TIMEOUT --profile --remove-waiting-tasks --help --raw-units --UTC --force)
        ;;
        "weka fs protection snapshot-policy duplicate")
            complete_words=();
            complete_arguments=(policyName name);
            complete_repeatable_flags=();
            complete_long_flags=(--description --include-attached-filesystems --color --HOST --PORT --CONNECT-TIMEOUT --TIMEOUT --profile --help --json)
        ;;
        "weka fs protection snapshot-policy export")
            complete_words=();
            complete_arguments=(name path);
            complete_repeatable_flags=();
            complete_long_flags=(--color --HOST --PORT --CONNECT-TIMEOUT --TIMEOUT --profile --help)
        ;;
        "weka fs protection snapshot-policy list")
            complete_words=();
            complete_arguments=();
            complete_repeatable_flags=(--output --sort --filter --filter-color);
            complete_long_flags=(--color --HOST --PORT --CONNECT-TIMEOUT --TIMEOUT --profile --format --output --sort --filter --filter-color --help --raw-units --UTC --no-header --verbose)
        ;;
        "weka fs protection snapshot-policy run-once")
            complete_words=();
            complete_arguments=(name schedule-type);
            complete_repeatable_flags=();
            complete_long_flags=(--color --HOST --PORT --CONNECT-TIMEOUT --TIMEOUT --profile --help --json)
        ;;
        "weka fs protection snapshot-policy show")
            complete_words=();
            complete_arguments=(name);
            complete_repeatable_flags=();
            complete_long_flags=(--color --HOST --PORT --CONNECT-TIMEOUT --TIMEOUT --profile --help --raw-units --UTC --json)
        ;;
        "weka fs protection snapshot-policy update")
            complete_words=();
            complete_arguments=(name);
            complete_repeatable_flags=();
            complete_long_flags=(--new-name --description --path --enabled --color --HOST --PORT --CONNECT-TIMEOUT --TIMEOUT --profile --help)
        ;;
        "weka fs quota")
            complete_words=(list list-default reset set set-default unset-default);
            complete_arguments=();
            complete_repeatable_flags=();
            complete_long_flags=(--color --help)
        ;;
        "weka fs quota list")
            complete_words=();
            complete_arguments=(filesystem);
            complete_repeatable_flags=(--output --sort --filter --filter-color);
            complete_long_flags=(--snap-name --path --under --over --color --HOST --PORT --CONNECT-TIMEOUT --TIMEOUT --profile --format --output --sort --filter --filter-color --all --quick --help --raw-units --UTC --no-header --verbose)
        ;;
        "weka fs quota list-default")
            complete_words=();
            complete_arguments=(filesystem);
            complete_repeatable_flags=(--output --sort --filter --filter-color);
            complete_long_flags=(--snap-name --path --color --HOST --PORT --CONNECT-TIMEOUT --TIMEOUT --profile --format --output --sort --filter --filter-color --help --raw-units --UTC --no-header --verbose)
        ;;
        "weka fs quota set")
            complete_words=();
            complete_arguments=(path);
            complete_repeatable_flags=();
            complete_long_flags=(--soft --hard --grace --owner --filesystem --snap-name --color --HOST --PORT --CONNECT-TIMEOUT --TIMEOUT --profile --help --json)
        ;;
        "weka fs quota set-default")
            complete_words=();
            complete_arguments=(path);
            complete_repeatable_flags=();
            complete_long_flags=(--soft --hard --grace --owner --color --HOST --PORT --CONNECT-TIMEOUT --TIMEOUT --profile --help)
        ;;
        "weka fs quota reset")
            complete_words=();
            complete_arguments=(path);
            complete_repeatable_flags=();
            complete_long_flags=(--generation --filesystem --snap-name --color --HOST --PORT --CONNECT-TIMEOUT --TIMEOUT --profile --help --json)
        ;;
        "weka fs quota unset-default")
            complete_words=();
            complete_arguments=(path);
            complete_repeatable_flags=();
            complete_long_flags=(--color --HOST --PORT --CONNECT-TIMEOUT --TIMEOUT --profile --help)
        ;;
        "weka fs reserve")
            complete_words=(reset set status);
            complete_arguments=();
            complete_repeatable_flags=();
            complete_long_flags=(--color --help)
        ;;
        "weka fs reserve set")
            complete_words=();
            complete_arguments=(ssd-capacity);
            complete_repeatable_flags=();
            complete_long_flags=(--org --color --HOST --PORT --CONNECT-TIMEOUT --TIMEOUT --profile --help --json --raw-units --UTC)
        ;;
        "weka fs reserve status")
            complete_words=();
            complete_arguments=();
            complete_repeatable_flags=(--output --sort --filter --filter-color);
            complete_long_flags=(--color --HOST --PORT --CONNECT-TIMEOUT --TIMEOUT --profile --format --output --sort --filter --filter-color --help --raw-units --UTC --no-header --verbose)
        ;;
        "weka fs reserve reset")
            complete_words=();
            complete_arguments=();
            complete_repeatable_flags=();
            complete_long_flags=(--org --color --HOST --PORT --CONNECT-TIMEOUT --TIMEOUT --profile --help --json --raw-units --UTC)
        ;;
        "weka fs restore")
            complete_words=();
            complete_arguments=(filesystem source-name);
            complete_repeatable_flags=();
            complete_long_flags=(--preserved-overwritten-snapshot-name --preserved-overwritten-snapshot-access-point --color --HOST --PORT --CONNECT-TIMEOUT --TIMEOUT --profile --force --help --json)
        ;;
        "weka fs security")
            complete_words=(policy);
            complete_arguments=();
            complete_repeatable_flags=();
            complete_long_flags=(--color --help)
        ;;
        "weka fs security policy")
            complete_words=(attach detach list reset set);
            complete_arguments=();
            complete_repeatable_flags=();
            complete_long_flags=(--color --help)
        ;;
        "weka fs security policy attach")
            complete_words=();
            complete_arguments=(filesystem policies);
            complete_repeatable_flags=();
            complete_long_flags=(--color --HOST --PORT --CONNECT-TIMEOUT --TIMEOUT --profile --help --json)
        ;;
        "weka fs security policy detach")
            complete_words=();
            complete_arguments=(filesystem policies);
            complete_repeatable_flags=();
            complete_long_flags=(--color --HOST --PORT --CONNECT-TIMEOUT --TIMEOUT --profile --help --json)
        ;;
        "weka fs security policy list")
            complete_words=();
            complete_arguments=(filesystem);
            complete_repeatable_flags=(--output --sort --filter --filter-color);
            complete_long_flags=(--color --HOST --PORT --CONNECT-TIMEOUT --TIMEOUT --profile --format --output --sort --filter --filter-color --help --raw-units --UTC --no-header --verbose)
        ;;
        "weka fs security policy reset")
            complete_words=();
            complete_arguments=(filesystem);
            complete_repeatable_flags=();
            complete_long_flags=(--color --HOST --PORT --CONNECT-TIMEOUT --TIMEOUT --profile --help --json)
        ;;
        "weka fs security policy set")
            complete_words=();
            complete_arguments=(filesystem policies);
            complete_repeatable_flags=();
            complete_long_flags=(--color --HOST --PORT --CONNECT-TIMEOUT --TIMEOUT --profile --help --json)
        ;;
        "weka fs snapshot")
            complete_words=(access-point-naming-convention add copy download remove update upload);
            complete_arguments=();
            complete_repeatable_flags=(--output --sort --filter --filter-color);
            complete_long_flags=(--filesystem --name --color --HOST --PORT --CONNECT-TIMEOUT --TIMEOUT --profile --format --output --sort --filter --filter-color --help --raw-units --UTC --no-header --verbose)
        ;;
        "weka fs snapshot access-point-naming-convention")
            complete_words=(status update);
            complete_arguments=();
            complete_repeatable_flags=();
            complete_long_flags=(--color --help)
        ;;
        "weka fs snapshot access-point-naming-convention status")
            complete_words=();
            complete_arguments=();
            complete_repeatable_flags=();
            complete_long_flags=(--color --HOST --PORT --CONNECT-TIMEOUT --TIMEOUT --profile --help --json --raw-units --UTC)
        ;;
        "weka fs snapshot access-point-naming-convention update")
            complete_words=();
            complete_arguments=(access-point-naming-convention);
            complete_repeatable_flags=();
            complete_long_flags=(--color --HOST --PORT --CONNECT-TIMEOUT --TIMEOUT --profile --help)
        ;;
        "weka fs snapshot copy")
            complete_words=();
            complete_arguments=(filesystem source-name destination-name);
            complete_repeatable_flags=();
            complete_long_flags=(--preserved-overwritten-snapshot-name --preserved-overwritten-snapshot-access-point --color --HOST --PORT --CONNECT-TIMEOUT --TIMEOUT --profile --help --json --raw-units --UTC)
        ;;
        "weka fs snapshot add")
            complete_words=();
            complete_arguments=(filesystem name);
            complete_repeatable_flags=(--output --sort --filter --filter-color);
            complete_long_flags=(--access-point --source-snapshot --color --HOST --PORT --CONNECT-TIMEOUT --TIMEOUT --profile --format --output --sort --filter --filter-color --is-writable --help --raw-units --UTC --no-header --verbose)
        ;;
        "weka fs snapshot remove")
            complete_words=();
            complete_arguments=(filesystem name);
            complete_repeatable_flags=();
            complete_long_flags=(--color --HOST --PORT --CONNECT-TIMEOUT --TIMEOUT --profile --force --help)
        ;;
        "weka fs snapshot download")
            complete_words=();
            complete_arguments=(filesystem locator);
            complete_repeatable_flags=();
            complete_long_flags=(--name --access-point --color --HOST --PORT --CONNECT-TIMEOUT --TIMEOUT --profile --allow-non-chronological --allow-divergence --help --json --raw-units --UTC)
        ;;
        "weka fs snapshot update")
            complete_words=();
            complete_arguments=(filesystem name);
            complete_repeatable_flags=();
            complete_long_flags=(--new-name --access-point --color --HOST --PORT --CONNECT-TIMEOUT --TIMEOUT --profile --help --json --raw-units --UTC)
        ;;
        "weka fs snapshot upload")
            complete_words=();
            complete_arguments=(filesystem snapshot);
            complete_repeatable_flags=();
            complete_long_flags=(--site --color --HOST --PORT --CONNECT-TIMEOUT --TIMEOUT --profile --allow-non-chronological --help --json --raw-units --UTC)
        ;;
        "weka fs tier")
            complete_words=(capacity fetch location obs ops release s3);
            complete_arguments=();
            complete_repeatable_flags=(--output --sort --filter --filter-color);
            complete_long_flags=(--color --HOST --PORT --CONNECT-TIMEOUT --TIMEOUT --profile --format --output --sort --filter --filter-color --help --raw-units --UTC --no-header --verbose)
        ;;
        "weka fs tier capacity")
            complete_words=();
            complete_arguments=();
            complete_repeatable_flags=(--output --sort --filter --filter-color);
            complete_long_flags=(--filesystem --color --HOST --PORT --CONNECT-TIMEOUT --TIMEOUT --profile --format --output --sort --filter --filter-color --force-fresh --help --raw-units --UTC --no-header --verbose)
        ;;
        "weka fs tier fetch")
            complete_words=();
            complete_arguments=(path);
            complete_repeatable_flags=();
            complete_long_flags=(--non-existing --color --HOST --PORT --CONNECT-TIMEOUT --TIMEOUT --profile --verbose --help --raw-units --UTC)
        ;;
        "weka fs tier location")
            complete_words=();
            complete_arguments=(path paths);
            complete_repeatable_flags=(--output --sort --filter --filter-color);
            complete_long_flags=(--color --HOST --PORT --CONNECT-TIMEOUT --TIMEOUT --profile --format --output --sort --filter --filter-color --help --raw-units --UTC --no-header --verbose)
        ;;
        "weka fs tier obs")
            complete_words=(update);
            complete_arguments=();
            complete_repeatable_flags=(--output --sort --filter --filter-color);
            complete_long_flags=(--name --color --HOST --PORT --CONNECT-TIMEOUT --TIMEOUT --profile --format --output --sort --filter --filter-color --help --raw-units --UTC --no-header --verbose)
        ;;
        "weka fs tier obs add")
            complete_words=();
            complete_arguments=(name);
            complete_repeatable_flags=();
            complete_long_flags=(--site --obs-type --hostname --port --protocol --auth-method --region --access-key-id --secret-key --bandwidth --download-bandwidth --upload-bandwidth --remove-bandwidth --max-concurrent-downloads --max-concurrent-uploads --max-concurrent-removals --max-extents-in-data-blob --max-data-blob-size --upload-memory-limit --enable-upload-tags --sts-operation-type --sts-role-arn --sts-role-session-name --sts-session-duration --color --HOST --PORT --CONNECT-TIMEOUT --TIMEOUT --profile --help --json --raw-units --UTC)
        ;;
        "weka fs tier obs remove")
            complete_words=();
            complete_arguments=(name);
            complete_repeatable_flags=();
            complete_long_flags=(--color --HOST --PORT --CONNECT-TIMEOUT --TIMEOUT --profile --help)
        ;;
        "weka fs tier obs update")
            complete_words=();
            complete_arguments=(name);
            complete_repeatable_flags=();
            complete_long_flags=(--new-name --hostname --port --protocol --auth-method --region --access-key-id --secret-key --bandwidth --download-bandwidth --upload-bandwidth --remove-bandwidth --max-concurrent-downloads --max-concurrent-uploads --max-concurrent-removals --max-extents-in-data-blob --max-data-blob-size --upload-memory-limit --enable-upload-tags --sts-operation-type --sts-role-arn --sts-role-session-name --sts-session-duration --color --HOST --PORT --CONNECT-TIMEOUT --TIMEOUT --profile --help --raw-units --UTC)
        ;;
        "weka fs tier ops")
            complete_words=();
            complete_arguments=(name);
            complete_repeatable_flags=(--output --sort --filter --filter-color);
            complete_long_flags=(--color --HOST --PORT --CONNECT-TIMEOUT --TIMEOUT --profile --format --output --sort --filter --filter-color --help --raw-units --UTC --no-header --verbose)
        ;;
        "weka fs tier release")
            complete_words=();
            complete_arguments=(path);
            complete_repeatable_flags=();
            complete_long_flags=(--non-existing --color --HOST --PORT --CONNECT-TIMEOUT --TIMEOUT --profile --verbose --help --raw-units --UTC)
        ;;
        "weka fs tier s3")
            complete_words=(add attach detach remove snapshot update);
            complete_arguments=();
            complete_repeatable_flags=(--output --sort --filter --filter-color);
            complete_long_flags=(--obs-name --name --color --HOST --PORT --CONNECT-TIMEOUT --TIMEOUT --profile --format --output --sort --filter --filter-color --help --raw-units --UTC --no-header --verbose)
        ;;
        "weka fs tier s3 add")
            complete_words=();
            complete_arguments=(name);
            complete_repeatable_flags=();
            complete_long_flags=(--site --obs-name --hostname --port --bucket --auth-method --region --access-key-id --secret-key --protocol --obs-type --bandwidth --download-bandwidth --upload-bandwidth --remove-bandwidth --errors-timeout --prefetch-mib --max-concurrent-downloads --max-concurrent-uploads --max-concurrent-removals --max-extents-in-data-blob --max-data-blob-size --enable-upload-tags --data-storage-class --metadata-storage-class --sts-operation-type --sts-role-arn --sts-role-session-name --sts-session-duration --gcp-auth-token-file --color --HOST --PORT --CONNECT-TIMEOUT --TIMEOUT --profile --dry-run --skip-verification --verbose-errors --help --json --raw-units --UTC)
        ;;
        "weka fs tier s3 attach")
            complete_words=();
            complete_arguments=(filesystem obs-name);
            complete_repeatable_flags=();
            complete_long_flags=(--mode --color --HOST --PORT --CONNECT-TIMEOUT --TIMEOUT --profile --help --raw-units --UTC)
        ;;
        "weka fs tier s3 remove")
            complete_words=();
            complete_arguments=(name);
            complete_repeatable_flags=();
            complete_long_flags=(--color --HOST --PORT --CONNECT-TIMEOUT --TIMEOUT --profile --help)
        ;;
        "weka fs tier s3 detach")
            complete_words=();
            complete_arguments=(filesystem obs-name);
            complete_repeatable_flags=();
            complete_long_flags=(--color --HOST --PORT --CONNECT-TIMEOUT --TIMEOUT --profile --help --force)
        ;;
        "weka fs tier s3 snapshot")
            complete_words=(list);
            complete_arguments=();
            complete_repeatable_flags=();
            complete_long_flags=(--color --help)
        ;;
        "weka fs tier s3 snapshot layers")
            complete_words=();
            complete_arguments=(name locator);
            complete_repeatable_flags=(--output --sort --filter --filter-color);
            complete_long_flags=(--color --HOST --PORT --CONNECT-TIMEOUT --TIMEOUT --profile --format --output --sort --filter --filter-color --help --raw-units --UTC --no-header --verbose)
        ;;
        "weka fs tier s3 snapshot list")
            complete_words=();
            complete_arguments=(name);
            complete_repeatable_flags=(--output --sort --filter --filter-color);
            complete_long_flags=(--locator --color --HOST --PORT --CONNECT-TIMEOUT --TIMEOUT --profile --format --output --sort --filter --filter-color --help --raw-units --UTC --no-header --verbose)
        ;;
        "weka fs tier s3 update")
            complete_words=();
            complete_arguments=(name);
            complete_repeatable_flags=(--output --sort --filter --filter-color);
            complete_long_flags=(--new-name --new-obs-name --hostname --port --protocol --bucket --auth-method --region --access-key-id --secret-key --bandwidth --download-bandwidth --upload-bandwidth --remove-bandwidth --prefetch-mib --errors-timeout --max-concurrent-downloads --max-concurrent-uploads --max-concurrent-removals --max-extents-in-data-blob --max-data-blob-size --enable-upload-tags --data-storage-class --metadata-storage-class --sts-operation-type --sts-role-arn --sts-role-session-name --sts-session-duration --gcp-auth-token-file --color --HOST --PORT --CONNECT-TIMEOUT --TIMEOUT --profile --format --output --sort --filter --filter-color --dry-run --skip-verification --verbose-errors --help --raw-units --UTC --no-header --verbose)
        ;;
        "weka fs update")
            complete_words=();
            complete_arguments=(name);
            complete_repeatable_flags=();
            complete_long_flags=(--new-name --total-capacity --ssd-capacity --thin-provision-min-ssd --thin-provision-max-ssd --data-reduction --auth-required --kms-key-identifier --kms-namespace --kms-role-id --kms-secret-id --color --HOST --PORT --CONNECT-TIMEOUT --TIMEOUT --profile --use-cluster-kms-key-identifier --help)
        ;;
        "weka interface-group")
            complete_words=(add assignment ip-range port remove update);
            complete_arguments=();
            complete_repeatable_flags=(--output --sort --filter --filter-color);
            complete_long_flags=(--name --color --HOST --PORT --CONNECT-TIMEOUT --TIMEOUT --profile --format --output --sort --filter --filter-color --help --no-header --verbose)
        ;;
        "weka interface-group add")
            complete_words=();
            complete_arguments=(name type);
            complete_repeatable_flags=(--output --sort --filter --filter-color);
            complete_long_flags=(--subnet --gateway --allow-manage-gids --color --HOST --PORT --CONNECT-TIMEOUT --TIMEOUT --profile --format --output --sort --filter --filter-color --help --no-header --verbose)
        ;;
        "weka interface-group assignment")
            complete_words=();
            complete_arguments=();
            complete_repeatable_flags=(--output --sort --filter --filter-color);
            complete_long_flags=(--name --color --HOST --PORT --CONNECT-TIMEOUT --TIMEOUT --profile --format --output --sort --filter --filter-color --help --no-header --verbose)
        ;;
        "weka interface-group remove")
            complete_words=();
            complete_arguments=(name);
            complete_repeatable_flags=();
            complete_long_flags=(--color --HOST --PORT --CONNECT-TIMEOUT --TIMEOUT --profile --force --help)
        ;;
        "weka interface-group ip-range")
            complete_words=(add remove);
            complete_arguments=();
            complete_repeatable_flags=();
            complete_long_flags=(--color --help)
        ;;
        "weka interface-group ip-range add")
            complete_words=();
            complete_arguments=(name ips);
            complete_repeatable_flags=();
            complete_long_flags=(--color --HOST --PORT --CONNECT-TIMEOUT --TIMEOUT --profile --help)
        ;;
        "weka interface-group ip-range remove")
            complete_words=();
            complete_arguments=(name ips);
            complete_repeatable_flags=();
            complete_long_flags=(--color --HOST --PORT --CONNECT-TIMEOUT --TIMEOUT --profile --force --help)
        ;;
        "weka interface-group port")
            complete_words=(add remove);
            complete_arguments=();
            complete_repeatable_flags=();
            complete_long_flags=(--color --help)
        ;;
        "weka interface-group port add")
            complete_words=();
            complete_arguments=(name server-id port);
            complete_repeatable_flags=();
            complete_long_flags=(--color --HOST --PORT --CONNECT-TIMEOUT --TIMEOUT --profile --help)
        ;;
        "weka interface-group port remove")
            complete_words=();
            complete_arguments=(name server-id port);
            complete_repeatable_flags=();
            complete_long_flags=(--color --HOST --PORT --CONNECT-TIMEOUT --TIMEOUT --profile --force --help)
        ;;
        "weka interface-group update")
            complete_words=();
            complete_arguments=(name);
            complete_repeatable_flags=();
            complete_long_flags=(--subnet --gateway --color --HOST --PORT --CONNECT-TIMEOUT --TIMEOUT --profile --help)
        ;;
        "weka local")
            complete_words=(diags disable enable events install-agent monitoring ps reset-data resources restart rm run setup start status stop upgrade);
            complete_arguments=();
            complete_repeatable_flags=();
            complete_long_flags=(--color --help)
        ;;
        "weka local diags")
            complete_words=();
            complete_arguments=();
            complete_repeatable_flags=();
            complete_long_flags=(--id --output-dir --core-dump-limit --color --HOST --PORT --CONNECT-TIMEOUT --TIMEOUT --profile --collect-cluster-info --tar --verbose --help)
        ;;
        "weka local disable")
            complete_words=();
            complete_arguments=(container);
            complete_repeatable_flags=(--type);
            complete_long_flags=(--color --type --help)
        ;;
        "weka local enable")
            complete_words=();
            complete_arguments=(container);
            complete_repeatable_flags=(--type);
            complete_long_flags=(--color --type --help)
        ;;
        "weka local events")
            complete_words=();
            complete_arguments=();
            complete_repeatable_flags=(--output --sort --filter --filter-color);
            complete_long_flags=(--path --container-name --color --format --output --sort --filter --filter-color --help --raw-units --UTC --no-header --verbose)
        ;;
        "weka local exec")
            complete_words=();
            complete_arguments=();
            complete_repeatable_flags=(--environment);
            complete_long_flags=(--container --color --environment --help)
        ;;
        "weka local install-agent")
            complete_words=();
            complete_arguments=();
            complete_repeatable_flags=();
            complete_long_flags=(--color --no-update --no-start --help)
        ;;
        "weka local monitoring")
            complete_words=();
            complete_arguments=(enabled container);
            complete_repeatable_flags=(--type);
            complete_long_flags=(--color --type --help)
        ;;
        "weka local ps")
            complete_words=();
            complete_arguments=();
            complete_repeatable_flags=(--output --sort --filter --filter-color);
            complete_long_flags=(--color --format --output --sort --filter --filter-color --help --raw-units --UTC --no-header --verbose)
        ;;
        "weka local reset-data")
            complete_words=();
            complete_arguments=(version-name);
            complete_repeatable_flags=();
            complete_long_flags=(--container --color --clean-unused --force --help)
        ;;
        "weka local resources")
            complete_words=(apply auto-remove-timeout bandwidth base-port cores dedicate export failure-domain fqdn import join-ips join-secret management-ips memory net restore);
            complete_arguments=();
            complete_repeatable_flags=();
            complete_long_flags=(--container --color --stable --help --json --raw-units --UTC)
        ;;
        "weka local resources allow-protocols")
            complete_words=();
            complete_arguments=(allow-protocols);
            complete_repeatable_flags=();
            complete_long_flags=(--container --color --help)
        ;;
        "weka local resources apply")
            complete_words=();
            complete_arguments=();
            complete_repeatable_flags=();
            complete_long_flags=(--container --color --graceful --help --force)
        ;;
        "weka local resources auto-remove-timeout")
            complete_words=();
            complete_arguments=(auto-remove-timeout);
            complete_repeatable_flags=();
            complete_long_flags=(--container --color --force --help)
        ;;
        "weka local resources bandwidth")
            complete_words=();
            complete_arguments=(bandwidth);
            complete_repeatable_flags=();
            complete_long_flags=(--container --color --help)
        ;;
        "weka local resources base-port")
            complete_words=();
            complete_arguments=(base-port);
            complete_repeatable_flags=();
            complete_long_flags=(--container --color --help)
        ;;
        "weka local resources cores")
            complete_words=();
            complete_arguments=(cores);
            complete_repeatable_flags=(--core-ids);
            complete_long_flags=(--container --frontend-dedicated-cores --drives-dedicated-cores --compute-dedicated-cores --color --core-ids --no-frontends --only-drives-cores --only-compute-cores --only-frontend-cores --allow-mix-setting --help)
        ;;
        "weka local resources dedicate")
            complete_words=();
            complete_arguments=(on);
            complete_repeatable_flags=();
            complete_long_flags=(--container --color --help)
        ;;
        "weka local resources export")
            complete_words=();
            complete_arguments=(path);
            complete_repeatable_flags=();
            complete_long_flags=(--container --color --staging --stable --help)
        ;;
        "weka local resources failure-domain")
            complete_words=();
            complete_arguments=();
            complete_repeatable_flags=();
            complete_long_flags=(--container --name --color --auto --help)
        ;;
        "weka local resources fqdn")
            complete_words=();
            complete_arguments=(fqdn);
            complete_repeatable_flags=();
            complete_long_flags=(--container --color --help)
        ;;
        "weka local resources import")
            complete_words=();
            complete_arguments=(path);
            complete_repeatable_flags=();
            complete_long_flags=(--container --color --with-identifiers --help --force)
        ;;
        "weka local resources join-ips")
            complete_words=();
            complete_arguments=(management-ips);
            complete_repeatable_flags=(--join-fqdns);
            complete_long_flags=(--container --color --join-fqdns --restricted --help)
        ;;
        "weka local resources join-secret")
            complete_words=();
            complete_arguments=(secret);
            complete_repeatable_flags=();
            complete_long_flags=(--container --color --purge --help)
        ;;
        "weka local resources join-token")
            complete_words=();
            complete_arguments=(token);
            complete_repeatable_flags=();
            complete_long_flags=(--container --color --help)
        ;;
        "weka local resources management-ips")
            complete_words=();
            complete_arguments=(management-ips);
            complete_repeatable_flags=();
            complete_long_flags=(--container --color --help)
        ;;
        "weka local resources memory")
            complete_words=();
            complete_arguments=(memory);
            complete_repeatable_flags=();
            complete_long_flags=(--container --color --help)
        ;;
        "weka local resources net")
            complete_words=(add remove);
            complete_arguments=();
            complete_repeatable_flags=();
            complete_long_flags=(--container --color --stable --help --json)
        ;;
        "weka local resources net add")
            complete_words=();
            complete_arguments=(device);
            complete_repeatable_flags=(--ips);
            complete_long_flags=(--container --gateway --netmask --name --label --vfs --vlan --color --ips --help)
        ;;
        "weka local resources net remove")
            complete_words=();
            complete_arguments=(name);
            complete_repeatable_flags=();
            complete_long_flags=(--container --color --help)
        ;;
        "weka local resources restore")
            complete_words=();
            complete_arguments=();
            complete_repeatable_flags=();
            complete_long_flags=(--container --color --help)
        ;;
        "weka local restart")
            complete_words=();
            complete_arguments=(container);
            complete_repeatable_flags=(--type);
            complete_long_flags=(--wait-time --color --type --dont-restart-dependent-containers --force --help)
        ;;
        "weka local rm")
            complete_words=();
            complete_arguments=(containers);
            complete_repeatable_flags=();
            complete_long_flags=(--color --all --force --help)
        ;;
        "weka local run")
            complete_words=();
            complete_arguments=();
            complete_repeatable_flags=(--environment);
            complete_long_flags=(--container --in --color --environment --help)
        ;;
        "weka local setup")
            complete_words=(client container envoy services taskmon weka);
            complete_arguments=();
            complete_repeatable_flags=();
            complete_long_flags=(--color --help)
        ;;
        "weka local setup client")
            complete_words=();
            complete_arguments=();
            complete_repeatable_flags=(--core-ids --management-ips --join-ips --net);
            complete_long_flags=(--name --cores --memory --bandwidth --timeout --base-port --weka-version --fqdn --nvidia-vf-single-ip --color --core-ids --management-ips --join-ips --net --disable --no-start --allow-mix-setting --restricted --help)
        ;;
        "weka local setup container")
            complete_words=();
            complete_arguments=();
            complete_repeatable_flags=(--core-ids --management-ips --join-ips --join-fqdns --net);
            complete_long_flags=(--name --cores --frontend-dedicated-cores --drives-dedicated-cores --compute-dedicated-cores --memory --bandwidth --failure-domain --timeout --container-id --base-port --resources-path --weka-version --fqdn --auto-remove-timeout --nvidia-vf-single-ip --color --core-ids --management-ips --join-ips --join-fqdns --net --disable --no-start --no-frontends --only-drives-cores --only-compute-cores --only-frontend-cores --only-dataserv-cores --allow-mix-setting --dedicate --force --ignore-used-ports --skip-management-ips-check --client --restricted --help)
        ;;
        "weka local setup envoy")
            complete_words=();
            complete_arguments=();
            complete_repeatable_flags=();
            complete_long_flags=(--name --color --disable --no-start --help)
        ;;
        "weka local setup services")
            complete_words=();
            complete_arguments=();
            complete_repeatable_flags=();
            complete_long_flags=(--dependent-container-name --color --disable --no-start --help)
        ;;
        "weka local setup taskmon")
            complete_words=();
            complete_arguments=();
            complete_repeatable_flags=();
            complete_long_flags=(--color --disable --no-start --help)
        ;;
        "weka local setup weka")
            complete_words=();
            complete_arguments=();
            complete_repeatable_flags=();
            complete_long_flags=(--name --color --disable --no-start --help)
        ;;
        "weka local start")
            complete_words=();
            complete_arguments=(container);
            complete_repeatable_flags=(--type);
            complete_long_flags=(--wait-time --color --type --skip-start-and-enable-dependent --help)
        ;;
        "weka local status")
            complete_words=();
            complete_arguments=(container);
            complete_repeatable_flags=(--type);
            complete_long_flags=(--color --type --verbose --help --json)
        ;;
        "weka local stop")
            complete_words=();
            complete_arguments=(container);
            complete_repeatable_flags=(--type);
            complete_long_flags=(--reason --color --type --skip-stop-and-disable-dependent --force --help)
        ;;
        "weka local upgrade")
            complete_words=();
            complete_arguments=();
            complete_repeatable_flags=();
            complete_long_flags=(--container --target-version --upgrade-container-timeout --prepare-container-timeout --container-action-timeout --color --allow-not-ready --dont-upgrade-agent --upgrade-dependents --all --help)
        ;;
        "weka mount")
            complete_words=();
            complete_arguments=(source target);
            complete_repeatable_flags=();
            complete_long_flags=(--option --type --color --no-mtab --sloppy --fake --verbose --help --raw-units --UTC)
        ;;
        "weka nfs")
            complete_words=(client-group clients debug-level global-config interface-group kerberos ldap permission rules);
            complete_arguments=();
            complete_repeatable_flags=();
            complete_long_flags=(--color --help)
        ;;
        "weka nfs client-group")
            complete_words=(add remove);
            complete_arguments=();
            complete_repeatable_flags=(--output --sort --filter --filter-color);
            complete_long_flags=(--name --color --HOST --PORT --CONNECT-TIMEOUT --TIMEOUT --profile --format --output --sort --filter --filter-color --help --no-header --verbose)
        ;;
        "weka nfs client-group add")
            complete_words=();
            complete_arguments=(name);
            complete_repeatable_flags=(--output --sort --filter --filter-color);
            complete_long_flags=(--color --HOST --PORT --CONNECT-TIMEOUT --TIMEOUT --profile --format --output --sort --filter --filter-color --help --no-header --verbose)
        ;;
        "weka nfs client-group remove")
            complete_words=();
            complete_arguments=(name);
            complete_repeatable_flags=();
            complete_long_flags=(--color --HOST --PORT --CONNECT-TIMEOUT --TIMEOUT --profile --force --help)
        ;;
        "weka nfs clients")
            complete_words=(show);
            complete_arguments=();
            complete_repeatable_flags=();
            complete_long_flags=(--color --help)
        ;;
        "weka nfs clients show")
            complete_words=();
            complete_arguments=();
            complete_repeatable_flags=(--fsnames --output --sort --filter --filter-color);
            complete_long_flags=(--interface-group --container-id --fip --color --HOST --PORT --CONNECT-TIMEOUT --TIMEOUT --profile --format --fsnames --output --sort --filter --filter-color --help --no-header --verbose)
        ;;
        "weka nfs custom-options")
            complete_words=(update);
            complete_arguments=();
            complete_repeatable_flags=();
            complete_long_flags=(--color --HOST --PORT --CONNECT-TIMEOUT --TIMEOUT --profile --help --json)
        ;;
        "weka nfs custom-options update")
            complete_words=();
            complete_arguments=();
            complete_repeatable_flags=();
            complete_long_flags=(--global-options --export-options --client-options --color --HOST --PORT --CONNECT-TIMEOUT --TIMEOUT --profile --help)
        ;;
        "weka nfs debug-level")
            complete_words=(set show);
            complete_arguments=();
            complete_repeatable_flags=();
            complete_long_flags=(--color --help)
        ;;
        "weka nfs debug-level set")
            complete_words=();
            complete_arguments=(level);
            complete_repeatable_flags=(--nfs-hosts);
            complete_long_flags=(--color --HOST --PORT --CONNECT-TIMEOUT --TIMEOUT --profile --nfs-hosts --help)
        ;;
        "weka nfs debug-level show")
            complete_words=();
            complete_arguments=();
            complete_repeatable_flags=(--nfs-hosts --output --sort --filter --filter-color);
            complete_long_flags=(--color --HOST --PORT --CONNECT-TIMEOUT --TIMEOUT --profile --format --nfs-hosts --output --sort --filter --filter-color --help --no-header --verbose)
        ;;
        "weka nfs global-config")
            complete_words=(set show);
            complete_arguments=();
            complete_repeatable_flags=();
            complete_long_flags=(--color --help)
        ;;
        "weka nfs global-config set")
            complete_words=();
            complete_arguments=();
            complete_repeatable_flags=(--default-supported-versions --enable-auth-types);
            complete_long_flags=(--mountd-port --config-fs --lockmgr-port --statmon-port --notify-port --acl --default-acl-type --extended-stats --color --HOST --PORT --CONNECT-TIMEOUT --TIMEOUT --profile --default-supported-versions --enable-auth-types --no-restart --help --force)
        ;;
        "weka nfs global-config show")
            complete_words=();
            complete_arguments=();
            complete_repeatable_flags=();
            complete_long_flags=(--color --HOST --PORT --CONNECT-TIMEOUT --TIMEOUT --profile --help --json)
        ;;
        "weka nfs interface-group")
            complete_words=(add assignment ip-range port remove update);
            complete_arguments=();
            complete_repeatable_flags=(--output --sort --filter --filter-color);
            complete_long_flags=(--name --color --HOST --PORT --CONNECT-TIMEOUT --TIMEOUT --profile --format --output --sort --filter --filter-color --help --no-header --verbose)
        ;;
        "weka nfs interface-group add")
            complete_words=();
            complete_arguments=(name type);
            complete_repeatable_flags=(--output --sort --filter --filter-color);
            complete_long_flags=(--subnet --gateway --color --HOST --PORT --CONNECT-TIMEOUT --TIMEOUT --profile --format --output --sort --filter --filter-color --help --no-header --verbose)
        ;;
        "weka nfs interface-group assignment")
            complete_words=();
            complete_arguments=();
            complete_repeatable_flags=(--output --sort --filter --filter-color);
            complete_long_flags=(--name --color --HOST --PORT --CONNECT-TIMEOUT --TIMEOUT --profile --format --output --sort --filter --filter-color --help --no-header --verbose)
        ;;
        "weka nfs interface-group remove")
            complete_words=();
            complete_arguments=(name);
            complete_repeatable_flags=();
            complete_long_flags=(--color --HOST --PORT --CONNECT-TIMEOUT --TIMEOUT --profile --force --help)
        ;;
        "weka nfs interface-group ip-range")
            complete_words=(add remove);
            complete_arguments=();
            complete_repeatable_flags=();
            complete_long_flags=(--color --help)
        ;;
        "weka nfs interface-group ip-range add")
            complete_words=();
            complete_arguments=(name ips);
            complete_repeatable_flags=();
            complete_long_flags=(--color --HOST --PORT --CONNECT-TIMEOUT --TIMEOUT --profile --help)
        ;;
        "weka nfs interface-group ip-range remove")
            complete_words=();
            complete_arguments=(name ips);
            complete_repeatable_flags=();
            complete_long_flags=(--color --HOST --PORT --CONNECT-TIMEOUT --TIMEOUT --profile --force --help)
        ;;
        "weka nfs interface-group port")
            complete_words=(add remove);
            complete_arguments=();
            complete_repeatable_flags=();
            complete_long_flags=(--color --help)
        ;;
        "weka nfs interface-group port add")
            complete_words=();
            complete_arguments=(name server-id port);
            complete_repeatable_flags=();
            complete_long_flags=(--color --HOST --PORT --CONNECT-TIMEOUT --TIMEOUT --profile --help)
        ;;
        "weka nfs interface-group port remove")
            complete_words=();
            complete_arguments=(name server-id port);
            complete_repeatable_flags=();
            complete_long_flags=(--color --HOST --PORT --CONNECT-TIMEOUT --TIMEOUT --profile --force --help)
        ;;
        "weka nfs interface-group update")
            complete_words=();
            complete_arguments=(name);
            complete_repeatable_flags=();
            complete_long_flags=(--subnet --gateway --color --HOST --PORT --CONNECT-TIMEOUT --TIMEOUT --profile --help)
        ;;
        "weka nfs kerberos")
            complete_words=(registration reset service);
            complete_arguments=();
            complete_repeatable_flags=();
            complete_long_flags=(--color --help)
        ;;
        "weka nfs kerberos registration")
            complete_words=(setup-ad setup-mit show);
            complete_arguments=();
            complete_repeatable_flags=();
            complete_long_flags=(--color --help)
        ;;
        "weka nfs kerberos registration setup-ad")
            complete_words=();
            complete_arguments=(nfs-service-name realm-admin-name realm-admin-passwd);
            complete_repeatable_flags=();
            complete_long_flags=(--base-ou --color --HOST --PORT --CONNECT-TIMEOUT --TIMEOUT --profile --force --restart --help)
        ;;
        "weka nfs kerberos registration setup-mit")
            complete_words=();
            complete_arguments=(nfs-service-name keytab-file);
            complete_repeatable_flags=();
            complete_long_flags=(--color --HOST --PORT --CONNECT-TIMEOUT --TIMEOUT --profile --force --restart --help)
        ;;
        "weka nfs kerberos registration show")
            complete_words=();
            complete_arguments=();
            complete_repeatable_flags=(--output --sort --filter --filter-color);
            complete_long_flags=(--color --HOST --PORT --CONNECT-TIMEOUT --TIMEOUT --profile --format --output --sort --filter --filter-color --help --no-header --verbose)
        ;;
        "weka nfs kerberos reset")
            complete_words=();
            complete_arguments=();
            complete_repeatable_flags=();
            complete_long_flags=(--color --HOST --PORT --CONNECT-TIMEOUT --TIMEOUT --profile --force --no-restart --help)
        ;;
        "weka nfs kerberos service")
            complete_words=(setup show);
            complete_arguments=();
            complete_repeatable_flags=();
            complete_long_flags=(--color --help)
        ;;
        "weka nfs kerberos service setup")
            complete_words=();
            complete_arguments=(kdc-realm-name kdc-primary-server kdc-admin-server);
            complete_repeatable_flags=();
            complete_long_flags=(--kdc-secondary-server --color --HOST --PORT --CONNECT-TIMEOUT --TIMEOUT --profile --force --restart --help)
        ;;
        "weka nfs kerberos service show")
            complete_words=();
            complete_arguments=();
            complete_repeatable_flags=(--output --sort --filter --filter-color);
            complete_long_flags=(--color --HOST --PORT --CONNECT-TIMEOUT --TIMEOUT --profile --format --output --sort --filter --filter-color --help --no-header --verbose)
        ;;
        "weka nfs ldap")
            complete_words=(export-openldap import-openldap reset setup-ad setup-ad-nokrb setup-onhostldap setup-openldap show);
            complete_arguments=();
            complete_repeatable_flags=();
            complete_long_flags=(--color --help)
        ;;
        "weka nfs ldap export-openldap")
            complete_words=();
            complete_arguments=(server-name ldap-domain sssd-conf-file idmapd-conf-file);
            complete_repeatable_flags=();
            complete_long_flags=(--color --HOST --PORT --CONNECT-TIMEOUT --TIMEOUT --profile --help)
        ;;
        "weka nfs ldap import-openldap")
            complete_words=();
            complete_arguments=(server-name ldap-domain sssd-conf-file idmapd-conf-file);
            complete_repeatable_flags=();
            complete_long_flags=(--color --HOST --PORT --CONNECT-TIMEOUT --TIMEOUT --profile --verify --force --no-restart --help)
        ;;
        "weka nfs ldap reset")
            complete_words=();
            complete_arguments=();
            complete_repeatable_flags=();
            complete_long_flags=(--color --HOST --PORT --CONNECT-TIMEOUT --TIMEOUT --profile --force --no-restart --help)
        ;;
        "weka nfs ldap setup-ad")
            complete_words=();
            complete_arguments=();
            complete_repeatable_flags=();
            complete_long_flags=(--color --HOST --PORT --CONNECT-TIMEOUT --TIMEOUT --profile --force --no-restart --help)
        ;;
        "weka nfs ldap setup-ad-nokrb")
            complete_words=();
            complete_arguments=(server-name ldap-domain nfs-service-name admin-user-name admin-user-password);
            complete_repeatable_flags=();
            complete_long_flags=(--base-ou --color --HOST --PORT --CONNECT-TIMEOUT --TIMEOUT --profile --force --no-restart --help)
        ;;
        "weka nfs ldap setup-onhostldap")
            complete_words=();
            complete_arguments=(ldap-domain);
            complete_repeatable_flags=();
            complete_long_flags=(--color --HOST --PORT --CONNECT-TIMEOUT --TIMEOUT --profile --force --no-restart --help)
        ;;
        "weka nfs ldap setup-openldap")
            complete_words=();
            complete_arguments=(server-name ldap-domain reader-user-name reader-user-password);
            complete_repeatable_flags=();
            complete_long_flags=(--base-dn --ldap-port-number --color --HOST --PORT --CONNECT-TIMEOUT --TIMEOUT --profile --force --no-restart --help)
        ;;
        "weka nfs ldap show")
            complete_words=();
            complete_arguments=();
            complete_repeatable_flags=(--output --sort --filter --filter-color);
            complete_long_flags=(--color --HOST --PORT --CONNECT-TIMEOUT --TIMEOUT --profile --format --output --sort --filter --filter-color --help --no-header --verbose)
        ;;
        "weka nfs permission")
            complete_words=(add remove update);
            complete_arguments=();
            complete_repeatable_flags=(--output --sort --filter --filter-color);
            complete_long_flags=(--filesystem --color --HOST --PORT --CONNECT-TIMEOUT --TIMEOUT --profile --format --output --sort --filter --filter-color --help --no-header --verbose)
        ;;
        "weka nfs permission add")
            complete_words=();
            complete_arguments=(filesystem group);
            complete_repeatable_flags=(--supported-versions --enable-auth-types);
            complete_long_flags=(--path --permission-type --root-squashing --squash --anon-uid --anon-gid --obs-direct --manage-gids --privileged-port --acl-type --force-acl-type --color --HOST --PORT --CONNECT-TIMEOUT --TIMEOUT --profile --supported-versions --enable-auth-types --no-restart --force --help)
        ;;
        "weka nfs permission remove")
            complete_words=();
            complete_arguments=(filesystem group);
            complete_repeatable_flags=();
            complete_long_flags=(--path --color --HOST --PORT --CONNECT-TIMEOUT --TIMEOUT --profile --force --help)
        ;;
        "weka nfs permission refresh")
            complete_words=();
            complete_arguments=();
            complete_repeatable_flags=();
            complete_long_flags=(--color --HOST --PORT --CONNECT-TIMEOUT --TIMEOUT --profile --help)
        ;;
        "weka nfs permission update")
            complete_words=();
            complete_arguments=(filesystem group);
            complete_repeatable_flags=(--supported-versions --enable-auth-types);
            complete_long_flags=(--path --permission-type --root-squashing --squash --anon-uid --anon-gid --obs-direct --manage-gids --custom-options --privileged-port --acl-type --force-acl-type --color --HOST --PORT --CONNECT-TIMEOUT --TIMEOUT --profile --supported-versions --enable-auth-types --force --no-restart --help)
        ;;
        "weka nfs rules")
            complete_words=(add remove);
            complete_arguments=();
            complete_repeatable_flags=();
            complete_long_flags=(--color --help)
        ;;
        "weka nfs rules add")
            complete_words=(dns ip);
            complete_arguments=();
            complete_repeatable_flags=();
            complete_long_flags=(--color --help)
        ;;
        "weka nfs rules add dns")
            complete_words=();
            complete_arguments=(name dns);
            complete_repeatable_flags=();
            complete_long_flags=(--ip --color --HOST --PORT --CONNECT-TIMEOUT --TIMEOUT --profile --help)
        ;;
        "weka nfs rules add ip")
            complete_words=();
            complete_arguments=(name ip);
            complete_repeatable_flags=();
            complete_long_flags=(--color --HOST --PORT --CONNECT-TIMEOUT --TIMEOUT --profile --help)
        ;;
        "weka nfs rules remove")
            complete_words=(dns ip);
            complete_arguments=();
            complete_repeatable_flags=();
            complete_long_flags=(--color --help)
        ;;
        "weka nfs rules remove dns")
            complete_words=();
            complete_arguments=(name dns);
            complete_repeatable_flags=();
            complete_long_flags=(--color --HOST --PORT --CONNECT-TIMEOUT --TIMEOUT --profile --help)
        ;;
        "weka nfs rules remove ip")
            complete_words=();
            complete_arguments=(name ip);
            complete_repeatable_flags=();
            complete_long_flags=(--color --HOST --PORT --CONNECT-TIMEOUT --TIMEOUT --profile --help)
        ;;
        "weka org")
            complete_words=(add remove rename security set-quota);
            complete_arguments=();
            complete_repeatable_flags=(--output --sort --filter --filter-color);
            complete_long_flags=(--color --HOST --PORT --CONNECT-TIMEOUT --TIMEOUT --profile --format --output --sort --filter --filter-color --help --raw-units --UTC --no-header --verbose)
        ;;
        "weka org add")
            complete_words=();
            complete_arguments=(name username password);
            complete_repeatable_flags=();
            complete_long_flags=(--ssd-quota --total-quota --color --HOST --PORT --CONNECT-TIMEOUT --TIMEOUT --profile --help --json)
        ;;
        "weka org remove")
            complete_words=();
            complete_arguments=(org);
            complete_repeatable_flags=();
            complete_long_flags=(--color --HOST --PORT --CONNECT-TIMEOUT --TIMEOUT --profile --force --help --json)
        ;;
        "weka org rename")
            complete_words=();
            complete_arguments=(org new-name);
            complete_repeatable_flags=();
            complete_long_flags=(--color --HOST --PORT --CONNECT-TIMEOUT --TIMEOUT --profile --help --json)
        ;;
        "weka org security")
            complete_words=(policy revoke-tokens);
            complete_arguments=();
            complete_repeatable_flags=();
            complete_long_flags=(--color --help)
        ;;
        "weka org security policy")
            complete_words=(attach detach list reset set);
            complete_arguments=();
            complete_repeatable_flags=();
            complete_long_flags=(--color --help)
        ;;
        "weka org security policy attach")
            complete_words=();
            complete_arguments=(org policies);
            complete_repeatable_flags=();
            complete_long_flags=(--color --HOST --PORT --CONNECT-TIMEOUT --TIMEOUT --profile --help --json)
        ;;
        "weka org security policy detach")
            complete_words=();
            complete_arguments=(org policies);
            complete_repeatable_flags=();
            complete_long_flags=(--color --HOST --PORT --CONNECT-TIMEOUT --TIMEOUT --profile --help --json)
        ;;
        "weka org security policy list")
            complete_words=();
            complete_arguments=(org);
            complete_repeatable_flags=(--output --sort --filter --filter-color);
            complete_long_flags=(--color --HOST --PORT --CONNECT-TIMEOUT --TIMEOUT --profile --format --output --sort --filter --filter-color --help --raw-units --UTC --no-header --verbose)
        ;;
        "weka org security policy reset")
            complete_words=();
            complete_arguments=(org);
            complete_repeatable_flags=();
            complete_long_flags=(--color --HOST --PORT --CONNECT-TIMEOUT --TIMEOUT --profile --help --json)
        ;;
        "weka org security policy set")
            complete_words=();
            complete_arguments=(org policies);
            complete_repeatable_flags=();
            complete_long_flags=(--color --HOST --PORT --CONNECT-TIMEOUT --TIMEOUT --profile --help --json)
        ;;
        "weka org security revoke-tokens")
            complete_words=();
            complete_arguments=(org);
            complete_repeatable_flags=();
            complete_long_flags=(--color --HOST --PORT --CONNECT-TIMEOUT --TIMEOUT --profile --help --force)
        ;;
        "weka org set-quota")
            complete_words=();
            complete_arguments=(org);
            complete_repeatable_flags=();
            complete_long_flags=(--ssd-quota --total-quota --color --HOST --PORT --CONNECT-TIMEOUT --TIMEOUT --profile --help --json)
        ;;
        "weka s3")
            complete_words=(bucket cluster log-level policy service-account sts);
            complete_arguments=();
            complete_repeatable_flags=();
            complete_long_flags=(--color --help)
        ;;
        "weka s3 bucket")
            complete_words=(add checksum lifecycle-rule list notification policy quota remove);
            complete_arguments=();
            complete_repeatable_flags=();
            complete_long_flags=(--color --help)
        ;;
        "weka s3 bucket checksum")
            complete_words=(get reset set);
            complete_arguments=();
            complete_repeatable_flags=();
            complete_long_flags=(--color --help)
        ;;
        "weka s3 bucket checksum get")
            complete_words=();
            complete_arguments=(name);
            complete_repeatable_flags=();
            complete_long_flags=(--color --HOST --PORT --CONNECT-TIMEOUT --TIMEOUT --profile --help --json)
        ;;
        "weka s3 bucket checksum set")
            complete_words=();
            complete_arguments=(bucket-name checksum);
            complete_repeatable_flags=();
            complete_long_flags=(--color --HOST --PORT --CONNECT-TIMEOUT --TIMEOUT --profile --help --json)
        ;;
        "weka s3 bucket checksum reset")
            complete_words=();
            complete_arguments=(bucket-name);
            complete_repeatable_flags=();
            complete_long_flags=(--color --HOST --PORT --CONNECT-TIMEOUT --TIMEOUT --profile --help --json)
        ;;
        "weka s3 bucket add")
            complete_words=();
            complete_arguments=(name);
            complete_repeatable_flags=();
            complete_long_flags=(--policy --policy-json --hard-quota --existing-path --fs-name --fs-id --checksum --color --HOST --PORT --CONNECT-TIMEOUT --TIMEOUT --profile --force --help --json)
        ;;
        "weka s3 bucket remove")
            complete_words=();
            complete_arguments=(name);
            complete_repeatable_flags=();
            complete_long_flags=(--color --HOST --PORT --CONNECT-TIMEOUT --TIMEOUT --profile --unlink --help --json --force)
        ;;
        "weka s3 bucket lifecycle-rule")
            complete_words=(add list remove reset);
            complete_arguments=();
            complete_repeatable_flags=();
            complete_long_flags=(--color --help)
        ;;
        "weka s3 bucket lifecycle-rule add")
            complete_words=();
            complete_arguments=(bucket expiry-days);
            complete_repeatable_flags=();
            complete_long_flags=(--color --HOST --PORT --CONNECT-TIMEOUT --TIMEOUT --profile --prefix --tags --help --json)
        ;;
        "weka s3 bucket lifecycle-rule list")
            complete_words=();
            complete_arguments=(bucket);
            complete_repeatable_flags=(--output --sort --filter --filter-color);
            complete_long_flags=(--color --HOST --PORT --CONNECT-TIMEOUT --TIMEOUT --profile --format --output --sort --filter --filter-color --help --no-header --verbose)
        ;;
        "weka s3 bucket lifecycle-rule remove")
            complete_words=();
            complete_arguments=(bucket name);
            complete_repeatable_flags=();
            complete_long_flags=(--color --HOST --PORT --CONNECT-TIMEOUT --TIMEOUT --profile --help --json)
        ;;
        "weka s3 bucket lifecycle-rule reset")
            complete_words=();
            complete_arguments=(bucket);
            complete_repeatable_flags=();
            complete_long_flags=(--color --HOST --PORT --CONNECT-TIMEOUT --TIMEOUT --profile --help --json --force)
        ;;
        "weka s3 bucket list")
            complete_words=();
            complete_arguments=();
            complete_repeatable_flags=(--output --sort --filter --filter-color);
            complete_long_flags=(--color --HOST --PORT --CONNECT-TIMEOUT --TIMEOUT --profile --format --output --sort --filter --filter-color --help --raw-units --UTC --no-header --verbose)
        ;;
        "weka s3 bucket notification")
            complete_words=(add list remove);
            complete_arguments=();
            complete_repeatable_flags=();
            complete_long_flags=(--color --help)
        ;;
        "weka s3 bucket notification add")
            complete_words=();
            complete_arguments=(bucket);
            complete_repeatable_flags=();
            complete_long_flags=(--target-type --target-name --events --filter-prefix --filter-suffix --color --HOST --PORT --CONNECT-TIMEOUT --TIMEOUT --profile --help --json)
        ;;
        "weka s3 bucket notification list")
            complete_words=();
            complete_arguments=(bucket);
            complete_repeatable_flags=(--output --sort --filter --filter-color);
            complete_long_flags=(--color --HOST --PORT --CONNECT-TIMEOUT --TIMEOUT --profile --format --output --sort --filter --filter-color --help --no-header --verbose)
        ;;
        "weka s3 bucket notification remove")
            complete_words=();
            complete_arguments=(bucket);
            complete_repeatable_flags=();
            complete_long_flags=(--target-type --target-name --events --filter-prefix --filter-suffix --color --HOST --PORT --CONNECT-TIMEOUT --TIMEOUT --profile --help --json)
        ;;
        "weka s3 bucket policy")
            complete_words=(get get-json reset set set-custom);
            complete_arguments=();
            complete_repeatable_flags=();
            complete_long_flags=(--color --help)
        ;;
        "weka s3 bucket policy get")
            complete_words=();
            complete_arguments=(bucket-name);
            complete_repeatable_flags=();
            complete_long_flags=(--color --HOST --PORT --CONNECT-TIMEOUT --TIMEOUT --profile --help --json)
        ;;
        "weka s3 bucket policy get-json")
            complete_words=();
            complete_arguments=(bucket-name);
            complete_repeatable_flags=();
            complete_long_flags=(--color --HOST --PORT --CONNECT-TIMEOUT --TIMEOUT --profile --help --json)
        ;;
        "weka s3 bucket policy set")
            complete_words=();
            complete_arguments=(bucket-name bucket-policy);
            complete_repeatable_flags=();
            complete_long_flags=(--color --HOST --PORT --CONNECT-TIMEOUT --TIMEOUT --profile --help --json)
        ;;
        "weka s3 bucket policy set-custom")
            complete_words=();
            complete_arguments=(bucket-name policy-file);
            complete_repeatable_flags=();
            complete_long_flags=(--color --HOST --PORT --CONNECT-TIMEOUT --TIMEOUT --profile --help --json)
        ;;
        "weka s3 bucket policy reset")
            complete_words=();
            complete_arguments=(bucket-name);
            complete_repeatable_flags=();
            complete_long_flags=(--color --HOST --PORT --CONNECT-TIMEOUT --TIMEOUT --profile --help --json)
        ;;
        "weka s3 bucket quota")
            complete_words=(reset set);
            complete_arguments=();
            complete_repeatable_flags=();
            complete_long_flags=(--color --help)
        ;;
        "weka s3 bucket quota set")
            complete_words=();
            complete_arguments=(name hard-quota);
            complete_repeatable_flags=();
            complete_long_flags=(--color --HOST --PORT --CONNECT-TIMEOUT --TIMEOUT --profile --help)
        ;;
        "weka s3 bucket quota reset")
            complete_words=();
            complete_arguments=(name);
            complete_repeatable_flags=();
            complete_long_flags=(--color --HOST --PORT --CONNECT-TIMEOUT --TIMEOUT --profile --help)
        ;;
        "weka s3 cluster")
            complete_words=(add audit-webhook container notification-target remove status update);
            complete_arguments=();
            complete_repeatable_flags=();
            complete_long_flags=(--color --HOST --PORT --CONNECT-TIMEOUT --TIMEOUT --profile --verbose --help --json)
        ;;
        "weka s3 cluster audit-webhook")
            complete_words=(disable enable show);
            complete_arguments=();
            complete_repeatable_flags=();
            complete_long_flags=(--color --help)
        ;;
        "weka s3 cluster audit-webhook disable")
            complete_words=();
            complete_arguments=();
            complete_repeatable_flags=();
            complete_long_flags=(--color --HOST --PORT --CONNECT-TIMEOUT --TIMEOUT --profile --help)
        ;;
        "weka s3 cluster audit-webhook enable")
            complete_words=();
            complete_arguments=();
            complete_repeatable_flags=();
            complete_long_flags=(--color --HOST --PORT --CONNECT-TIMEOUT --TIMEOUT --profile --endpoint --auth-token --help --verify)
        ;;
        "weka s3 cluster audit-webhook show")
            complete_words=();
            complete_arguments=();
            complete_repeatable_flags=();
            complete_long_flags=(--color --HOST --PORT --CONNECT-TIMEOUT --TIMEOUT --profile --help --json)
        ;;
        "weka s3 cluster container")
            complete_words=(add list remove);
            complete_arguments=();
            complete_repeatable_flags=();
            complete_long_flags=(--color --help)
        ;;
        "weka s3 cluster container add")
            complete_words=();
            complete_arguments=(container-ids);
            complete_repeatable_flags=();
            complete_long_flags=(--color --HOST --PORT --CONNECT-TIMEOUT --TIMEOUT --profile --help)
        ;;
        "weka s3 cluster container list")
            complete_words=();
            complete_arguments=();
            complete_repeatable_flags=();
            complete_long_flags=(--color --HOST --PORT --CONNECT-TIMEOUT --TIMEOUT --profile --help --json)
        ;;
        "weka s3 cluster container remove")
            complete_words=();
            complete_arguments=(container-ids);
            complete_repeatable_flags=();
            complete_long_flags=(--color --HOST --PORT --CONNECT-TIMEOUT --TIMEOUT --profile --help)
        ;;
        "weka s3 cluster add")
            complete_words=();
            complete_arguments=(default-fs-name config-fs-name);
            complete_repeatable_flags=(--container);
            complete_long_flags=(--port --key --secret --max-buckets-limit --anonymous-posix-uid --anonymous-posix-gid --domain --color --HOST --PORT --CONNECT-TIMEOUT --TIMEOUT --profile --container --all-servers --force --help)
        ;;
        "weka s3 cluster remove")
            complete_words=();
            complete_arguments=();
            complete_repeatable_flags=();
            complete_long_flags=(--color --HOST --PORT --CONNECT-TIMEOUT --TIMEOUT --profile --force --help)
        ;;
        "weka s3 cluster drain")
            complete_words=();
            complete_arguments=(container);
            complete_repeatable_flags=();
            complete_long_flags=(--color --HOST --PORT --CONNECT-TIMEOUT --TIMEOUT --profile --help)
        ;;
        "weka s3 cluster kv")
            complete_words=(add remove reset show);
            complete_arguments=();
            complete_repeatable_flags=();
            complete_long_flags=(--color --help)
        ;;
        "weka s3 cluster kv add")
            complete_words=();
            complete_arguments=(key value);
            complete_repeatable_flags=();
            complete_long_flags=(--color --HOST --PORT --CONNECT-TIMEOUT --TIMEOUT --profile --help)
        ;;
        "weka s3 cluster kv remove")
            complete_words=();
            complete_arguments=(key);
            complete_repeatable_flags=();
            complete_long_flags=(--color --HOST --PORT --CONNECT-TIMEOUT --TIMEOUT --profile --help)
        ;;
        "weka s3 cluster kv reset")
            complete_words=();
            complete_arguments=();
            complete_repeatable_flags=();
            complete_long_flags=(--color --HOST --PORT --CONNECT-TIMEOUT --TIMEOUT --profile --help)
        ;;
        "weka s3 cluster kv show")
            complete_words=();
            complete_arguments=();
            complete_repeatable_flags=(--output --sort --filter --filter-color);
            complete_long_flags=(--color --HOST --PORT --CONNECT-TIMEOUT --TIMEOUT --profile --format --output --sort --filter --filter-color --help --no-header --verbose)
        ;;
        "weka s3 cluster local")
            complete_words=(run);
            complete_arguments=();
            complete_repeatable_flags=();
            complete_long_flags=(--color --help)
        ;;
        "weka s3 cluster local run")
            complete_words=();
            complete_arguments=(args);
            complete_repeatable_flags=(--container);
            complete_long_flags=(--color --HOST --PORT --CONNECT-TIMEOUT --TIMEOUT --profile --container --help --json)
        ;;
        "weka s3 cluster notification-target")
            complete_words=(add cert list remove show status update);
            complete_arguments=();
            complete_repeatable_flags=();
            complete_long_flags=(--color --help)
        ;;
        "weka s3 cluster notification-target add")
            complete_words=();
            complete_arguments=();
            complete_repeatable_flags=();
            complete_long_flags=(--type --name --topic --brokers --kafka-version --tls --tls-cert --tls-skip-verify --sasl --sasl-username --sasl-password --sasl-mechanism --color --HOST --PORT --CONNECT-TIMEOUT --TIMEOUT --profile --help --json)
        ;;
        "weka s3 cluster notification-target cert")
            complete_words=(add list remove);
            complete_arguments=();
            complete_repeatable_flags=();
            complete_long_flags=(--color --help)
        ;;
        "weka s3 cluster notification-target cert add")
            complete_words=();
            complete_arguments=(cert-name);
            complete_repeatable_flags=();
            complete_long_flags=(--target-type --client-tls-cert --client-tls-key --color --HOST --PORT --CONNECT-TIMEOUT --TIMEOUT --profile --help --json)
        ;;
        "weka s3 cluster notification-target cert list")
            complete_words=();
            complete_arguments=();
            complete_repeatable_flags=(--output --sort --filter --filter-color);
            complete_long_flags=(--target-type --color --HOST --PORT --CONNECT-TIMEOUT --TIMEOUT --profile --format --output --sort --filter --filter-color --help --no-header --verbose)
        ;;
        "weka s3 cluster notification-target cert remove")
            complete_words=();
            complete_arguments=(cert-name);
            complete_repeatable_flags=();
            complete_long_flags=(--target-type --color --HOST --PORT --CONNECT-TIMEOUT --TIMEOUT --profile --help --json)
        ;;
        "weka s3 cluster notification-target list")
            complete_words=();
            complete_arguments=();
            complete_repeatable_flags=(--output --sort --filter --filter-color);
            complete_long_flags=(--color --HOST --PORT --CONNECT-TIMEOUT --TIMEOUT --profile --format --output --sort --filter --filter-color --help --no-header --verbose)
        ;;
        "weka s3 cluster notification-target remove")
            complete_words=();
            complete_arguments=();
            complete_repeatable_flags=();
            complete_long_flags=(--type --name --color --HOST --PORT --CONNECT-TIMEOUT --TIMEOUT --profile --force --help --json)
        ;;
        "weka s3 cluster notification-target show")
            complete_words=();
            complete_arguments=();
            complete_repeatable_flags=();
            complete_long_flags=(--type --name --color --HOST --PORT --CONNECT-TIMEOUT --TIMEOUT --profile --help --json)
        ;;
        "weka s3 cluster notification-target status")
            complete_words=();
            complete_arguments=();
            complete_repeatable_flags=(--output --sort --filter --filter-color);
            complete_long_flags=(--color --HOST --PORT --CONNECT-TIMEOUT --TIMEOUT --profile --format --output --sort --filter --filter-color --help --no-header --verbose)
        ;;
        "weka s3 cluster notification-target update")
            complete_words=();
            complete_arguments=();
            complete_repeatable_flags=();
            complete_long_flags=(--type --name --brokers --topic --kafka-version --tls --tls-cert --tls-skip-verify --sasl --sasl-username --sasl-password --sasl-mechanism --color --HOST --PORT --CONNECT-TIMEOUT --TIMEOUT --profile --help --json)
        ;;
        "weka s3 cluster status")
            complete_words=();
            complete_arguments=();
            complete_repeatable_flags=(--output --sort --filter --filter-color);
            complete_long_flags=(--color --HOST --PORT --CONNECT-TIMEOUT --TIMEOUT --profile --format --output --sort --filter --filter-color --help --no-header --verbose)
        ;;
        "weka s3 cluster status-old")
            complete_words=();
            complete_arguments=();
            complete_repeatable_flags=();
            complete_long_flags=(--color --HOST --PORT --CONNECT-TIMEOUT --TIMEOUT --profile --help --json)
        ;;
        "weka s3 cluster undrain")
            complete_words=();
            complete_arguments=(container);
            complete_repeatable_flags=();
            complete_long_flags=(--color --HOST --PORT --CONNECT-TIMEOUT --TIMEOUT --profile --help)
        ;;
        "weka s3 cluster update")
            complete_words=();
            complete_arguments=();
            complete_repeatable_flags=(--container);
            complete_long_flags=(--key --secret --port --anonymous-posix-uid --anonymous-posix-gid --domain --color --HOST --PORT --CONNECT-TIMEOUT --TIMEOUT --profile --container --all-servers --force --help)
        ;;
        "weka s3 log-level")
            complete_words=(get);
            complete_arguments=();
            complete_repeatable_flags=();
            complete_long_flags=(--color --help)
        ;;
        "weka s3 log-level get")
            complete_words=();
            complete_arguments=();
            complete_repeatable_flags=(--container --output --sort --filter --filter-color);
            complete_long_flags=(--color --HOST --PORT --CONNECT-TIMEOUT --TIMEOUT --profile --format --container --output --sort --filter --filter-color --help --no-header --verbose)
        ;;
        "weka s3 log-level set")
            complete_words=();
            complete_arguments=(log-level);
            complete_repeatable_flags=(--container);
            complete_long_flags=(--color --HOST --PORT --CONNECT-TIMEOUT --TIMEOUT --profile --container --help)
        ;;
        "weka s3 policy")
            complete_words=(add attach detach list remove show);
            complete_arguments=();
            complete_repeatable_flags=();
            complete_long_flags=(--color --help)
        ;;
        "weka s3 policy add")
            complete_words=();
            complete_arguments=(policy-name policy-file);
            complete_repeatable_flags=();
            complete_long_flags=(--color --HOST --PORT --CONNECT-TIMEOUT --TIMEOUT --profile --help --json)
        ;;
        "weka s3 policy attach")
            complete_words=();
            complete_arguments=(policy user);
            complete_repeatable_flags=();
            complete_long_flags=(--color --HOST --PORT --CONNECT-TIMEOUT --TIMEOUT --profile --help --json)
        ;;
        "weka s3 policy detach")
            complete_words=();
            complete_arguments=(user);
            complete_repeatable_flags=();
            complete_long_flags=(--color --HOST --PORT --CONNECT-TIMEOUT --TIMEOUT --profile --help --json)
        ;;
        "weka s3 policy list")
            complete_words=();
            complete_arguments=();
            complete_repeatable_flags=(--output --sort --filter --filter-color);
            complete_long_flags=(--color --HOST --PORT --CONNECT-TIMEOUT --TIMEOUT --profile --format --output --sort --filter --filter-color --help --no-header --verbose)
        ;;
        "weka s3 policy remove")
            complete_words=();
            complete_arguments=(policy);
            complete_repeatable_flags=();
            complete_long_flags=(--color --HOST --PORT --CONNECT-TIMEOUT --TIMEOUT --profile --help --json)
        ;;
        "weka s3 policy show")
            complete_words=();
            complete_arguments=(policy-name);
            complete_repeatable_flags=();
            complete_long_flags=(--color --HOST --PORT --CONNECT-TIMEOUT --TIMEOUT --profile --help --json)
        ;;
        "weka s3 profile")
            complete_words=(start stop);
            complete_arguments=();
            complete_repeatable_flags=();
            complete_long_flags=(--color --help)
        ;;
        "weka s3 profile start")
            complete_words=();
            complete_arguments=();
            complete_repeatable_flags=(--container --output --sort --filter --filter-color);
            complete_long_flags=(--color --HOST --PORT --CONNECT-TIMEOUT --TIMEOUT --profile --format --container --output --sort --filter --filter-color --help --no-header --verbose)
        ;;
        "weka s3 profile stop")
            complete_words=();
            complete_arguments=(target-bucket);
            complete_repeatable_flags=(--container --output --sort --filter --filter-color);
            complete_long_flags=(--color --HOST --PORT --CONNECT-TIMEOUT --TIMEOUT --profile --format --container --output --sort --filter --filter-color --help --no-header --verbose)
        ;;
        "weka s3 service-account")
            complete_words=(add list remove show);
            complete_arguments=();
            complete_repeatable_flags=();
            complete_long_flags=(--color --help)
        ;;
        "weka s3 service-account add")
            complete_words=();
            complete_arguments=();
            complete_repeatable_flags=();
            complete_long_flags=(--policy-file --color --HOST --PORT --CONNECT-TIMEOUT --TIMEOUT --profile --help --json)
        ;;
        "weka s3 service-account list")
            complete_words=();
            complete_arguments=();
            complete_repeatable_flags=(--output --sort --filter --filter-color);
            complete_long_flags=(--color --HOST --PORT --CONNECT-TIMEOUT --TIMEOUT --profile --format --output --sort --filter --filter-color --help --no-header --verbose)
        ;;
        "weka s3 service-account remove")
            complete_words=();
            complete_arguments=(access_key);
            complete_repeatable_flags=();
            complete_long_flags=(--color --HOST --PORT --CONNECT-TIMEOUT --TIMEOUT --profile --help --json)
        ;;
        "weka s3 service-account show")
            complete_words=();
            complete_arguments=(access_key);
            complete_repeatable_flags=();
            complete_long_flags=(--color --HOST --PORT --CONNECT-TIMEOUT --TIMEOUT --profile --help --json)
        ;;
        "weka s3 sts")
            complete_words=(assume-role);
            complete_arguments=();
            complete_repeatable_flags=();
            complete_long_flags=(--color --help)
        ;;
        "weka s3 sts assume-role")
            complete_words=();
            complete_arguments=();
            complete_repeatable_flags=();
            complete_long_flags=(--access-key --secret-key --policy-file --duration --color --HOST --PORT --CONNECT-TIMEOUT --TIMEOUT --profile --help --json)
        ;;
        "weka security")
            complete_words=(ca-cert cors-trusted-sites kms lockout-config login-banner policy tls token-expiry);
            complete_arguments=();
            complete_repeatable_flags=();
            complete_long_flags=(--color --help)
        ;;
        "weka security ca-cert")
            complete_words=(download reset set status);
            complete_arguments=();
            complete_repeatable_flags=();
            complete_long_flags=(--color --help)
        ;;
        "weka security ca-cert download")
            complete_words=();
            complete_arguments=(path);
            complete_repeatable_flags=();
            complete_long_flags=(--color --HOST --PORT --CONNECT-TIMEOUT --TIMEOUT --profile --help)
        ;;
        "weka security ca-cert set")
            complete_words=();
            complete_arguments=();
            complete_repeatable_flags=();
            complete_long_flags=(--cert-file --color --HOST --PORT --CONNECT-TIMEOUT --TIMEOUT --profile --help)
        ;;
        "weka security ca-cert status")
            complete_words=();
            complete_arguments=();
            complete_repeatable_flags=();
            complete_long_flags=(--color --HOST --PORT --CONNECT-TIMEOUT --TIMEOUT --profile --help --json)
        ;;
        "weka security ca-cert reset")
            complete_words=();
            complete_arguments=();
            complete_repeatable_flags=();
            complete_long_flags=(--color --HOST --PORT --CONNECT-TIMEOUT --TIMEOUT --profile --help)
        ;;
        "weka security cors-trusted-sites")
            complete_words=(add list remove remove-all);
            complete_arguments=();
            complete_repeatable_flags=();
            complete_long_flags=(--color --help)
        ;;
        "weka security cors-trusted-sites add")
            complete_words=();
            complete_arguments=(site);
            complete_repeatable_flags=();
            complete_long_flags=(--color --HOST --PORT --CONNECT-TIMEOUT --TIMEOUT --profile --help)
        ;;
        "weka security cors-trusted-sites list")
            complete_words=();
            complete_arguments=();
            complete_repeatable_flags=();
            complete_long_flags=(--color --HOST --PORT --CONNECT-TIMEOUT --TIMEOUT --profile --help --json)
        ;;
        "weka security cors-trusted-sites remove")
            complete_words=();
            complete_arguments=(site);
            complete_repeatable_flags=();
            complete_long_flags=(--color --HOST --PORT --CONNECT-TIMEOUT --TIMEOUT --profile --help)
        ;;
        "weka security cors-trusted-sites remove-all")
            complete_words=();
            complete_arguments=();
            complete_repeatable_flags=();
            complete_long_flags=(--color --HOST --PORT --CONNECT-TIMEOUT --TIMEOUT --profile --help)
        ;;
        "weka security kms")
            complete_words=(reset rewrap set);
            complete_arguments=();
            complete_repeatable_flags=();
            complete_long_flags=(--color --HOST --PORT --CONNECT-TIMEOUT --TIMEOUT --profile --help --json)
        ;;
        "weka security kms rewrap")
            complete_words=();
            complete_arguments=();
            complete_repeatable_flags=();
            complete_long_flags=(--new-key-uid --color --HOST --PORT --CONNECT-TIMEOUT --TIMEOUT --profile --all --convert-to-cluster-key-on-fs --help --json)
        ;;
        "weka security kms set")
            complete_words=();
            complete_arguments=(type address key-identifier);
            complete_repeatable_flags=();
            complete_long_flags=(--token --role-id --secret-id --kubernetes-role --namespace --client-cert --client-key --ca-cert --transit-path --auth-path --color --HOST --PORT --CONNECT-TIMEOUT --TIMEOUT --profile --convert-to-cluster-key-on-fs --help)
        ;;
        "weka security kms reset")
            complete_words=();
            complete_arguments=();
            complete_repeatable_flags=();
            complete_long_flags=(--color --HOST --PORT --CONNECT-TIMEOUT --TIMEOUT --profile --allow-downgrade --help)
        ;;
        "weka security lockout-config")
            complete_words=(reset set show);
            complete_arguments=();
            complete_repeatable_flags=();
            complete_long_flags=(--color --help)
        ;;
        "weka security lockout-config reset")
            complete_words=();
            complete_arguments=();
            complete_repeatable_flags=();
            complete_long_flags=(--color --HOST --PORT --CONNECT-TIMEOUT --TIMEOUT --profile --help)
        ;;
        "weka security lockout-config set")
            complete_words=();
            complete_arguments=();
            complete_repeatable_flags=();
            complete_long_flags=(--failed-attempts --lockout-duration --color --HOST --PORT --CONNECT-TIMEOUT --TIMEOUT --profile --help)
        ;;
        "weka security lockout-config show")
            complete_words=();
            complete_arguments=();
            complete_repeatable_flags=();
            complete_long_flags=(--color --HOST --PORT --CONNECT-TIMEOUT --TIMEOUT --profile --help --json)
        ;;
        "weka security login-banner")
            complete_words=(disable enable reset set show);
            complete_arguments=();
            complete_repeatable_flags=();
            complete_long_flags=(--color --help)
        ;;
        "weka security login-banner disable")
            complete_words=();
            complete_arguments=();
            complete_repeatable_flags=();
            complete_long_flags=(--color --HOST --PORT --CONNECT-TIMEOUT --TIMEOUT --profile --help --json)
        ;;
        "weka security login-banner enable")
            complete_words=();
            complete_arguments=();
            complete_repeatable_flags=();
            complete_long_flags=(--color --HOST --PORT --CONNECT-TIMEOUT --TIMEOUT --profile --help --json)
        ;;
        "weka security login-banner reset")
            complete_words=();
            complete_arguments=();
            complete_repeatable_flags=();
            complete_long_flags=(--color --HOST --PORT --CONNECT-TIMEOUT --TIMEOUT --profile --help)
        ;;
        "weka security login-banner set")
            complete_words=();
            complete_arguments=(login-banner);
            complete_repeatable_flags=();
            complete_long_flags=(--color --HOST --PORT --CONNECT-TIMEOUT --TIMEOUT --profile --help)
        ;;
        "weka security login-banner show")
            complete_words=();
            complete_arguments=();
            complete_repeatable_flags=();
            complete_long_flags=(--color --HOST --PORT --CONNECT-TIMEOUT --TIMEOUT --profile --help --json)
        ;;
        "weka security policy")
            complete_words=(add duplicate join list remove show test update);
            complete_arguments=();
            complete_repeatable_flags=();
            complete_long_flags=(--color --help)
        ;;
        "weka security policy add")
            complete_words=();
            complete_arguments=(name);
            complete_repeatable_flags=(--ips --roles);
            complete_long_flags=(--description --action --read-only --color --HOST --PORT --CONNECT-TIMEOUT --TIMEOUT --profile --ips --roles --help --json)
        ;;
        "weka security policy remove")
            complete_words=();
            complete_arguments=(policy);
            complete_repeatable_flags=();
            complete_long_flags=(--color --HOST --PORT --CONNECT-TIMEOUT --TIMEOUT --profile --help --force)
        ;;
        "weka security policy duplicate")
            complete_words=();
            complete_arguments=(policy name);
            complete_repeatable_flags=();
            complete_long_flags=(--color --HOST --PORT --CONNECT-TIMEOUT --TIMEOUT --profile --help --json)
        ;;
        "weka security policy join")
            complete_words=(attach detach list reset set);
            complete_arguments=();
            complete_repeatable_flags=();
            complete_long_flags=(--color --help)
        ;;
        "weka security policy join attach")
            complete_words=();
            complete_arguments=(policies);
            complete_repeatable_flags=();
            complete_long_flags=(--color --HOST --PORT --CONNECT-TIMEOUT --TIMEOUT --profile --client --backend --force --help --json)
        ;;
        "weka security policy join detach")
            complete_words=();
            complete_arguments=(policies);
            complete_repeatable_flags=();
            complete_long_flags=(--color --HOST --PORT --CONNECT-TIMEOUT --TIMEOUT --profile --client --backend --force --help --json)
        ;;
        "weka security policy join list")
            complete_words=();
            complete_arguments=();
            complete_repeatable_flags=(--output --sort --filter --filter-color);
            complete_long_flags=(--color --HOST --PORT --CONNECT-TIMEOUT --TIMEOUT --profile --format --output --sort --filter --filter-color --client --backend --help --raw-units --UTC --no-header --verbose)
        ;;
        "weka security policy join reset")
            complete_words=();
            complete_arguments=();
            complete_repeatable_flags=();
            complete_long_flags=(--color --HOST --PORT --CONNECT-TIMEOUT --TIMEOUT --profile --client --backend --help --json)
        ;;
        "weka security policy join set")
            complete_words=();
            complete_arguments=(policies);
            complete_repeatable_flags=();
            complete_long_flags=(--color --HOST --PORT --CONNECT-TIMEOUT --TIMEOUT --profile --client --backend --force --help --json)
        ;;
        "weka security policy list")
            complete_words=();
            complete_arguments=();
            complete_repeatable_flags=(--roles --ips --output --sort --filter --filter-color);
            complete_long_flags=(--action --color --HOST --PORT --CONNECT-TIMEOUT --TIMEOUT --profile --format --roles --ips --output --sort --filter --filter-color --help --raw-units --UTC --no-header --verbose)
        ;;
        "weka security policy show")
            complete_words=();
            complete_arguments=(policy);
            complete_repeatable_flags=();
            complete_long_flags=(--color --HOST --PORT --CONNECT-TIMEOUT --TIMEOUT --profile --json --help)
        ;;
        "weka security policy test")
            complete_words=();
            complete_arguments=(policy);
            complete_repeatable_flags=();
            complete_long_flags=(--role --ip --color --HOST --PORT --CONNECT-TIMEOUT --TIMEOUT --profile --join --help --json)
        ;;
        "weka security policy update")
            complete_words=();
            complete_arguments=(policy);
            complete_repeatable_flags=(--roles --add-roles --remove-roles --ips --add-ips --remove-ips);
            complete_long_flags=(--description --action --new-name --read-only --color --HOST --PORT --CONNECT-TIMEOUT --TIMEOUT --profile --roles --add-roles --remove-roles --ips --add-ips --remove-ips --force --help --json)
        ;;
        "weka security tls")
            complete_words=(download local reset set status);
            complete_arguments=();
            complete_repeatable_flags=();
            complete_long_flags=(--color --help)
        ;;
        "weka security tls download")
            complete_words=();
            complete_arguments=(path);
            complete_repeatable_flags=();
            complete_long_flags=(--color --HOST --PORT --CONNECT-TIMEOUT --TIMEOUT --profile --help)
        ;;
        "weka security tls local")
            complete_words=(reset set);
            complete_arguments=();
            complete_repeatable_flags=();
            complete_long_flags=(--color --help)
        ;;
        "weka security tls local set")
            complete_words=();
            complete_arguments=(container-ids);
            complete_repeatable_flags=();
            complete_long_flags=(--private-key --certificate --ca-cert --color --HOST --PORT --CONNECT-TIMEOUT --TIMEOUT --profile --all --help)
        ;;
        "weka security tls local reset")
            complete_words=();
            complete_arguments=(container-ids);
            complete_repeatable_flags=();
            complete_long_flags=(--color --HOST --PORT --CONNECT-TIMEOUT --TIMEOUT --profile --private-key --ca-cert --all --help)
        ;;
        "weka security tls set")
            complete_words=();
            complete_arguments=();
            complete_repeatable_flags=();
            complete_long_flags=(--private-key --certificate --color --HOST --PORT --CONNECT-TIMEOUT --TIMEOUT --profile --help)
        ;;
        "weka security tls status")
            complete_words=();
            complete_arguments=();
            complete_repeatable_flags=();
            complete_long_flags=(--color --HOST --PORT --CONNECT-TIMEOUT --TIMEOUT --profile --help --json)
        ;;
        "weka security tls strictness")
            complete_words=();
            complete_arguments=();
            complete_repeatable_flags=();
            complete_long_flags=(--value --color --HOST --PORT --CONNECT-TIMEOUT --TIMEOUT --profile --help --json)
        ;;
        "weka security tls reset")
            complete_words=();
            complete_arguments=();
            complete_repeatable_flags=();
            complete_long_flags=(--color --HOST --PORT --CONNECT-TIMEOUT --TIMEOUT --profile --help)
        ;;
        "weka security token-expiry")
            complete_words=(set show);
            complete_arguments=();
            complete_repeatable_flags=();
            complete_long_flags=(--color --help)
        ;;
        "weka security token-expiry set")
            complete_words=();
            complete_arguments=();
            complete_repeatable_flags=();
            complete_long_flags=(--access-token --refresh-token --access-token-max --refresh-token-max --color --HOST --PORT --CONNECT-TIMEOUT --TIMEOUT --profile --help)
        ;;
        "weka security token-expiry show")
            complete_words=();
            complete_arguments=();
            complete_repeatable_flags=();
            complete_long_flags=(--color --HOST --PORT --CONNECT-TIMEOUT --TIMEOUT --profile --help --json)
        ;;
        "weka smb")
            complete_words=(cluster domain share);
            complete_arguments=();
            complete_repeatable_flags=();
            complete_long_flags=(--color --help)
        ;;
        "weka smb cluster")
            complete_words=(add container debug remove status trusted-domains update wait);
            complete_arguments=();
            complete_repeatable_flags=();
            complete_long_flags=(--color --HOST --PORT --CONNECT-TIMEOUT --TIMEOUT --profile --help --json)
        ;;
        "weka smb cluster container")
            complete_words=(add remove);
            complete_arguments=();
            complete_repeatable_flags=();
            complete_long_flags=(--color --help)
        ;;
        "weka smb cluster container add")
            complete_words=();
            complete_arguments=();
            complete_repeatable_flags=(--container-ids);
            complete_long_flags=(--color --HOST --PORT --CONNECT-TIMEOUT --TIMEOUT --profile --container-ids --help --force)
        ;;
        "weka smb cluster container remove")
            complete_words=();
            complete_arguments=();
            complete_repeatable_flags=(--container-ids);
            complete_long_flags=(--color --HOST --PORT --CONNECT-TIMEOUT --TIMEOUT --profile --container-ids --help --force)
        ;;
        "weka smb cluster add")
            complete_words=();
            complete_arguments=(netbios-name domain config-fs-name);
            complete_repeatable_flags=(--container-ids --smb-ips-pool --smb-ips-range);
            complete_long_flags=(--symlink --domain-netbios-name --idmap-backend --default-domain-mapping-from-id --default-domain-mapping-to-id --joined-domain-mapping-from-id --joined-domain-mapping-to-id --encryption --scale-out-mode --smb-conf-extra --color --HOST --PORT --CONNECT-TIMEOUT --TIMEOUT --profile --container-ids --smb-ips-pool --smb-ips-range --help)
        ;;
        "weka smb cluster debug")
            complete_words=();
            complete_arguments=(level);
            complete_repeatable_flags=(--container-ids);
            complete_long_flags=(--color --HOST --PORT --CONNECT-TIMEOUT --TIMEOUT --profile --container-ids --help --json)
        ;;
        "weka smb cluster remove")
            complete_words=();
            complete_arguments=();
            complete_repeatable_flags=();
            complete_long_flags=(--color --HOST --PORT --CONNECT-TIMEOUT --TIMEOUT --profile --force --help)
        ;;
        "weka smb cluster host-access")
            complete_words=();
            complete_arguments=();
            complete_repeatable_flags=();
            complete_long_flags=(--color --help)
        ;;
        "weka smb cluster host-access add")
            complete_words=();
            complete_arguments=(mode);
            complete_repeatable_flags=(--ips --hosts);
            complete_long_flags=(--timeout --color --HOST --PORT --CONNECT-TIMEOUT --TIMEOUT --profile --ips --hosts --force --help --json)
        ;;
        "weka smb cluster host-access list")
            complete_words=();
            complete_arguments=();
            complete_repeatable_flags=(--output --sort --filter --filter-color);
            complete_long_flags=(--color --HOST --PORT --CONNECT-TIMEOUT --TIMEOUT --profile --format --output --sort --filter --filter-color --help --no-header --verbose)
        ;;
        "weka smb cluster host-access remove")
            complete_words=();
            complete_arguments=(hosts);
            complete_repeatable_flags=();
            complete_long_flags=(--color --HOST --PORT --CONNECT-TIMEOUT --TIMEOUT --profile --force --help --json)
        ;;
        "weka smb cluster host-access reset")
            complete_words=();
            complete_arguments=(mode);
            complete_repeatable_flags=();
            complete_long_flags=(--color --HOST --PORT --CONNECT-TIMEOUT --TIMEOUT --profile --force --help --json)
        ;;
        "weka smb cluster status")
            complete_words=();
            complete_arguments=();
            complete_repeatable_flags=();
            complete_long_flags=(--color --HOST --PORT --CONNECT-TIMEOUT --TIMEOUT --profile --help --json)
        ;;
        "weka smb cluster trusted-domains")
            complete_words=(add remove);
            complete_arguments=();
            complete_repeatable_flags=(--output --sort --filter --filter-color);
            complete_long_flags=(--color --HOST --PORT --CONNECT-TIMEOUT --TIMEOUT --profile --format --output --sort --filter --filter-color --help --no-header --verbose)
        ;;
        "weka smb cluster trusted-domains add")
            complete_words=();
            complete_arguments=(domain-name from-id to-id);
            complete_repeatable_flags=();
            complete_long_flags=(--color --HOST --PORT --CONNECT-TIMEOUT --TIMEOUT --profile --force --help --json)
        ;;
        "weka smb cluster trusted-domains remove")
            complete_words=();
            complete_arguments=(trusteddomain-id);
            complete_repeatable_flags=();
            complete_long_flags=(--color --HOST --PORT --CONNECT-TIMEOUT --TIMEOUT --profile --force --help)
        ;;
        "weka smb cluster update")
            complete_words=();
            complete_arguments=();
            complete_repeatable_flags=(--smb-ips-pool --smb-ips-range);
            complete_long_flags=(--color --HOST --PORT --CONNECT-TIMEOUT --TIMEOUT --profile --encryption --smb-ips-pool --smb-ips-range --help)
        ;;
        "weka smb cluster wait")
            complete_words=();
            complete_arguments=();
            complete_repeatable_flags=();
            complete_long_flags=(--timeout --color --HOST --PORT --CONNECT-TIMEOUT --TIMEOUT --profile --help)
        ;;
        "weka smb domain")
            complete_words=(join leave);
            complete_arguments=();
            complete_repeatable_flags=();
            complete_long_flags=(--color --HOST --PORT --CONNECT-TIMEOUT --TIMEOUT --profile --help --json)
        ;;
        "weka smb domain join")
            complete_words=();
            complete_arguments=(username password);
            complete_repeatable_flags=();
            complete_long_flags=(--server --create-computer --extra-options --timeout --color --HOST --PORT --CONNECT-TIMEOUT --TIMEOUT --profile --debug --help --json)
        ;;
        "weka smb domain leave")
            complete_words=();
            complete_arguments=(username password);
            complete_repeatable_flags=();
            complete_long_flags=(--color --HOST --PORT --CONNECT-TIMEOUT --TIMEOUT --profile --debug --force --help --json)
        ;;
        "weka smb share")
            complete_words=(add host-access list remove update);
            complete_arguments=();
            complete_repeatable_flags=(--output --sort --filter --filter-color);
            complete_long_flags=(--color --HOST --PORT --CONNECT-TIMEOUT --TIMEOUT --profile --format --output --sort --filter --filter-color --help --no-header --verbose)
        ;;
        "weka smb share add")
            complete_words=();
            complete_arguments=(share-name fs-name);
            complete_repeatable_flags=(--users);
            complete_long_flags=(--description --internal-path --file-create-mask --directory-create-mask --acl --map-acls --case-sensitivity --obs-direct --encryption --read-only --user-list-type --allow-guest-access --enable-ADS --hidden --vfs-zerocopy-read --color --HOST --PORT --CONNECT-TIMEOUT --TIMEOUT --profile --users --force --help --json)
        ;;
        "weka smb share host-access")
            complete_words=(add list remove reset);
            complete_arguments=();
            complete_repeatable_flags=();
            complete_long_flags=(--color --help)
        ;;
        "weka smb share host-access add")
            complete_words=();
            complete_arguments=(share-id mode);
            complete_repeatable_flags=(--ips);
            complete_long_flags=(--color --HOST --PORT --CONNECT-TIMEOUT --TIMEOUT --profile --ips --help --json)
        ;;
        "weka smb share host-access list")
            complete_words=();
            complete_arguments=();
            complete_repeatable_flags=(--output --sort --filter --filter-color);
            complete_long_flags=(--color --HOST --PORT --CONNECT-TIMEOUT --TIMEOUT --profile --format --output --sort --filter --filter-color --help --no-header --verbose)
        ;;
        "weka smb share host-access remove")
            complete_words=();
            complete_arguments=(share_id hosts);
            complete_repeatable_flags=();
            complete_long_flags=(--color --HOST --PORT --CONNECT-TIMEOUT --TIMEOUT --profile --help --json)
        ;;
        "weka smb share host-access reset")
            complete_words=();
            complete_arguments=(share-id mode);
            complete_repeatable_flags=();
            complete_long_flags=(--color --HOST --PORT --CONNECT-TIMEOUT --TIMEOUT --profile --force --help --json)
        ;;
        "weka smb share list")
            complete_words=(add remove reset show);
            complete_arguments=();
            complete_repeatable_flags=();
            complete_long_flags=(--color --help)
        ;;
        "weka smb share list add")
            complete_words=();
            complete_arguments=(share-id user-list-type);
            complete_repeatable_flags=(--users);
            complete_long_flags=(--color --HOST --PORT --CONNECT-TIMEOUT --TIMEOUT --profile --users --help --json)
        ;;
        "weka smb share list remove")
            complete_words=();
            complete_arguments=(share_id user-list-type);
            complete_repeatable_flags=(--users);
            complete_long_flags=(--color --HOST --PORT --CONNECT-TIMEOUT --TIMEOUT --profile --users --help --json)
        ;;
        "weka smb share list reset")
            complete_words=();
            complete_arguments=(share-id user-list-type);
            complete_repeatable_flags=();
            complete_long_flags=(--color --HOST --PORT --CONNECT-TIMEOUT --TIMEOUT --profile --help --json)
        ;;
        "weka smb share list show")
            complete_words=();
            complete_arguments=();
            complete_repeatable_flags=(--output --sort --filter --filter-color);
            complete_long_flags=(--color --HOST --PORT --CONNECT-TIMEOUT --TIMEOUT --profile --format --output --sort --filter --filter-color --help --no-header --verbose)
        ;;
        "weka smb share remove")
            complete_words=();
            complete_arguments=(share-id);
            complete_repeatable_flags=();
            complete_long_flags=(--color --HOST --PORT --CONNECT-TIMEOUT --TIMEOUT --profile --force --help)
        ;;
        "weka smb share update")
            complete_words=();
            complete_arguments=(share-id);
            complete_repeatable_flags=();
            complete_long_flags=(--color --HOST --PORT --CONNECT-TIMEOUT --TIMEOUT --profile --encryption --read-only --allow-guest-access --hidden --help)
        ;;
        "weka stats")
            complete_words=(list-types realtime retention);
            complete_arguments=();
            complete_repeatable_flags=(--category --stat --process-ids --param --exclude-process-ids --output --sort --filter --filter-color);
            complete_long_flags=(--start-time --end-time --interval --resolution-secs --role --aggregate-by --query-timeout --color --HOST --PORT --CONNECT-TIMEOUT --TIMEOUT --profile --format --category --stat --process-ids --param --exclude-process-ids --output --sort --filter --filter-color --accumulated --per-process --per-role --no-zeros --show-internal --skip-validations --help --raw-units --UTC --no-header --verbose)
        ;;
        "weka stats list-types")
            complete_words=();
            complete_arguments=(name-or-category);
            complete_repeatable_flags=(--output --sort --filter --filter-color);
            complete_long_flags=(--color --HOST --PORT --CONNECT-TIMEOUT --TIMEOUT --profile --format --output --sort --filter --filter-color --show-internal --help --no-header --verbose)
        ;;
        "weka stats realtime")
            complete_words=();
            complete_arguments=(process-ids);
            complete_repeatable_flags=(--output --sort --filter --filter-color);
            complete_long_flags=(--color --HOST --PORT --CONNECT-TIMEOUT --TIMEOUT --profile --format --output --sort --filter --filter-color --help --raw-units --UTC --show-total --no-header --verbose)
        ;;
        "weka stats retention")
            complete_words=(restore-default set status);
            complete_arguments=();
            complete_repeatable_flags=();
            complete_long_flags=(--color --help)
        ;;
        "weka stats retention restore-default")
            complete_words=();
            complete_arguments=();
            complete_repeatable_flags=();
            complete_long_flags=(--color --HOST --PORT --CONNECT-TIMEOUT --TIMEOUT --profile --dry-run --help --json)
        ;;
        "weka stats retention set")
            complete_words=();
            complete_arguments=();
            complete_repeatable_flags=();
            complete_long_flags=(--days --color --HOST --PORT --CONNECT-TIMEOUT --TIMEOUT --profile --dry-run --help --json)
        ;;
        "weka stats retention status")
            complete_words=();
            complete_arguments=();
            complete_repeatable_flags=();
            complete_long_flags=(--color --HOST --PORT --CONNECT-TIMEOUT --TIMEOUT --profile --help --json)
        ;;
        "weka status")
            complete_words=(rebuild reduction);
            complete_arguments=();
            complete_repeatable_flags=();
            complete_long_flags=(--color --HOST --PORT --CONNECT-TIMEOUT --TIMEOUT --profile --detailed-capacity --help --json --raw-units --UTC)
        ;;
        "weka status rebuild")
            complete_words=();
            complete_arguments=();
            complete_repeatable_flags=();
            complete_long_flags=(--color --HOST --PORT --CONNECT-TIMEOUT --TIMEOUT --profile --help --json --raw-units --UTC)
        ;;
        "weka status reduction")
            complete_words=();
            complete_arguments=();
            complete_repeatable_flags=();
            complete_long_flags=(--color --HOST --PORT --CONNECT-TIMEOUT --TIMEOUT --profile --help --json --raw-units --UTC)
        ;;
        "weka telemetry")
            complete_words=(exports);
            complete_arguments=();
            complete_repeatable_flags=();
            complete_long_flags=(--color --help)
        ;;
        "weka telemetry exports")
            complete_words=(add attach detach disable enable list remove update);
            complete_arguments=();
            complete_repeatable_flags=();
            complete_long_flags=(--color --help)
        ;;
        "weka telemetry exports add")
            complete_words=(s3 splunk);
            complete_arguments=();
            complete_repeatable_flags=();
            complete_long_flags=(--color --help)
        ;;
        "weka telemetry exports add file")
            complete_words=();
            complete_arguments=(name);
            complete_repeatable_flags=(--sources);
            complete_long_flags=(--color --HOST --PORT --CONNECT-TIMEOUT --TIMEOUT --profile --target --sources --help --json --disabled --without-sources)
        ;;
        "weka telemetry exports add s3")
            complete_words=();
            complete_arguments=(name);
            complete_repeatable_flags=(--sources);
            complete_long_flags=(--color --HOST --PORT --CONNECT-TIMEOUT --TIMEOUT --profile --target --ca-cert --allow-unverified-certificate --verify-with-cluster-cacert --bucket-name --access-key-id --secret-key --region --sources --help --json --disabled --without-sources)
        ;;
        "weka telemetry exports add splunk")
            complete_words=();
            complete_arguments=(name);
            complete_repeatable_flags=(--sources);
            complete_long_flags=(--color --HOST --PORT --CONNECT-TIMEOUT --TIMEOUT --profile --target --ca-cert --allow-unverified-certificate --verify-with-cluster-cacert --auth-token --sources --help --json --disabled --without-sources)
        ;;
        "weka telemetry exports add vector")
            complete_words=();
            complete_arguments=(name);
            complete_repeatable_flags=(--sources);
            complete_long_flags=(--color --HOST --PORT --CONNECT-TIMEOUT --TIMEOUT --profile --target --ca-cert --allow-unverified-certificate --verify-with-cluster-cacert --sources --help --json --disabled --without-sources)
        ;;
        "weka telemetry exports attach")
            complete_words=();
            complete_arguments=(export-id sources);
            complete_repeatable_flags=();
            complete_long_flags=(--color --HOST --PORT --CONNECT-TIMEOUT --TIMEOUT --profile --help --json)
        ;;
        "weka telemetry exports detach")
            complete_words=();
            complete_arguments=(export-id sources);
            complete_repeatable_flags=();
            complete_long_flags=(--color --HOST --PORT --CONNECT-TIMEOUT --TIMEOUT --profile --help --json --force)
        ;;
        "weka telemetry exports disable")
            complete_words=();
            complete_arguments=(export-id);
            complete_repeatable_flags=();
            complete_long_flags=(--color --HOST --PORT --CONNECT-TIMEOUT --TIMEOUT --profile --help)
        ;;
        "weka telemetry exports enable")
            complete_words=();
            complete_arguments=(export-id);
            complete_repeatable_flags=();
            complete_long_flags=(--color --HOST --PORT --CONNECT-TIMEOUT --TIMEOUT --profile --help)
        ;;
        "weka telemetry exports list")
            complete_words=();
            complete_arguments=();
            complete_repeatable_flags=(--output --sort --filter --filter-color);
            complete_long_flags=(--name --type --color --HOST --PORT --CONNECT-TIMEOUT --TIMEOUT --profile --format --output --sort --filter --filter-color --help --no-header --verbose)
        ;;
        "weka telemetry exports remove")
            complete_words=();
            complete_arguments=(export-id);
            complete_repeatable_flags=();
            complete_long_flags=(--color --HOST --PORT --CONNECT-TIMEOUT --TIMEOUT --profile --help --force)
        ;;
        "weka telemetry exports update")
            complete_words=(s3 splunk);
            complete_arguments=();
            complete_repeatable_flags=();
            complete_long_flags=(--color --help)
        ;;
        "weka telemetry exports update file")
            complete_words=();
            complete_arguments=(export-id);
            complete_repeatable_flags=(--sources);
            complete_long_flags=(--color --HOST --PORT --CONNECT-TIMEOUT --TIMEOUT --profile --name --target --sources --help --json)
        ;;
        "weka telemetry exports update s3")
            complete_words=();
            complete_arguments=(export-id);
            complete_repeatable_flags=(--sources);
            complete_long_flags=(--color --HOST --PORT --CONNECT-TIMEOUT --TIMEOUT --profile --name --target --ca-cert --allow-unverified-certificate --verify-with-cluster-cacert --bucket-name --access-key-id --secret-key --region --clear-tls-settings --sources --help --json)
        ;;
        "weka telemetry exports update splunk")
            complete_words=();
            complete_arguments=(export-id);
            complete_repeatable_flags=(--sources);
            complete_long_flags=(--color --HOST --PORT --CONNECT-TIMEOUT --TIMEOUT --profile --name --target --ca-cert --allow-unverified-certificate --verify-with-cluster-cacert --auth-token --clear-tls-settings --sources --help --json)
        ;;
        "weka telemetry exports update vector")
            complete_words=();
            complete_arguments=(export-id);
            complete_repeatable_flags=(--sources);
            complete_long_flags=(--color --HOST --PORT --CONNECT-TIMEOUT --TIMEOUT --profile --name --target --ca-cert --allow-unverified-certificate --verify-with-cluster-cacert --clear-tls-settings --sources --help --json)
        ;;
        "weka umount")
            complete_words=();
            complete_arguments=(target);
            complete_repeatable_flags=();
            complete_long_flags=(--type --color --verbose --no-mtab --lazy-unmount --force --readonly --help)
        ;;
        "weka upgrade")
            complete_words=(pause resume supported-features);
            complete_arguments=();
            complete_repeatable_flags=();
            complete_long_flags=(--color --help)
        ;;
        "weka upgrade pause")
            complete_words=();
            complete_arguments=();
            complete_repeatable_flags=();
            complete_long_flags=(--color --HOST --PORT --CONNECT-TIMEOUT --TIMEOUT --profile --help --json)
        ;;
        "weka upgrade resume")
            complete_words=();
            complete_arguments=();
            complete_repeatable_flags=();
            complete_long_flags=(--color --HOST --PORT --CONNECT-TIMEOUT --TIMEOUT --profile --help --json)
        ;;
        "weka upgrade supported-features")
            complete_words=();
            complete_arguments=();
            complete_repeatable_flags=();
            complete_long_flags=(--color --HOST --PORT --CONNECT-TIMEOUT --TIMEOUT --profile --help --json)
        ;;
        "weka user")
            complete_words=(add change-role generate-token ldap login logout passwd remove revoke-tokens update whoami);
            complete_arguments=();
            complete_repeatable_flags=(--output --sort --filter --filter-color);
            complete_long_flags=(--color --HOST --PORT --CONNECT-TIMEOUT --TIMEOUT --profile --format --output --sort --filter --filter-color --help --no-header --verbose)
        ;;
        "weka user add")
            complete_words=();
            complete_arguments=(username role password);
            complete_repeatable_flags=();
            complete_long_flags=(--posix-uid --posix-gid --color --HOST --PORT --CONNECT-TIMEOUT --TIMEOUT --profile --help --json)
        ;;
        "weka user change-role")
            complete_words=();
            complete_arguments=(username role);
            complete_repeatable_flags=();
            complete_long_flags=(--color --HOST --PORT --CONNECT-TIMEOUT --TIMEOUT --profile --help)
        ;;
        "weka user remove")
            complete_words=();
            complete_arguments=(username);
            complete_repeatable_flags=();
            complete_long_flags=(--color --HOST --PORT --CONNECT-TIMEOUT --TIMEOUT --profile --help)
        ;;
        "weka user generate-token")
            complete_words=();
            complete_arguments=();
            complete_repeatable_flags=();
            complete_long_flags=(--access-token-timeout --color --HOST --PORT --CONNECT-TIMEOUT --TIMEOUT --profile --help --json)
        ;;
        "weka user ldap")
            complete_words=(disable enable reset setup setup-ad update);
            complete_arguments=();
            complete_repeatable_flags=();
            complete_long_flags=(--color --HOST --PORT --CONNECT-TIMEOUT --TIMEOUT --profile --help --json)
        ;;
        "weka user ldap disable")
            complete_words=();
            complete_arguments=();
            complete_repeatable_flags=();
            complete_long_flags=(--color --HOST --PORT --CONNECT-TIMEOUT --TIMEOUT --profile --force --help --json)
        ;;
        "weka user ldap enable")
            complete_words=();
            complete_arguments=();
            complete_repeatable_flags=();
            complete_long_flags=(--color --HOST --PORT --CONNECT-TIMEOUT --TIMEOUT --profile --help --json)
        ;;
        "weka user ldap reset")
            complete_words=();
            complete_arguments=();
            complete_repeatable_flags=();
            complete_long_flags=(--color --HOST --PORT --CONNECT-TIMEOUT --TIMEOUT --profile --force --help --json)
        ;;
        "weka user ldap setup")
            complete_words=();
            complete_arguments=(server-uri base-dn user-object-class user-id-attribute group-object-class group-membership-attribute group-id-attribute reader-username reader-password);
            complete_repeatable_flags=();
            complete_long_flags=(--cluster-admin-group --org-admin-group --regular-group --readonly-group --start-tls --ignore-start-tls-failure --server-timeout-secs --protocol-version --user-revocation-attribute --color --HOST --PORT --CONNECT-TIMEOUT --TIMEOUT --profile --help --json)
        ;;
        "weka user ldap setup-ad")
            complete_words=();
            complete_arguments=(server-uri domain reader-username reader-password);
            complete_repeatable_flags=();
            complete_long_flags=(--cluster-admin-group --org-admin-group --regular-group --readonly-group --start-tls --ignore-start-tls-failure --server-timeout-secs --user-revocation-attribute --color --HOST --PORT --CONNECT-TIMEOUT --TIMEOUT --profile --help --json)
        ;;
        "weka user ldap update")
            complete_words=();
            complete_arguments=();
            complete_repeatable_flags=();
            complete_long_flags=(--server-uri --base-dn --user-object-class --user-id-attribute --group-object-class --group-membership-attribute --group-id-attribute --reader-username --reader-password --cluster-admin-group --org-admin-group --regular-group --readonly-group --start-tls --certificate --ignore-start-tls-failure --server-timeout-secs --protocol-version --user-revocation-attribute --color --HOST --PORT --CONNECT-TIMEOUT --TIMEOUT --profile --help --json)
        ;;
        "weka user login")
            complete_words=();
            complete_arguments=(username password);
            complete_repeatable_flags=();
            complete_long_flags=(--org --path --color --HOST --PORT --CONNECT-TIMEOUT --TIMEOUT --profile --help)
        ;;
        "weka user logout")
            complete_words=();
            complete_arguments=();
            complete_repeatable_flags=();
            complete_long_flags=(--color --HOST --PORT --CONNECT-TIMEOUT --TIMEOUT --profile --help)
        ;;
        "weka user passwd")
            complete_words=();
            complete_arguments=(password);
            complete_repeatable_flags=();
            complete_long_flags=(--username --current-password --color --HOST --PORT --CONNECT-TIMEOUT --TIMEOUT --profile --help)
        ;;
        "weka user revoke-tokens")
            complete_words=();
            complete_arguments=(username);
            complete_repeatable_flags=();
            complete_long_flags=(--color --HOST --PORT --CONNECT-TIMEOUT --TIMEOUT --profile --help --json)
        ;;
        "weka user update")
            complete_words=();
            complete_arguments=(username);
            complete_repeatable_flags=();
            complete_long_flags=(--posix-uid --posix-gid --role --color --HOST --PORT --CONNECT-TIMEOUT --TIMEOUT --profile --help)
        ;;
        "weka user whoami")
            complete_words=();
            complete_arguments=();
            complete_repeatable_flags=(--output);
            complete_long_flags=(--color --HOST --PORT --CONNECT-TIMEOUT --TIMEOUT --profile --format --output --help --no-header --verbose)
        ;;
        "weka version")
            complete_words=(current get prepare reset rm set);
            complete_arguments=();
            complete_repeatable_flags=();
            complete_long_flags=(--color --full --help --json)
        ;;
        "weka version current")
            complete_words=();
            complete_arguments=();
            complete_repeatable_flags=();
            complete_long_flags=(--container --color --help)
        ;;
        "weka version get")
            complete_words=();
            complete_arguments=(version);
            complete_repeatable_flags=(--from);
            complete_long_flags=(--color --from --set-current --no-progress-bar --set-dist-servers --client-only --driver-only --help)
        ;;
        "weka version prepare")
            complete_words=();
            complete_arguments=(version-name containers);
            complete_repeatable_flags=();
            complete_long_flags=(--color --help)
        ;;
        "weka version rm")
            complete_words=();
            complete_arguments=(version-name);
            complete_repeatable_flags=();
            complete_long_flags=(--color --clean-unused --force --help)
        ;;
        "weka version set")
            complete_words=();
            complete_arguments=(version);
            complete_repeatable_flags=();
            complete_long_flags=(--container --color --allow-running-containers --default-only --agent-only --set-dependent --client-only --help)
        ;;
        "weka version reset")
            complete_words=();
            complete_arguments=();
            complete_repeatable_flags=();
            complete_long_flags=(--color --help)
        ;;
    esac;
    for ((i = 0; i < ${#flags[@]}; i++))
    do
        if [[ ! " ${complete_repeatable_flags[@]} " =~ " ${flags[i]} " ]]; then
            non_repeating_flags+=("${flags[i]}");
        fi;
    done;
    subtraction_set=($( comm -13 <(printf '%s\n' "${non_repeating_flags[@]}" | sort) <(printf '%s\n' "${complete_long_flags[@]}" | sort)));
    if [[ "${only_flags}" == true ]]; then
        COMPREPLY=($( compgen -W "${subtraction_set[*]}" -- ${COMP_WORDS[COMP_CWORD]} ));
    else
        COMPREPLY=($( compgen -W "${complete_words[*]}" --  ${COMP_WORDS[COMP_CWORD]} ; compgen -W "${subtraction_set[*]}" -- ${COMP_WORDS[COMP_CWORD]} ));
    fi
}
conda () 
{ 
    \local cmd="${1-__missing__}";
    case "$cmd" in 
        activate | deactivate)
            __conda_activate "$@"
        ;;
        install | update | upgrade | remove | uninstall)
            __conda_exe "$@" || \return;
            __conda_reactivate
        ;;
        *)
            __conda_exe "$@"
        ;;
    esac
}
gawklibpath_append () 
{ 
    [ -z "$AWKLIBPATH" ] && AWKLIBPATH=`gawk 'BEGIN {print ENVIRON["AWKLIBPATH"]}'`;
    export AWKLIBPATH="$AWKLIBPATH:$*"
}
gawklibpath_default () 
{ 
    unset AWKLIBPATH;
    export AWKLIBPATH=`gawk 'BEGIN {print ENVIRON["AWKLIBPATH"]}'`
}
gawklibpath_prepend () 
{ 
    [ -z "$AWKLIBPATH" ] && AWKLIBPATH=`gawk 'BEGIN {print ENVIRON["AWKLIBPATH"]}'`;
    export AWKLIBPATH="$*:$AWKLIBPATH"
}
gawkpath_append () 
{ 
    [ -z "$AWKPATH" ] && AWKPATH=`gawk 'BEGIN {print ENVIRON["AWKPATH"]}'`;
    export AWKPATH="$AWKPATH:$*"
}
gawkpath_default () 
{ 
    unset AWKPATH;
    export AWKPATH=`gawk 'BEGIN {print ENVIRON["AWKPATH"]}'`
}
gawkpath_prepend () 
{ 
    [ -z "$AWKPATH" ] && AWKPATH=`gawk 'BEGIN {print ENVIRON["AWKPATH"]}'`;
    export AWKPATH="$*:$AWKPATH"
}
ml () 
{ 
    module ml "$@"
}
module () 
{ 
    local _mlredir=0;
    if [ -n "${MODULES_REDIRECT_OUTPUT+x}" ]; then
        if [ "$MODULES_REDIRECT_OUTPUT" = '0' ]; then
            _mlredir=0;
        else
            if [ "$MODULES_REDIRECT_OUTPUT" = '1' ]; then
                _mlredir=1;
            fi;
        fi;
    fi;
    case " $@ " in 
        *' --no-redirect '*)
            _mlredir=0
        ;;
        *' --redirect '*)
            _mlredir=1
        ;;
    esac;
    if [ $_mlredir -eq 0 ]; then
        _module_raw "$@";
    else
        _module_raw "$@" 2>&1;
    fi
}
scl () 
{ 
    if [ "$1" = "load" -o "$1" = "unload" ]; then
        eval "module $@";
    else
        /usr/bin/scl "$@";
    fi
}
which () 
{ 
    ( alias;
    eval ${which_declare} ) | /usr/bin/which --tty-only --read-alias --read-functions --show-tilde --show-dot $@
}
Generating 3000 eps x 200 frames @ 64x64
  300/3000 episodes  (1.4s)
  600/3000 episodes  (2.8s)
  900/3000 episodes  (4.2s)
  1200/3000 episodes  (5.6s)
  1500/3000 episodes  (7.0s)
  1800/3000 episodes  (8.4s)
  2100/3000 episodes  (9.8s)
  2400/3000 episodes  (11.1s)
  2700/3000 episodes  (12.5s)
  3000/3000 episodes  (13.9s)

Saved frames  -> gridworld.npy   (3000, 200, 64, 64, 3)
Saved actions -> gridworld_actions.npy  (3000, 200)  (occluded fraction 0.50)
Saved states  -> gridworld_states.npy   (3000, 200, 5)
Saved colors  -> gridworld_colors.npy   (3000, 2)  (PALETTE order: ('red', 'green', 'blue', 'pink'))
Disk: frames 7372.8 MB
DataLoader: num_workers=8 pin_memory=True prefetch_factor=4 persistent_workers=True
[health] latent-collapse probe: 64 revealed frames from gridworld_actions.npy
wandb: [wandb.login()] Loaded credentials for https://api.wandb.ai from /home/martius/mot936/.netrc.
wandb: Currently logged in as: merlin_ (models-eberhard-karls-universit-t-t-bingen) to https://api.wandb.ai. Use `wandb login --relogin` to force relogin
wandb: setting up run 5d38b2nc
wandb: Tracking run with wandb version 0.26.1
wandb: Run data is saved locally in /weka/martius/mot936/dreamerv4-tests/wandb/run-20260618_142046-5d38b2nc
wandb: Run `wandb offline` to turn off syncing.
wandb: Syncing run gridworld-tok-v2
wandb: ⭐️ View project at https://wandb.ai/models-eberhard-karls-universit-t-t-bingen/transformer-C-tokenizer
wandb: 🚀 View run at https://wandb.ai/models-eberhard-karls-universit-t-t-bingen/transformer-C-tokenizer/runs/5d38b2nc
Setting up [LPIPS] perceptual loss: trunk [vgg], v[0.1], spatial [off]
/weka/martius/mot936/venvs/venv-b05c6eb3f672f99e/lib64/python3.9/site-packages/torchvision/models/_utils.py:208: UserWarning: The parameter 'pretrained' is deprecated since 0.13 and may be removed in the future, please use 'weights' instead.
  warnings.warn(
/weka/martius/mot936/venvs/venv-b05c6eb3f672f99e/lib64/python3.9/site-packages/torchvision/models/_utils.py:223: UserWarning: Arguments other than a weight enum or `None` for 'weights' are deprecated since 0.13 and may be removed in the future. The current behavior is equivalent to passing `weights=VGG16_Weights.IMAGENET1K_V1`. You can also use `weights=VGG16_Weights.DEFAULT` to get the most up-to-date weights.
  warnings.warn(msg)
Loading model from: /weka/martius/mot936/venvs/venv-b05c6eb3f672f99e/lib64/python3.9/site-packages/lpips/weights/v0.1/vgg.pth
LPIPS enabled (net=vgg, weight=0.2)
Epochs:   0%|          | 0/30 [00:00<?, ?it/s]
Train 1/30:   0%|          | 0/534 [00:00<?, ?it/s][A
Train 1/30:   0%|          | 1/534 [00:03<26:51,  3.02s/it][A
Train 1/30:   1%|          | 5/534 [00:04<06:24,  1.38it/s][A
Train 1/30:   2%|▏         | 9/534 [00:05<04:23,  1.99it/s][A
Train 1/30:   2%|▏         | 13/534 [00:06<03:39,  2.38it/s][A
Train 1/30:   3%|▎         | 17/534 [00:08<03:17,  2.62it/s][A
Train 1/30:   4%|▍         | 21/534 [00:09<03:04,  2.79it/s][A
Train 1/30:   5%|▍         | 25/534 [00:10<02:55,  2.90it/s][A
Train 1/30:   5%|▌         | 29/534 [00:11<02:49,  2.97it/s][A
Train 1/30:   6%|▌         | 33/534 [00:13<02:45,  3.03it/s][A
Train 1/30:   7%|▋         | 37/534 [00:14<02:42,  3.06it/s][A
Train 1/30:   8%|▊         | 41/534 [00:15<02:39,  3.09it/s][A
Train 1/30:   8%|▊         | 45/534 [00:17<02:37,  3.11it/s][A
Train 1/30:   9%|▉         | 49/534 [00:18<02:35,  3.12it/s][A
Train 1/30:  10%|▉         | 53/534 [00:19<02:33,  3.13it/s][A
Train 1/30:  11%|█         | 57/534 [00:20<02:32,  3.13it/s][A
Train 1/30:  11%|█▏        | 61/534 [00:22<02:30,  3.13it/s][A
Train 1/30:  12%|█▏        | 65/534 [00:23<02:29,  3.13it/s][A
Train 1/30:  13%|█▎        | 69/534 [00:24<02:28,  3.13it/s][A
Train 1/30:  14%|█▎        | 73/534 [00:25<02:26,  3.14it/s][A
Train 1/30:  14%|█▍        | 77/534 [00:27<02:25,  3.15it/s][A
Train 1/30:  15%|█▌        | 81/534 [00:28<02:23,  3.15it/s][A
Train 1/30:  16%|█▌        | 85/534 [00:29<02:22,  3.16it/s][A
Train 1/30:  17%|█▋        | 89/534 [00:31<02:20,  3.16it/s][A
Train 1/30:  17%|█▋        | 93/534 [00:32<02:19,  3.16it/s][A
Train 1/30:  18%|█▊        | 97/534 [00:33<02:18,  3.16it/s][A
Train 1/30:  19%|█▉        | 101/534 [00:34<02:16,  3.16it/s][A
Train 1/30:  20%|█▉        | 105/534 [00:36<02:15,  3.16it/s][A
Train 1/30:  20%|██        | 109/534 [00:37<02:14,  3.16it/s][A
Train 1/30:  21%|██        | 113/534 [00:38<02:13,  3.16it/s][A
Train 1/30:  22%|██▏       | 117/534 [00:39<02:11,  3.16it/s][A
Train 1/30:  23%|██▎       | 121/534 [00:41<02:10,  3.17it/s][A
Train 1/30:  23%|██▎       | 125/534 [00:42<02:09,  3.16it/s][A
Train 1/30:  24%|██▍       | 129/534 [00:43<02:08,  3.16it/s][A
Train 1/30:  25%|██▍       | 133/534 [00:44<02:06,  3.17it/s][A
Train 1/30:  26%|██▌       | 137/534 [00:46<02:05,  3.17it/s][A
Train 1/30:  26%|██▋       | 141/534 [00:47<02:04,  3.17it/s][A
Train 1/30:  27%|██▋       | 145/534 [00:48<02:02,  3.17it/s][A
Train 1/30:  28%|██▊       | 149/534 [00:49<02:01,  3.17it/s][A
Train 1/30:  29%|██▊       | 153/534 [00:51<02:00,  3.17it/s][A
Train 1/30:  29%|██▉       | 157/534 [00:52<01:59,  3.17it/s][A
Train 1/30:  30%|███       | 161/534 [00:53<01:57,  3.17it/s][A
Train 1/30:  31%|███       | 165/534 [00:55<01:56,  3.17it/s][A
Train 1/30:  32%|███▏      | 169/534 [00:56<01:55,  3.17it/s][A
Train 1/30:  32%|███▏      | 173/534 [00:57<01:53,  3.17it/s][A
Train 1/30:  33%|███▎      | 177/534 [00:58<01:52,  3.17it/s][A
Train 1/30:  34%|███▍      | 181/534 [01:00<01:51,  3.17it/s][A
Train 1/30:  35%|███▍      | 185/534 [01:01<01:50,  3.16it/s][A
Train 1/30:  35%|███▌      | 189/534 [01:02<01:49,  3.16it/s][A
Train 1/30:  36%|███▌      | 193/534 [01:03<01:47,  3.16it/s][A
Train 1/30:  37%|███▋      | 197/534 [01:05<01:46,  3.16it/s][A
Train 1/30:  38%|███▊      | 201/534 [01:06<01:45,  3.16it/s][A
Train 1/30:  38%|███▊      | 205/534 [01:07<01:44,  3.16it/s][A
Train 1/30:  39%|███▉      | 209/534 [01:08<01:42,  3.16it/s][A
Train 1/30:  40%|███▉      | 213/534 [01:10<01:41,  3.16it/s][A
Train 1/30:  41%|████      | 217/534 [01:11<01:40,  3.16it/s][A
Train 1/30:  41%|████▏     | 221/534 [01:12<01:39,  3.16it/s][A
Train 1/30:  42%|████▏     | 225/534 [01:13<01:37,  3.16it/s][A
Train 1/30:  43%|████▎     | 229/534 [01:15<01:36,  3.16it/s][A
Train 1/30:  44%|████▎     | 233/534 [01:16<01:35,  3.16it/s][A
Train 1/30:  44%|████▍     | 237/534 [01:17<01:33,  3.16it/s][A
Train 1/30:  45%|████▌     | 241/534 [01:19<01:32,  3.16it/s][A
Train 1/30:  46%|████▌     | 245/534 [01:20<01:31,  3.16it/s][A
Train 1/30:  47%|████▋     | 249/534 [01:21<01:30,  3.16it/s][A
Train 1/30:  47%|████▋     | 253/534 [01:22<01:28,  3.16it/s][A
Train 1/30:  48%|████▊     | 257/534 [01:24<01:27,  3.16it/s][A
Train 1/30:  49%|████▉     | 261/534 [01:25<01:26,  3.16it/s][A
Train 1/30:  50%|████▉     | 265/534 [01:26<01:25,  3.16it/s][A
Train 1/30:  50%|█████     | 269/534 [01:27<01:23,  3.16it/s][A
Train 1/30:  51%|█████     | 273/534 [01:29<01:22,  3.16it/s][A
Train 1/30:  52%|█████▏    | 277/534 [01:30<01:21,  3.16it/s][A
Train 1/30:  53%|█████▎    | 281/534 [01:31<01:19,  3.17it/s][A
Train 1/30:  53%|█████▎    | 285/534 [01:32<01:18,  3.17it/s][A
Train 1/30:  54%|█████▍    | 289/534 [01:34<01:17,  3.17it/s][A
Train 1/30:  55%|█████▍    | 293/534 [01:35<01:16,  3.16it/s][A
Train 1/30:  56%|█████▌    | 297/534 [01:36<01:14,  3.16it/s][A
Train 1/30:  56%|█████▋    | 301/534 [01:38<01:13,  3.16it/s][A
Train 1/30:  57%|█████▋    | 305/534 [01:39<01:12,  3.16it/s][A
Train 1/30:  58%|█████▊    | 309/534 [01:40<01:11,  3.17it/s][A
Train 1/30:  59%|█████▊    | 313/534 [01:41<01:09,  3.17it/s][A
Train 1/30:  59%|█████▉    | 317/534 [01:43<01:08,  3.16it/s][A
Train 1/30:  60%|██████    | 321/534 [01:44<01:07,  3.17it/s][A
Train 1/30:  61%|██████    | 325/534 [01:45<01:06,  3.16it/s][A
Train 1/30:  62%|██████▏   | 329/534 [01:46<01:04,  3.17it/s][A
Train 1/30:  62%|██████▏   | 333/534 [01:48<01:03,  3.17it/s][A
Train 1/30:  63%|██████▎   | 337/534 [01:49<01:02,  3.16it/s][A
Train 1/30:  64%|██████▍   | 341/534 [01:50<01:01,  3.16it/s][A
Train 1/30:  65%|██████▍   | 345/534 [01:51<00:59,  3.16it/s][A
Train 1/30:  65%|██████▌   | 349/534 [01:53<00:58,  3.16it/s][A
Train 1/30:  66%|██████▌   | 353/534 [01:54<00:57,  3.16it/s][A
Train 1/30:  67%|██████▋   | 357/534 [01:55<00:55,  3.16it/s][A
Train 1/30:  68%|██████▊   | 361/534 [01:56<00:54,  3.16it/s][A
Train 1/30:  68%|██████▊   | 365/534 [01:58<00:53,  3.16it/s][A
Train 1/30:  69%|██████▉   | 369/534 [01:59<00:52,  3.16it/s][A
Train 1/30:  70%|██████▉   | 373/534 [02:00<00:50,  3.16it/s][A
Train 1/30:  71%|███████   | 377/534 [02:02<00:49,  3.16it/s][A
Train 1/30:  71%|███████▏  | 381/534 [02:03<00:48,  3.16it/s][A
Train 1/30:  72%|███████▏  | 385/534 [02:04<00:47,  3.16it/s][A
Train 1/30:  73%|███████▎  | 389/534 [02:05<00:45,  3.16it/s][A
Train 1/30:  74%|███████▎  | 393/534 [02:07<00:44,  3.16it/s][A
Train 1/30:  74%|███████▍  | 397/534 [02:08<00:43,  3.16it/s][A
Train 1/30:  75%|███████▌  | 401/534 [02:09<00:42,  3.16it/s][A
Train 1/30:  76%|███████▌  | 405/534 [02:10<00:40,  3.16it/s][A
Train 1/30:  77%|███████▋  | 409/534 [02:12<00:39,  3.16it/s][A
Train 1/30:  77%|███████▋  | 413/534 [02:13<00:38,  3.16it/s][A
Train 1/30:  78%|███████▊  | 417/534 [02:14<00:36,  3.16it/s][A
Train 1/30:  79%|███████▉  | 421/534 [02:15<00:35,  3.17it/s][A
Train 1/30:  80%|███████▉  | 425/534 [02:17<00:34,  3.17it/s][A
Train 1/30:  80%|████████  | 429/534 [02:18<00:33,  3.17it/s][A
Train 1/30:  81%|████████  | 433/534 [02:19<00:31,  3.17it/s][A
Train 1/30:  82%|████████▏ | 437/534 [02:21<00:30,  3.17it/s][A
Train 1/30:  83%|████████▎ | 441/534 [02:22<00:29,  3.17it/s][A
Train 1/30:  83%|████████▎ | 445/534 [02:23<00:28,  3.16it/s][A
Train 1/30:  84%|████████▍ | 449/534 [02:24<00:26,  3.16it/s][A
Train 1/30:  85%|████████▍ | 453/534 [02:26<00:25,  3.16it/s][A
Train 1/30:  86%|████████▌ | 457/534 [02:27<00:24,  3.16it/s][A
Train 1/30:  86%|████████▋ | 461/534 [02:28<00:23,  3.16it/s][A
Train 1/30:  87%|████████▋ | 465/534 [02:29<00:21,  3.16it/s][A
Train 1/30:  88%|████████▊ | 469/534 [02:31<00:20,  3.16it/s][A
Train 1/30:  89%|████████▊ | 473/534 [02:32<00:19,  3.16it/s][A
Train 1/30:  89%|████████▉ | 477/534 [02:33<00:18,  3.16it/s][A
Train 1/30:  90%|█████████ | 481/534 [02:34<00:16,  3.16it/s][A
Train 1/30:  91%|█████████ | 485/534 [02:36<00:15,  3.16it/s][A
Train 1/30:  92%|█████████▏| 489/534 [02:37<00:14,  3.16it/s][A
Train 1/30:  92%|█████████▏| 493/534 [02:38<00:12,  3.16it/s][A
Train 1/30:  93%|█████████▎| 497/534 [02:39<00:11,  3.16it/s][A
Train 1/30:  94%|█████████▍| 501/534 [02:41<00:10,  3.17it/s][A
Train 1/30:  95%|█████████▍| 505/534 [02:42<00:09,  3.17it/s][A
Train 1/30:  95%|█████████▌| 509/534 [02:43<00:07,  3.17it/s][A
Train 1/30:  96%|█████████▌| 513/534 [02:45<00:06,  3.17it/s][A
Train 1/30:  97%|█████████▋| 517/534 [02:46<00:05,  3.17it/s][A
Train 1/30:  98%|█████████▊| 521/534 [02:47<00:04,  3.17it/s][A
Train 1/30:  98%|█████████▊| 525/534 [02:48<00:02,  3.17it/s][A
Train 1/30:  99%|█████████▉| 529/534 [02:50<00:01,  3.17it/s][A
Train 1/30: 100%|█████████▉| 533/534 [02:51<00:00,  3.17it/s][A
                                                             [A
Val:   0%|          | 0/29 [00:00<?, ?it/s][A
Val:  17%|█▋        | 5/29 [00:01<00:05,  4.77it/s][A
Val:  66%|██████▌   | 19/29 [00:02<00:01,  9.97it/s][A
                                                    [AEpochs:   0%|          | 0/30 [02:54<?, ?it/s, lat_cos=0.584, lr=2.00e-04, pstd=0.3525, train=0.073792, val=0.009349]Epoch 1 | train MSE: 0.073792 | val MSE: 0.009349 | latent_cos: 0.584 (<0.7=escaped) | pred_std: 0.3525 (>0.04=content) | train_clip_offset=2 | lr: 2.00e-04
                                                                                                                     Saved checkpoint to runs/gridworld-tok-v2/tokenizer.pt
Epochs:   0%|          | 0/30 [02:54<?, ?it/s, lat_cos=0.584, lr=2.00e-04, pstd=0.3525, train=0.073792, val=0.009349]Epochs:   3%|▎         | 1/30 [02:54<1:24:25, 174.67s/it, lat_cos=0.584, lr=2.00e-04, pstd=0.3525, train=0.073792, val=0.009349]
Train 2/30:   0%|          | 0/489 [00:00<?, ?it/s][A
Train 2/30:   0%|          | 2/489 [00:01<04:43,  1.72it/s][A
Train 2/30:   1%|          | 6/489 [00:02<03:06,  2.59it/s][A
Train 2/30:   2%|▏         | 10/489 [00:03<02:47,  2.86it/s][A
Train 2/30:   3%|▎         | 14/489 [00:04<02:39,  2.98it/s][A
Train 2/30:   4%|▎         | 18/489 [00:06<02:34,  3.04it/s][A
Train 2/30:   4%|▍         | 22/489 [00:07<02:31,  3.08it/s][A
Train 2/30:   5%|▌         | 26/489 [00:08<02:28,  3.11it/s][A
Train 2/30:   6%|▌         | 30/489 [00:10<02:26,  3.13it/s][A
Train 2/30:   7%|▋         | 34/489 [00:11<02:24,  3.14it/s][A
Train 2/30:   8%|▊         | 38/489 [00:12<02:23,  3.15it/s][A
Train 2/30:   9%|▊         | 42/489 [00:13<02:21,  3.15it/s][A
Train 2/30:   9%|▉         | 46/489 [00:15<02:20,  3.15it/s][A
Train 2/30:  10%|█         | 50/489 [00:16<02:19,  3.15it/s][A
Train 2/30:  11%|█         | 54/489 [00:17<02:18,  3.15it/s][A
Train 2/30:  12%|█▏        | 58/489 [00:18<02:16,  3.15it/s][A
Train 2/30:  13%|█▎        | 62/489 [00:20<02:15,  3.15it/s][A
Train 2/30:  13%|█▎        | 66/489 [00:21<02:14,  3.15it/s][A
Train 2/30:  14%|█▍        | 70/489 [00:22<02:12,  3.15it/s][A
Train 2/30:  15%|█▌        | 74/489 [00:23<02:11,  3.16it/s][A
Train 2/30:  16%|█▌        | 78/489 [00:25<02:10,  3.16it/s][A
Train 2/30:  17%|█▋        | 82/489 [00:26<02:08,  3.16it/s][A
Train 2/30:  18%|█▊        | 86/489 [00:27<02:07,  3.16it/s][A
Train 2/30:  18%|█▊        | 90/489 [00:29<02:06,  3.16it/s][A
Train 2/30:  19%|█▉        | 94/489 [00:30<02:04,  3.16it/s][A
Train 2/30:  20%|██        | 98/489 [00:31<02:03,  3.16it/s][A
Train 2/30:  21%|██        | 102/489 [00:32<02:02,  3.16it/s][A
Train 2/30:  22%|██▏       | 106/489 [00:34<02:01,  3.16it/s][A
Train 2/30:  22%|██▏       | 110/489 [00:35<01:59,  3.16it/s][A
Train 2/30:  23%|██▎       | 114/489 [00:36<01:58,  3.16it/s][A
Train 2/30:  24%|██▍       | 118/489 [00:37<01:57,  3.16it/s][A
Train 2/30:  25%|██▍       | 122/489 [00:39<01:56,  3.16it/s][A
Train 2/30:  26%|██▌       | 126/489 [00:40<01:54,  3.16it/s][A
Train 2/30:  27%|██▋       | 130/489 [00:41<01:53,  3.16it/s][A
Train 2/30:  27%|██▋       | 134/489 [00:42<01:52,  3.16it/s][A
Train 2/30:  28%|██▊       | 138/489 [00:44<01:51,  3.16it/s][A
Train 2/30:  29%|██▉       | 142/489 [00:45<01:49,  3.16it/s][A
Train 2/30:  30%|██▉       | 146/489 [00:46<01:48,  3.16it/s][A
Train 2/30:  31%|███       | 150/489 [00:48<01:47,  3.16it/s][A
Train 2/30:  31%|███▏      | 154/489 [00:49<01:46,  3.16it/s][A
Train 2/30:  32%|███▏      | 158/489 [00:50<01:44,  3.16it/s][A
Train 2/30:  33%|███▎      | 162/489 [00:51<01:43,  3.16it/s][A
Train 2/30:  34%|███▍      | 166/489 [00:53<01:42,  3.16it/s][A
Train 2/30:  35%|███▍      | 170/489 [00:54<01:41,  3.16it/s][A
Train 2/30:  36%|███▌      | 174/489 [00:55<01:39,  3.16it/s][A
Train 2/30:  36%|███▋      | 178/489 [00:56<01:38,  3.16it/s][A
Train 2/30:  37%|███▋      | 182/489 [00:58<01:37,  3.16it/s][A
Train 2/30:  38%|███▊      | 186/489 [00:59<01:35,  3.16it/s][A
Train 2/30:  39%|███▉      | 190/489 [01:00<01:34,  3.16it/s][A
Train 2/30:  40%|███▉      | 194/489 [01:01<01:33,  3.16it/s][A
Train 2/30:  40%|████      | 198/489 [01:03<01:32,  3.16it/s][A
Train 2/30:  41%|████▏     | 202/489 [01:04<01:30,  3.16it/s][A
Train 2/30:  42%|████▏     | 206/489 [01:05<01:29,  3.16it/s][A
Train 2/30:  43%|████▎     | 210/489 [01:06<01:28,  3.16it/s][A
Train 2/30:  44%|████▍     | 214/489 [01:08<01:27,  3.16it/s][A
Train 2/30:  45%|████▍     | 218/489 [01:09<01:25,  3.16it/s][A
Train 2/30:  45%|████▌     | 222/489 [01:10<01:24,  3.16it/s][A
Train 2/30:  46%|████▌     | 226/489 [01:12<01:23,  3.16it/s][A
Train 2/30:  47%|████▋     | 230/489 [01:13<01:22,  3.16it/s][A
Train 2/30:  48%|████▊     | 234/489 [01:14<01:20,  3.16it/s][A
Train 2/30:  49%|████▊     | 238/489 [01:15<01:19,  3.16it/s][A
Train 2/30:  49%|████▉     | 242/489 [01:17<01:18,  3.16it/s][A
Train 2/30:  50%|█████     | 246/489 [01:18<01:16,  3.16it/s][A
Train 2/30:  51%|█████     | 250/489 [01:19<01:15,  3.16it/s][A
Train 2/30:  52%|█████▏    | 254/489 [01:20<01:14,  3.16it/s][A
Train 2/30:  53%|█████▎    | 258/489 [01:22<01:13,  3.16it/s][A
Train 2/30:  54%|█████▎    | 262/489 [01:23<01:11,  3.16it/s][A
Train 2/30:  54%|█████▍    | 266/489 [01:24<01:10,  3.16it/s][A
Train 2/30:  55%|█████▌    | 270/489 [01:25<01:09,  3.16it/s][A
Train 2/30:  56%|█████▌    | 274/489 [01:27<01:08,  3.16it/s][A
Train 2/30:  57%|█████▋    | 278/489 [01:28<01:06,  3.16it/s][A
Train 2/30:  58%|█████▊    | 282/489 [01:29<01:05,  3.16it/s][A
Train 2/30:  58%|█████▊    | 286/489 [01:31<01:04,  3.16it/s][A
Train 2/30:  59%|█████▉    | 290/489 [01:32<01:03,  3.16it/s][A
Train 2/30:  60%|██████    | 294/489 [01:33<01:01,  3.16it/s][A
Train 2/30:  61%|██████    | 298/489 [01:34<01:00,  3.16it/s][A
Train 2/30:  62%|██████▏   | 302/489 [01:36<00:59,  3.16it/s][A
Train 2/30:  63%|██████▎   | 306/489 [01:37<00:57,  3.16it/s][A
Train 2/30:  63%|██████▎   | 310/489 [01:38<00:56,  3.16it/s][A
Train 2/30:  64%|██████▍   | 314/489 [01:39<00:55,  3.16it/s][A
Train 2/30:  65%|██████▌   | 318/489 [01:41<00:54,  3.16it/s][A
Train 2/30:  66%|██████▌   | 322/489 [01:42<00:52,  3.16it/s][A
Train 2/30:  67%|██████▋   | 326/489 [01:43<00:51,  3.16it/s][A
Train 2/30:  67%|██████▋   | 330/489 [01:44<00:50,  3.16it/s][A
Train 2/30:  68%|██████▊   | 334/489 [01:46<00:49,  3.16it/s][A
Train 2/30:  69%|██████▉   | 338/489 [01:47<00:47,  3.16it/s][A
Train 2/30:  70%|██████▉   | 342/489 [01:48<00:46,  3.16it/s][A
Train 2/30:  71%|███████   | 346/489 [01:50<00:45,  3.16it/s][A
Train 2/30:  72%|███████▏  | 350/489 [01:51<00:43,  3.16it/s][A
Train 2/30:  72%|███████▏  | 354/489 [01:52<00:42,  3.16it/s][A
Train 2/30:  73%|███████▎  | 358/489 [01:53<00:41,  3.16it/s][A
Train 2/30:  74%|███████▍  | 362/489 [01:55<00:40,  3.16it/s][A
Train 2/30:  75%|███████▍  | 366/489 [01:56<00:38,  3.16it/s][A
Train 2/30:  76%|███████▌  | 370/489 [01:57<00:37,  3.16it/s][A
Train 2/30:  76%|███████▋  | 374/489 [01:58<00:36,  3.16it/s][A
Train 2/30:  77%|███████▋  | 378/489 [02:00<00:35,  3.16it/s][A
Train 2/30:  78%|███████▊  | 382/489 [02:01<00:33,  3.16it/s][A
Train 2/30:  79%|███████▉  | 386/489 [02:02<00:32,  3.16it/s][A
Train 2/30:  80%|███████▉  | 390/489 [02:03<00:31,  3.16it/s][A
Train 2/30:  81%|████████  | 394/489 [02:05<00:30,  3.16it/s][A
Train 2/30:  81%|████████▏ | 398/489 [02:06<00:28,  3.16it/s][A
Train 2/30:  82%|████████▏ | 402/489 [02:07<00:27,  3.16it/s][A
Train 2/30:  83%|████████▎ | 406/489 [02:09<00:26,  3.16it/s][A
Train 2/30:  84%|████████▍ | 410/489 [02:10<00:24,  3.16it/s][A
Train 2/30:  85%|████████▍ | 414/489 [02:11<00:23,  3.16it/s][A
Train 2/30:  85%|████████▌ | 418/489 [02:12<00:22,  3.16it/s][A
Train 2/30:  86%|████████▋ | 422/489 [02:14<00:21,  3.16it/s][A
Train 2/30:  87%|████████▋ | 426/489 [02:15<00:19,  3.16it/s][A
Train 2/30:  88%|████████▊ | 430/489 [02:16<00:18,  3.16it/s][A
Train 2/30:  89%|████████▉ | 434/489 [02:17<00:17,  3.16it/s][A
Train 2/30:  90%|████████▉ | 438/489 [02:19<00:16,  3.16it/s][A
Train 2/30:  90%|█████████ | 442/489 [02:20<00:14,  3.16it/s][A
Train 2/30:  91%|█████████ | 446/489 [02:21<00:13,  3.16it/s][A
Train 2/30:  92%|█████████▏| 450/489 [02:22<00:12,  3.16it/s][A
Train 2/30:  93%|█████████▎| 454/489 [02:24<00:11,  3.16it/s][A
Train 2/30:  94%|█████████▎| 458/489 [02:25<00:09,  3.16it/s][A
Train 2/30:  94%|█████████▍| 462/489 [02:26<00:08,  3.16it/s][A
Train 2/30:  95%|█████████▌| 466/489 [02:28<00:07,  3.16it/s][A
Train 2/30:  96%|█████████▌| 470/489 [02:29<00:06,  3.16it/s][A
Train 2/30:  97%|█████████▋| 474/489 [02:30<00:04,  3.17it/s][A
Train 2/30:  98%|█████████▊| 478/489 [02:31<00:03,  3.16it/s][A
Train 2/30:  99%|█████████▊| 482/489 [02:33<00:02,  3.17it/s][A
Train 2/30:  99%|█████████▉| 486/489 [02:34<00:00,  3.17it/s][A
                                                             [A
Val:   0%|          | 0/29 [00:00<?, ?it/s][A
Val:  31%|███       | 9/29 [00:01<00:02,  8.63it/s][A
Val:  79%|███████▉  | 23/29 [00:02<00:00, 11.60it/s][A
                                                    [AEpochs:   3%|▎         | 1/30 [05:32<1:24:25, 174.67s/it, lat_cos=0.594, lr=3.00e-04, pstd=0.3653, train=0.008796, val=0.004142]Epoch 2 | train MSE: 0.008796 | val MSE: 0.004142 | latent_cos: 0.594 (<0.7=escaped) | pred_std: 0.3653 (>0.04=content) | train_clip_offset=14 | lr: 3.00e-04
                                                                                                                                Saved checkpoint to runs/gridworld-tok-v2/tokenizer.pt
Epochs:   3%|▎         | 1/30 [05:32<1:24:25, 174.67s/it, lat_cos=0.594, lr=3.00e-04, pstd=0.3653, train=0.008796, val=0.004142]Epochs:   7%|▋         | 2/30 [05:32<1:16:53, 164.76s/it, lat_cos=0.594, lr=3.00e-04, pstd=0.3653, train=0.008796, val=0.004142]
Train 3/30:   0%|          | 0/534 [00:00<?, ?it/s][A
Train 3/30:   0%|          | 2/534 [00:01<05:06,  1.74it/s][A
Train 3/30:   1%|          | 6/534 [00:02<03:22,  2.61it/s][A
Train 3/30:   2%|▏         | 10/534 [00:03<03:02,  2.86it/s][A
Train 3/30:   3%|▎         | 14/534 [00:04<02:54,  2.99it/s][A
Train 3/30:   3%|▎         | 18/534 [00:06<02:49,  3.05it/s][A
Train 3/30:   4%|▍         | 22/534 [00:07<02:45,  3.09it/s][A
Train 3/30:   5%|▍         | 26/534 [00:08<02:43,  3.11it/s][A
Train 3/30:   6%|▌         | 30/534 [00:10<02:41,  3.13it/s][A
Train 3/30:   6%|▋         | 34/534 [00:11<02:39,  3.14it/s][A
Train 3/30:   7%|▋         | 38/534 [00:12<02:37,  3.15it/s][A
Train 3/30:   8%|▊         | 42/534 [00:13<02:36,  3.15it/s][A
Train 3/30:   9%|▊         | 46/534 [00:15<02:34,  3.16it/s][A
Train 3/30:   9%|▉         | 50/534 [00:16<02:33,  3.16it/s][A
Train 3/30:  10%|█         | 54/534 [00:17<02:31,  3.16it/s][A
Train 3/30:  11%|█         | 58/534 [00:18<02:30,  3.16it/s][A
Train 3/30:  12%|█▏        | 62/534 [00:20<02:29,  3.16it/s][A
Train 3/30:  12%|█▏        | 66/534 [00:21<02:28,  3.16it/s][A
Train 3/30:  13%|█▎        | 70/534 [00:22<02:26,  3.16it/s][A
Train 3/30:  14%|█▍        | 74/534 [00:23<02:25,  3.16it/s][A
Train 3/30:  15%|█▍        | 78/534 [00:25<02:24,  3.16it/s][A
Train 3/30:  15%|█▌        | 82/534 [00:26<02:23,  3.16it/s][A
Train 3/30:  16%|█▌        | 86/534 [00:27<02:21,  3.16it/s][A
Train 3/30:  17%|█▋        | 90/534 [00:28<02:20,  3.16it/s][A
Train 3/30:  18%|█▊        | 94/534 [00:30<02:19,  3.16it/s][A
Train 3/30:  18%|█▊        | 98/534 [00:31<02:17,  3.16it/s][A
Train 3/30:  19%|█▉        | 102/534 [00:32<02:16,  3.16it/s][A
Train 3/30:  20%|█▉        | 106/534 [00:34<02:15,  3.16it/s][A
Train 3/30:  21%|██        | 110/534 [00:35<02:14,  3.16it/s][A
Train 3/30:  21%|██▏       | 114/534 [00:36<02:13,  3.16it/s][A
Train 3/30:  22%|██▏       | 118/534 [00:37<02:11,  3.16it/s][A
Train 3/30:  23%|██▎       | 122/534 [00:39<02:10,  3.16it/s][A
Train 3/30:  24%|██▎       | 126/534 [00:40<02:09,  3.16it/s][A
Train 3/30:  24%|██▍       | 130/534 [00:41<02:07,  3.16it/s][A
Train 3/30:  25%|██▌       | 134/534 [00:43<02:09,  3.09it/s][A
Train 3/30:  26%|██▌       | 138/534 [00:44<02:07,  3.12it/s][A
Train 3/30:  27%|██▋       | 142/534 [00:45<02:05,  3.13it/s][A
Train 3/30:  27%|██▋       | 146/534 [00:46<02:03,  3.14it/s][A
Train 3/30:  28%|██▊       | 150/534 [00:48<02:02,  3.14it/s][A
Train 3/30:  29%|██▉       | 154/534 [00:49<02:00,  3.15it/s][A
Train 3/30:  30%|██▉       | 158/534 [00:50<01:59,  3.15it/s][A
Train 3/30:  30%|███       | 162/534 [00:51<01:57,  3.16it/s][A
Train 3/30:  31%|███       | 166/534 [00:53<01:56,  3.16it/s][A
Train 3/30:  32%|███▏      | 170/534 [00:54<01:55,  3.16it/s][A
Train 3/30:  33%|███▎      | 174/534 [00:55<01:53,  3.16it/s][A
Train 3/30:  33%|███▎      | 178/534 [00:56<01:52,  3.16it/s][A
Train 3/30:  34%|███▍      | 182/534 [00:58<01:51,  3.16it/s][A
Train 3/30:  35%|███▍      | 186/534 [00:59<01:50,  3.16it/s][A
Train 3/30:  36%|███▌      | 190/534 [01:00<01:48,  3.16it/s][A
Train 3/30:  36%|███▋      | 194/534 [01:01<01:47,  3.16it/s][A
Train 3/30:  37%|███▋      | 198/534 [01:03<01:46,  3.16it/s][A
Train 3/30:  38%|███▊      | 202/534 [01:04<01:45,  3.16it/s][A
Train 3/30:  39%|███▊      | 206/534 [01:05<01:43,  3.16it/s][A
Train 3/30:  39%|███▉      | 210/534 [01:07<01:42,  3.16it/s][A
Train 3/30:  40%|████      | 214/534 [01:08<01:41,  3.16it/s][A
Train 3/30:  41%|████      | 218/534 [01:09<01:39,  3.16it/s][A
Train 3/30:  42%|████▏     | 222/534 [01:10<01:38,  3.16it/s][A
Train 3/30:  42%|████▏     | 226/534 [01:12<01:37,  3.16it/s][A
Train 3/30:  43%|████▎     | 230/534 [01:13<01:36,  3.17it/s][A
Train 3/30:  44%|████▍     | 234/534 [01:14<01:34,  3.17it/s][A
Train 3/30:  45%|████▍     | 238/534 [01:15<01:33,  3.16it/s][A
Train 3/30:  45%|████▌     | 242/534 [01:17<01:32,  3.16it/s][A
Train 3/30:  46%|████▌     | 246/534 [01:18<01:31,  3.16it/s][A
Train 3/30:  47%|████▋     | 250/534 [01:19<01:29,  3.16it/s][A
Train 3/30:  48%|████▊     | 254/534 [01:20<01:28,  3.16it/s][A
Train 3/30:  48%|████▊     | 258/534 [01:22<01:27,  3.16it/s][A
Train 3/30:  49%|████▉     | 262/534 [01:23<01:26,  3.16it/s][A
Train 3/30:  50%|████▉     | 266/534 [01:24<01:24,  3.16it/s][A
Train 3/30:  51%|█████     | 270/534 [01:26<01:23,  3.16it/s][A
Train 3/30:  51%|█████▏    | 274/534 [01:27<01:22,  3.16it/s][A
Train 3/30:  52%|█████▏    | 278/534 [01:28<01:20,  3.16it/s][A
Train 3/30:  53%|█████▎    | 282/534 [01:29<01:19,  3.16it/s][A
Train 3/30:  54%|█████▎    | 286/534 [01:31<01:18,  3.16it/s][A
Train 3/30:  54%|█████▍    | 290/534 [01:32<01:17,  3.16it/s][A
Train 3/30:  55%|█████▌    | 294/534 [01:33<01:15,  3.16it/s][A
Train 3/30:  56%|█████▌    | 298/534 [01:34<01:14,  3.16it/s][A
Train 3/30:  57%|█████▋    | 302/534 [01:36<01:13,  3.16it/s][A
Train 3/30:  57%|█████▋    | 306/534 [01:37<01:12,  3.16it/s][A
Train 3/30:  58%|█████▊    | 310/534 [01:38<01:10,  3.16it/s][A
Train 3/30:  59%|█████▉    | 314/534 [01:39<01:09,  3.16it/s][A
Train 3/30:  60%|█████▉    | 318/534 [01:41<01:08,  3.16it/s][A
Train 3/30:  60%|██████    | 322/534 [01:42<01:07,  3.16it/s][A
Train 3/30:  61%|██████    | 326/534 [01:43<01:05,  3.17it/s][A
Train 3/30:  62%|██████▏   | 330/534 [01:44<01:04,  3.16it/s][A
Train 3/30:  63%|██████▎   | 334/534 [01:46<01:03,  3.16it/s][A
Train 3/30:  63%|██████▎   | 338/534 [01:47<01:01,  3.16it/s][A
Train 3/30:  64%|██████▍   | 342/534 [01:48<01:00,  3.16it/s][A
Train 3/30:  65%|██████▍   | 346/534 [01:50<00:59,  3.16it/s][A
Train 3/30:  66%|██████▌   | 350/534 [01:51<00:58,  3.16it/s][A
Train 3/30:  66%|██████▋   | 354/534 [01:52<00:56,  3.16it/s][A
Train 3/30:  67%|██████▋   | 358/534 [01:53<00:55,  3.16it/s][A
Train 3/30:  68%|██████▊   | 362/534 [01:55<00:54,  3.16it/s][A
Train 3/30:  69%|██████▊   | 366/534 [01:56<00:53,  3.16it/s][A
Train 3/30:  69%|██████▉   | 370/534 [01:57<00:51,  3.16it/s][A
Train 3/30:  70%|███████   | 374/534 [01:58<00:50,  3.16it/s][A
Train 3/30:  71%|███████   | 378/534 [02:00<00:49,  3.16it/s][A
Train 3/30:  72%|███████▏  | 382/534 [02:01<00:48,  3.16it/s][A
Train 3/30:  72%|███████▏  | 386/534 [02:02<00:46,  3.15it/s][A
Train 3/30:  73%|███████▎  | 390/534 [02:03<00:45,  3.16it/s][A
Train 3/30:  74%|███████▍  | 394/534 [02:05<00:44,  3.15it/s][A
Train 3/30:  75%|███████▍  | 398/534 [02:06<00:43,  3.16it/s][A
Train 3/30:  75%|███████▌  | 402/534 [02:07<00:41,  3.16it/s][A
Train 3/30:  76%|███████▌  | 406/534 [02:09<00:40,  3.16it/s][A
Train 3/30:  77%|███████▋  | 410/534 [02:10<00:39,  3.16it/s][A
Train 3/30:  78%|███████▊  | 414/534 [02:11<00:37,  3.16it/s][A
Train 3/30:  78%|███████▊  | 418/534 [02:12<00:36,  3.16it/s][A
Train 3/30:  79%|███████▉  | 422/534 [02:14<00:35,  3.16it/s][A
Train 3/30:  80%|███████▉  | 426/534 [02:15<00:34,  3.16it/s][A
Train 3/30:  81%|████████  | 430/534 [02:16<00:32,  3.16it/s][A
Train 3/30:  81%|████████▏ | 434/534 [02:17<00:31,  3.16it/s][A
Train 3/30:  82%|████████▏ | 438/534 [02:19<00:30,  3.16it/s][A
Train 3/30:  83%|████████▎ | 442/534 [02:20<00:29,  3.16it/s][A
Train 3/30:  84%|████████▎ | 446/534 [02:21<00:27,  3.16it/s][A
Train 3/30:  84%|████████▍ | 450/534 [02:22<00:26,  3.16it/s][A
Train 3/30:  85%|████████▌ | 454/534 [02:24<00:25,  3.16it/s][A
Train 3/30:  86%|████████▌ | 458/534 [02:25<00:24,  3.16it/s][A
Train 3/30:  87%|████████▋ | 462/534 [02:26<00:22,  3.16it/s][A
Train 3/30:  87%|████████▋ | 466/534 [02:28<00:21,  3.16it/s][A
Train 3/30:  88%|████████▊ | 470/534 [02:29<00:20,  3.16it/s][A
Train 3/30:  89%|████████▉ | 474/534 [02:30<00:18,  3.16it/s][A
Train 3/30:  90%|████████▉ | 478/534 [02:31<00:17,  3.16it/s][A
Train 3/30:  90%|█████████ | 482/534 [02:33<00:16,  3.16it/s][A
Train 3/30:  91%|█████████ | 486/534 [02:34<00:15,  3.16it/s][A
Train 3/30:  92%|█████████▏| 490/534 [02:35<00:13,  3.16it/s][A
Train 3/30:  93%|█████████▎| 494/534 [02:36<00:12,  3.16it/s][A
Train 3/30:  93%|█████████▎| 498/534 [02:38<00:11,  3.16it/s][A
Train 3/30:  94%|█████████▍| 502/534 [02:39<00:10,  3.16it/s][A
Train 3/30:  95%|█████████▍| 506/534 [02:40<00:08,  3.16it/s][A
Train 3/30:  96%|█████████▌| 510/534 [02:41<00:07,  3.17it/s][A
Train 3/30:  96%|█████████▋| 514/534 [02:43<00:06,  3.17it/s][A
Train 3/30:  97%|█████████▋| 518/534 [02:44<00:05,  3.17it/s][A
Train 3/30:  98%|█████████▊| 522/534 [02:45<00:03,  3.17it/s][A
Train 3/30:  99%|█████████▊| 526/534 [02:46<00:02,  3.17it/s][A
Train 3/30:  99%|█████████▉| 530/534 [02:48<00:01,  3.17it/s][A
Train 3/30: 100%|██████████| 534/534 [02:49<00:00,  3.17it/s][A
                                                             [A
Val:   0%|          | 0/29 [00:00<?, ?it/s][A
Val:  31%|███       | 9/29 [00:01<00:02,  8.64it/s][A
Val:  79%|███████▉  | 23/29 [00:02<00:00, 11.61it/s][A
                                                    [AEpochs:   7%|▋         | 2/30 [08:24<1:16:53, 164.76s/it, lat_cos=0.581, lr=3.00e-04, pstd=0.3648, train=0.005817, val=0.004017]Epoch 3 | train MSE: 0.005817 | val MSE: 0.004017 | latent_cos: 0.581 (<0.7=escaped) | pred_std: 0.3648 (>0.04=content) | train_clip_offset=0 | lr: 3.00e-04
                                                                                                                                Saved checkpoint to runs/gridworld-tok-v2/tokenizer.pt
Epochs:   7%|▋         | 2/30 [08:24<1:16:53, 164.76s/it, lat_cos=0.581, lr=3.00e-04, pstd=0.3648, train=0.005817, val=0.004017]Epochs:  10%|█         | 3/30 [08:24<1:15:38, 168.08s/it, lat_cos=0.581, lr=3.00e-04, pstd=0.3648, train=0.005817, val=0.004017]
Train 4/30:   0%|          | 0/534 [00:00<?, ?it/s][A
Train 4/30:   1%|          | 3/534 [00:01<03:24,  2.60it/s][A
Train 4/30:   1%|▏         | 7/534 [00:02<02:58,  2.94it/s][A
Train 4/30:   2%|▏         | 11/534 [00:03<02:51,  3.05it/s][A
Train 4/30:   3%|▎         | 15/534 [00:04<02:47,  3.09it/s][A
Train 4/30:   4%|▎         | 19/534 [00:06<02:45,  3.12it/s][A
Train 4/30:   4%|▍         | 23/534 [00:07<02:43,  3.13it/s][A
Train 4/30:   5%|▌         | 27/534 [00:08<02:41,  3.14it/s][A
Train 4/30:   6%|▌         | 31/534 [00:10<02:39,  3.15it/s][A
Train 4/30:   7%|▋         | 35/534 [00:11<02:38,  3.15it/s][A
Train 4/30:   7%|▋         | 39/534 [00:12<02:36,  3.16it/s][A
Train 4/30:   8%|▊         | 43/534 [00:13<02:35,  3.16it/s][A
Train 4/30:   9%|▉         | 47/534 [00:15<02:34,  3.16it/s][A
Train 4/30:  10%|▉         | 51/534 [00:16<02:32,  3.16it/s][A
Train 4/30:  10%|█         | 55/534 [00:17<02:31,  3.16it/s][A
Train 4/30:  11%|█         | 59/534 [00:18<02:30,  3.16it/s][A
Train 4/30:  12%|█▏        | 63/534 [00:20<02:28,  3.16it/s][A
Train 4/30:  13%|█▎        | 67/534 [00:21<02:27,  3.17it/s][A
Train 4/30:  13%|█▎        | 71/534 [00:22<02:26,  3.17it/s][A
Train 4/30:  14%|█▍        | 75/534 [00:23<02:24,  3.17it/s][A
Train 4/30:  15%|█▍        | 79/534 [00:25<02:23,  3.17it/s][A
Train 4/30:  16%|█▌        | 83/534 [00:26<02:22,  3.16it/s][A
Train 4/30:  16%|█▋        | 87/534 [00:27<02:21,  3.17it/s][A
Train 4/30:  17%|█▋        | 91/534 [00:28<02:19,  3.16it/s][A
Train 4/30:  18%|█▊        | 95/534 [00:30<02:18,  3.17it/s][A
Train 4/30:  19%|█▊        | 99/534 [00:31<02:17,  3.17it/s][A
Train 4/30:  19%|█▉        | 103/534 [00:32<02:16,  3.17it/s][A
Train 4/30:  20%|██        | 107/534 [00:34<02:14,  3.17it/s][A
Train 4/30:  21%|██        | 111/534 [00:35<02:13,  3.17it/s][A
Train 4/30:  22%|██▏       | 115/534 [00:36<02:12,  3.17it/s][A
Train 4/30:  22%|██▏       | 119/534 [00:37<02:10,  3.17it/s][A
Train 4/30:  23%|██▎       | 123/534 [00:39<02:09,  3.17it/s][A
Train 4/30:  24%|██▍       | 127/534 [00:40<02:08,  3.17it/s][A
Train 4/30:  25%|██▍       | 131/534 [00:41<02:07,  3.17it/s][A
Train 4/30:  25%|██▌       | 135/534 [00:42<02:05,  3.17it/s][A
Train 4/30:  26%|██▌       | 139/534 [00:44<02:04,  3.17it/s][A
Train 4/30:  27%|██▋       | 143/534 [00:45<02:03,  3.17it/s][A
Train 4/30:  28%|██▊       | 147/534 [00:46<02:02,  3.16it/s][A
Train 4/30:  28%|██▊       | 151/534 [00:47<02:01,  3.16it/s][A
Train 4/30:  29%|██▉       | 155/534 [00:49<01:59,  3.16it/s][A
Train 4/30:  30%|██▉       | 159/534 [00:50<01:58,  3.16it/s][A
Train 4/30:  31%|███       | 163/534 [00:51<01:57,  3.16it/s][A
Train 4/30:  31%|███▏      | 167/534 [00:52<01:56,  3.16it/s][A
Train 4/30:  32%|███▏      | 171/534 [00:54<01:54,  3.16it/s][A
Train 4/30:  33%|███▎      | 175/534 [00:55<01:53,  3.17it/s][A
Train 4/30:  34%|███▎      | 179/534 [00:56<01:52,  3.16it/s][A
Train 4/30:  34%|███▍      | 183/534 [00:58<01:50,  3.16it/s][A
Train 4/30:  35%|███▌      | 187/534 [00:59<01:49,  3.16it/s][A
Train 4/30:  36%|███▌      | 191/534 [01:00<01:48,  3.16it/s][A
Train 4/30:  37%|███▋      | 195/534 [01:01<01:47,  3.16it/s][A
Train 4/30:  37%|███▋      | 199/534 [01:03<01:45,  3.16it/s][A
Train 4/30:  38%|███▊      | 203/534 [01:04<01:44,  3.16it/s][A
Train 4/30:  39%|███▉      | 207/534 [01:05<01:43,  3.16it/s][A
Train 4/30:  40%|███▉      | 211/534 [01:06<01:42,  3.17it/s][A
Train 4/30:  40%|████      | 215/534 [01:08<01:40,  3.17it/s][A
Train 4/30:  41%|████      | 219/534 [01:09<01:39,  3.17it/s][A
Train 4/30:  42%|████▏     | 223/534 [01:10<01:38,  3.17it/s][A
Train 4/30:  43%|████▎     | 227/534 [01:11<01:37,  3.16it/s][A
Train 4/30:  43%|████▎     | 231/534 [01:13<01:35,  3.16it/s][A
Train 4/30:  44%|████▍     | 235/534 [01:14<01:34,  3.16it/s][A
Train 4/30:  45%|████▍     | 239/534 [01:15<01:33,  3.16it/s][A
Train 4/30:  46%|████▌     | 243/534 [01:16<01:31,  3.16it/s][A
Train 4/30:  46%|████▋     | 247/534 [01:18<01:30,  3.16it/s][A
Train 4/30:  47%|████▋     | 251/534 [01:19<01:29,  3.16it/s][A
Train 4/30:  48%|████▊     | 255/534 [01:20<01:28,  3.17it/s][A
Train 4/30:  49%|████▊     | 259/534 [01:22<01:26,  3.16it/s][A
Train 4/30:  49%|████▉     | 263/534 [01:23<01:25,  3.16it/s][A
Train 4/30:  50%|█████     | 267/534 [01:24<01:24,  3.16it/s][A
Train 4/30:  51%|█████     | 271/534 [01:25<01:23,  3.16it/s][A
Train 4/30:  51%|█████▏    | 275/534 [01:27<01:21,  3.17it/s][A
Train 4/30:  52%|█████▏    | 279/534 [01:28<01:20,  3.17it/s][A
Train 4/30:  53%|█████▎    | 283/534 [01:29<01:19,  3.17it/s][A
Train 4/30:  54%|█████▎    | 287/534 [01:30<01:18,  3.16it/s][A
Train 4/30:  54%|█████▍    | 291/534 [01:32<01:16,  3.16it/s][A
Train 4/30:  55%|█████▌    | 295/534 [01:33<01:15,  3.17it/s][A
Train 4/30:  56%|█████▌    | 299/534 [01:34<01:14,  3.17it/s][A
Train 4/30:  57%|█████▋    | 303/534 [01:35<01:12,  3.17it/s][A
Train 4/30:  57%|█████▋    | 307/534 [01:37<01:11,  3.17it/s][A
Train 4/30:  58%|█████▊    | 311/534 [01:38<01:10,  3.17it/s][A
Train 4/30:  59%|█████▉    | 315/534 [01:39<01:09,  3.17it/s][A
Train 4/30:  60%|█████▉    | 319/534 [01:41<01:07,  3.17it/s][A
Train 4/30:  60%|██████    | 323/534 [01:42<01:06,  3.17it/s][A
Train 4/30:  61%|██████    | 327/534 [01:43<01:05,  3.17it/s][A
Train 4/30:  62%|██████▏   | 331/534 [01:44<01:04,  3.17it/s][A
Train 4/30:  63%|██████▎   | 335/534 [01:46<01:02,  3.17it/s][A
Train 4/30:  63%|██████▎   | 339/534 [01:47<01:01,  3.17it/s][A
Train 4/30:  64%|██████▍   | 343/534 [01:48<01:00,  3.17it/s][A
Train 4/30:  65%|██████▍   | 347/534 [01:49<00:59,  3.17it/s][A
Train 4/30:  66%|██████▌   | 351/534 [01:51<00:57,  3.17it/s][A
Train 4/30:  66%|██████▋   | 355/534 [01:52<00:56,  3.17it/s][A
Train 4/30:  67%|██████▋   | 359/534 [01:53<00:55,  3.17it/s][A
Train 4/30:  68%|██████▊   | 363/534 [01:54<00:54,  3.17it/s][A
Train 4/30:  69%|██████▊   | 367/534 [01:56<00:52,  3.16it/s][A
Train 4/30:  69%|██████▉   | 371/534 [01:57<00:51,  3.17it/s][A
Train 4/30:  70%|███████   | 375/534 [01:58<00:50,  3.16it/s][A
Train 4/30:  71%|███████   | 379/534 [01:59<00:48,  3.17it/s][A
Train 4/30:  72%|███████▏  | 383/534 [02:01<00:47,  3.17it/s][A
Train 4/30:  72%|███████▏  | 387/534 [02:02<00:46,  3.17it/s][A
Train 4/30:  73%|███████▎  | 391/534 [02:03<00:45,  3.17it/s][A
Train 4/30:  74%|███████▍  | 395/534 [02:04<00:43,  3.17it/s][A
Train 4/30:  75%|███████▍  | 399/534 [02:06<00:42,  3.17it/s][A
Train 4/30:  75%|███████▌  | 403/534 [02:07<00:41,  3.17it/s][A
Train 4/30:  76%|███████▌  | 407/534 [02:08<00:40,  3.17it/s][A
Train 4/30:  77%|███████▋  | 411/534 [02:10<00:38,  3.17it/s][A
Train 4/30:  78%|███████▊  | 415/534 [02:11<00:37,  3.17it/s][A
Train 4/30:  78%|███████▊  | 419/534 [02:12<00:36,  3.17it/s][A
Train 4/30:  79%|███████▉  | 423/534 [02:13<00:35,  3.17it/s][A
Train 4/30:  80%|███████▉  | 427/534 [02:15<00:33,  3.17it/s][A
Train 4/30:  81%|████████  | 431/534 [02:16<00:32,  3.16it/s][A
Train 4/30:  81%|████████▏ | 435/534 [02:17<00:31,  3.16it/s][A
Train 4/30:  82%|████████▏ | 439/534 [02:18<00:30,  3.16it/s][A
Train 4/30:  83%|████████▎ | 443/534 [02:20<00:28,  3.16it/s][A
Train 4/30:  84%|████████▎ | 447/534 [02:21<00:27,  3.16it/s][A
Train 4/30:  84%|████████▍ | 451/534 [02:22<00:26,  3.16it/s][A
Train 4/30:  85%|████████▌ | 455/534 [02:23<00:24,  3.16it/s][A
Train 4/30:  86%|████████▌ | 459/534 [02:25<00:23,  3.16it/s][A
Train 4/30:  87%|████████▋ | 463/534 [02:26<00:22,  3.16it/s][A
Train 4/30:  87%|████████▋ | 467/534 [02:27<00:21,  3.16it/s][A
Train 4/30:  88%|████████▊ | 471/534 [02:29<00:19,  3.16it/s][A
Train 4/30:  89%|████████▉ | 475/534 [02:30<00:18,  3.17it/s][A
Train 4/30:  90%|████████▉ | 479/534 [02:31<00:17,  3.17it/s][A
Train 4/30:  90%|█████████ | 483/534 [02:32<00:16,  3.16it/s][A
Train 4/30:  91%|█████████ | 487/534 [02:34<00:14,  3.16it/s][A
Train 4/30:  92%|█████████▏| 491/534 [02:35<00:13,  3.16it/s][A
Train 4/30:  93%|█████████▎| 495/534 [02:36<00:12,  3.16it/s][A
Train 4/30:  93%|█████████▎| 499/534 [02:37<00:11,  3.16it/s][A
Train 4/30:  94%|█████████▍| 503/534 [02:39<00:09,  3.16it/s][A
Train 4/30:  95%|█████████▍| 507/534 [02:40<00:08,  3.16it/s][A
Train 4/30:  96%|█████████▌| 511/534 [02:41<00:07,  3.16it/s][A
Train 4/30:  96%|█████████▋| 515/534 [02:42<00:06,  3.16it/s][A
Train 4/30:  97%|█████████▋| 519/534 [02:44<00:04,  3.17it/s][A
Train 4/30:  98%|█████████▊| 523/534 [02:45<00:03,  3.17it/s][A
Train 4/30:  99%|█████████▊| 527/534 [02:46<00:02,  3.17it/s][A
Train 4/30:  99%|█████████▉| 531/534 [02:47<00:00,  3.17it/s][A
                                                             [A
Val:   0%|          | 0/29 [00:00<?, ?it/s][A
Val:  31%|███       | 9/29 [00:01<00:02,  8.40it/s][A
Val:  79%|███████▉  | 23/29 [00:02<00:00, 11.47it/s][A
                                                    [AEpochs:  10%|█         | 3/30 [11:15<1:15:38, 168.08s/it, lat_cos=0.571, lr=3.00e-04, pstd=0.3651, train=0.005053, val=0.004001]Epoch 4 | train MSE: 0.005053 | val MSE: 0.004001 | latent_cos: 0.571 (<0.7=escaped) | pred_std: 0.3651 (>0.04=content) | train_clip_offset=3 | lr: 3.00e-04
                                                                                                                                Saved checkpoint to runs/gridworld-tok-v2/tokenizer.pt
Epochs:  10%|█         | 3/30 [11:15<1:15:38, 168.08s/it, lat_cos=0.571, lr=3.00e-04, pstd=0.3651, train=0.005053, val=0.004001]Epochs:  13%|█▎        | 4/30 [11:15<1:13:24, 169.42s/it, lat_cos=0.571, lr=3.00e-04, pstd=0.3651, train=0.005053, val=0.004001]
Train 5/30:   0%|          | 0/534 [00:00<?, ?it/s][A
Train 5/30:   0%|          | 2/534 [00:01<05:33,  1.59it/s][A
Train 5/30:   1%|          | 6/534 [00:02<03:29,  2.52it/s][A
Train 5/30:   2%|▏         | 10/534 [00:03<03:06,  2.81it/s][A
Train 5/30:   3%|▎         | 14/534 [00:05<02:56,  2.95it/s][A
Train 5/30:   3%|▎         | 18/534 [00:06<02:50,  3.03it/s][A
Train 5/30:   4%|▍         | 22/534 [00:07<02:46,  3.07it/s][A
Train 5/30:   5%|▍         | 26/534 [00:08<02:43,  3.10it/s][A
Train 5/30:   6%|▌         | 30/534 [00:10<02:41,  3.12it/s][A
Train 5/30:   6%|▋         | 34/534 [00:11<02:39,  3.13it/s][A
Train 5/30:   7%|▋         | 38/534 [00:12<02:38,  3.14it/s][A
Train 5/30:   8%|▊         | 42/534 [00:13<02:36,  3.14it/s][A
Train 5/30:   9%|▊         | 46/534 [00:15<02:34,  3.15it/s][A
Train 5/30:   9%|▉         | 50/534 [00:16<02:33,  3.15it/s][A
Train 5/30:  10%|█         | 54/534 [00:17<02:32,  3.16it/s][A
Train 5/30:  11%|█         | 58/534 [00:18<02:30,  3.16it/s][A
Train 5/30:  12%|█▏        | 62/534 [00:20<02:29,  3.16it/s][A
Train 5/30:  12%|█▏        | 66/534 [00:21<02:28,  3.16it/s][A
Train 5/30:  13%|█▎        | 70/534 [00:22<02:26,  3.16it/s][A
Train 5/30:  14%|█▍        | 74/534 [00:24<02:25,  3.16it/s][A
Train 5/30:  15%|█▍        | 78/534 [00:25<02:24,  3.16it/s][A
Train 5/30:  15%|█▌        | 82/534 [00:26<02:22,  3.16it/s][A
Train 5/30:  16%|█▌        | 86/534 [00:27<02:21,  3.16it/s][A
Train 5/30:  17%|█▋        | 90/534 [00:29<02:20,  3.16it/s][A
Train 5/30:  18%|█▊        | 94/534 [00:30<02:19,  3.16it/s][A
Train 5/30:  18%|█▊        | 98/534 [00:31<02:17,  3.16it/s][A
Train 5/30:  19%|█▉        | 102/534 [00:32<02:16,  3.16it/s][A
Train 5/30:  20%|█▉        | 106/534 [00:34<02:15,  3.16it/s][A
Train 5/30:  21%|██        | 110/534 [00:35<02:14,  3.16it/s][A
Train 5/30:  21%|██▏       | 114/534 [00:36<02:12,  3.16it/s][A
Train 5/30:  22%|██▏       | 118/534 [00:37<02:11,  3.16it/s][A
Train 5/30:  23%|██▎       | 122/534 [00:39<02:10,  3.16it/s][A
Train 5/30:  24%|██▎       | 126/534 [00:40<02:09,  3.16it/s][A
Train 5/30:  24%|██▍       | 130/534 [00:41<02:07,  3.16it/s][A
Train 5/30:  25%|██▌       | 134/534 [00:43<02:06,  3.16it/s][A
Train 5/30:  26%|██▌       | 138/534 [00:44<02:05,  3.16it/s][A
Train 5/30:  27%|██▋       | 142/534 [00:45<02:03,  3.16it/s][A
Train 5/30:  27%|██▋       | 146/534 [00:46<02:02,  3.16it/s][A
Train 5/30:  28%|██▊       | 150/534 [00:48<02:01,  3.16it/s][A
Train 5/30:  29%|██▉       | 154/534 [00:49<02:00,  3.17it/s][A
Train 5/30:  30%|██▉       | 158/534 [00:50<01:58,  3.16it/s][A
Train 5/30:  30%|███       | 162/534 [00:51<01:57,  3.16it/s][A
Train 5/30:  31%|███       | 166/534 [00:53<01:56,  3.16it/s][A
Train 5/30:  32%|███▏      | 170/534 [00:54<01:55,  3.16it/s][A
Train 5/30:  33%|███▎      | 174/534 [00:55<01:53,  3.16it/s][A
Train 5/30:  33%|███▎      | 178/534 [00:56<01:52,  3.16it/s][A
Train 5/30:  34%|███▍      | 182/534 [00:58<01:51,  3.16it/s][A
Train 5/30:  35%|███▍      | 186/534 [00:59<01:49,  3.17it/s][A
Train 5/30:  36%|███▌      | 190/534 [01:00<01:48,  3.17it/s][A
Train 5/30:  36%|███▋      | 194/534 [01:01<01:47,  3.16it/s][A
Train 5/30:  37%|███▋      | 198/534 [01:03<01:46,  3.16it/s][A
Train 5/30:  38%|███▊      | 202/534 [01:04<01:45,  3.16it/s][A
Train 5/30:  39%|███▊      | 206/534 [01:05<01:43,  3.16it/s][A
Train 5/30:  39%|███▉      | 210/534 [01:07<01:42,  3.16it/s][A
Train 5/30:  40%|████      | 214/534 [01:08<01:41,  3.16it/s][A
Train 5/30:  41%|████      | 218/534 [01:09<01:39,  3.16it/s][A
Train 5/30:  42%|████▏     | 222/534 [01:10<01:38,  3.16it/s][A
Train 5/30:  42%|████▏     | 226/534 [01:12<01:37,  3.16it/s][A
Train 5/30:  43%|████▎     | 230/534 [01:13<01:36,  3.16it/s][A
Train 5/30:  44%|████▍     | 234/534 [01:14<01:34,  3.16it/s][A
Train 5/30:  45%|████▍     | 238/534 [01:15<01:33,  3.16it/s][A
Train 5/30:  45%|████▌     | 242/534 [01:17<01:32,  3.16it/s][A
Train 5/30:  46%|████▌     | 246/534 [01:18<01:31,  3.16it/s][A
Train 5/30:  47%|████▋     | 250/534 [01:19<01:29,  3.16it/s][A
Train 5/30:  48%|████▊     | 254/534 [01:20<01:28,  3.16it/s][A
Train 5/30:  48%|████▊     | 258/534 [01:22<01:27,  3.16it/s][A
Train 5/30:  49%|████▉     | 262/534 [01:23<01:26,  3.16it/s][A
Train 5/30:  50%|████▉     | 266/534 [01:24<01:24,  3.16it/s][A
Train 5/30:  51%|█████     | 270/534 [01:26<01:23,  3.16it/s][A
Train 5/30:  51%|█████▏    | 274/534 [01:27<01:22,  3.16it/s][A
Train 5/30:  52%|█████▏    | 278/534 [01:28<01:20,  3.16it/s][A
Train 5/30:  53%|█████▎    | 282/534 [01:29<01:19,  3.16it/s][A
Train 5/30:  54%|█████▎    | 286/534 [01:31<01:18,  3.16it/s][A
Train 5/30:  54%|█████▍    | 290/534 [01:32<01:17,  3.16it/s][A
Train 5/30:  55%|█████▌    | 294/534 [01:33<01:15,  3.16it/s][A
Train 5/30:  56%|█████▌    | 298/534 [01:34<01:14,  3.16it/s][A
Train 5/30:  57%|█████▋    | 302/534 [01:36<01:13,  3.16it/s][A
Train 5/30:  57%|█████▋    | 306/534 [01:37<01:12,  3.16it/s][A
Train 5/30:  58%|█████▊    | 310/534 [01:38<01:10,  3.16it/s][A
Train 5/30:  59%|█████▉    | 314/534 [01:39<01:09,  3.16it/s][A
Train 5/30:  60%|█████▉    | 318/534 [01:41<01:08,  3.16it/s][A
Train 5/30:  60%|██████    | 322/534 [01:42<01:07,  3.16it/s][A
Train 5/30:  61%|██████    | 326/534 [01:43<01:05,  3.16it/s][A
Train 5/30:  62%|██████▏   | 330/534 [01:45<01:04,  3.16it/s][A
Train 5/30:  63%|██████▎   | 334/534 [01:46<01:03,  3.16it/s][A
Train 5/30:  63%|██████▎   | 338/534 [01:47<01:02,  3.16it/s][A
Train 5/30:  64%|██████▍   | 342/534 [01:48<01:00,  3.16it/s][A
Train 5/30:  65%|██████▍   | 346/534 [01:50<00:59,  3.16it/s][A
Train 5/30:  66%|██████▌   | 350/534 [01:51<00:58,  3.16it/s][A
Train 5/30:  66%|██████▋   | 354/534 [01:52<00:56,  3.16it/s][A
Train 5/30:  67%|██████▋   | 358/534 [01:53<00:55,  3.16it/s][A
Train 5/30:  68%|██████▊   | 362/534 [01:55<00:54,  3.16it/s][A
Train 5/30:  69%|██████▊   | 366/534 [01:56<00:53,  3.16it/s][A
Train 5/30:  69%|██████▉   | 370/534 [01:57<00:51,  3.16it/s][A
Train 5/30:  70%|███████   | 374/534 [01:58<00:50,  3.16it/s][A
Train 5/30:  71%|███████   | 378/534 [02:00<00:49,  3.16it/s][A
Train 5/30:  72%|███████▏  | 382/534 [02:01<00:48,  3.16it/s][A
Train 5/30:  72%|███████▏  | 386/534 [02:02<00:46,  3.16it/s][A
Train 5/30:  73%|███████▎  | 390/534 [02:03<00:45,  3.16it/s][A
Train 5/30:  74%|███████▍  | 394/534 [02:05<00:44,  3.16it/s][A
Train 5/30:  75%|███████▍  | 398/534 [02:06<00:43,  3.16it/s][A
Train 5/30:  75%|███████▌  | 402/534 [02:07<00:41,  3.16it/s][A
Train 5/30:  76%|███████▌  | 406/534 [02:09<00:40,  3.16it/s][A
Train 5/30:  77%|███████▋  | 410/534 [02:10<00:39,  3.16it/s][A
Train 5/30:  78%|███████▊  | 414/534 [02:11<00:37,  3.16it/s][A
Train 5/30:  78%|███████▊  | 418/534 [02:12<00:36,  3.16it/s][A
Train 5/30:  79%|███████▉  | 422/534 [02:14<00:35,  3.17it/s][A
Train 5/30:  80%|███████▉  | 426/534 [02:15<00:34,  3.16it/s][A
Train 5/30:  81%|████████  | 430/534 [02:16<00:32,  3.16it/s][A
Train 5/30:  81%|████████▏ | 434/534 [02:17<00:31,  3.16it/s][A
Train 5/30:  82%|████████▏ | 438/534 [02:19<00:30,  3.16it/s][A
Train 5/30:  83%|████████▎ | 442/534 [02:20<00:29,  3.16it/s][A
Train 5/30:  84%|████████▎ | 446/534 [02:21<00:27,  3.16it/s][A
Train 5/30:  84%|████████▍ | 450/534 [02:22<00:26,  3.16it/s][A
Train 5/30:  85%|████████▌ | 454/534 [02:24<00:25,  3.16it/s][A
Train 5/30:  86%|████████▌ | 458/534 [02:25<00:24,  3.16it/s][A
Train 5/30:  87%|████████▋ | 462/534 [02:26<00:22,  3.16it/s][A
Train 5/30:  87%|████████▋ | 466/534 [02:28<00:21,  3.16it/s][A
Train 5/30:  88%|████████▊ | 470/534 [02:29<00:20,  3.16it/s][A
Train 5/30:  89%|████████▉ | 474/534 [02:30<00:18,  3.16it/s][A
Train 5/30:  90%|████████▉ | 478/534 [02:31<00:17,  3.16it/s][A
Train 5/30:  90%|█████████ | 482/534 [02:33<00:16,  3.16it/s][A
Train 5/30:  91%|█████████ | 486/534 [02:34<00:15,  3.16it/s][A
Train 5/30:  92%|█████████▏| 490/534 [02:35<00:13,  3.16it/s][A
Train 5/30:  93%|█████████▎| 494/534 [02:36<00:12,  3.16it/s][A
Train 5/30:  93%|█████████▎| 498/534 [02:38<00:11,  3.16it/s][A
Train 5/30:  94%|█████████▍| 502/534 [02:39<00:10,  3.16it/s][A
Train 5/30:  95%|█████████▍| 506/534 [02:40<00:08,  3.16it/s][A
Train 5/30:  96%|█████████▌| 510/534 [02:41<00:07,  3.16it/s][A
Train 5/30:  96%|█████████▋| 514/534 [02:43<00:06,  3.16it/s][A
Train 5/30:  97%|█████████▋| 518/534 [02:44<00:05,  3.16it/s][A
Train 5/30:  98%|█████████▊| 522/534 [02:45<00:03,  3.17it/s][A
Train 5/30:  99%|█████████▊| 526/534 [02:46<00:02,  3.17it/s][A
Train 5/30:  99%|█████████▉| 530/534 [02:48<00:01,  3.17it/s][A
Train 5/30: 100%|██████████| 534/534 [02:49<00:00,  3.17it/s][A
                                                             [A
Val:   0%|          | 0/29 [00:00<?, ?it/s][A
Val:  24%|██▍       | 7/29 [00:01<00:03,  6.82it/s][A
Val:  72%|███████▏  | 21/29 [00:02<00:00, 10.86it/s][A
                                                    [AEpochs:  13%|█▎        | 4/30 [14:08<1:13:24, 169.42s/it, lat_cos=0.562, lr=3.00e-04, pstd=0.3636, train=0.004681, val=0.003824]Epoch 5 | train MSE: 0.004681 | val MSE: 0.003824 | latent_cos: 0.562 (<0.7=escaped) | pred_std: 0.3636 (>0.04=content) | train_clip_offset=3 | lr: 3.00e-04
                                                                                                                                Saved checkpoint to runs/gridworld-tok-v2/tokenizer.pt
Epochs:  13%|█▎        | 4/30 [14:08<1:13:24, 169.42s/it, lat_cos=0.562, lr=3.00e-04, pstd=0.3636, train=0.004681, val=0.003824]Epochs:  17%|█▋        | 5/30 [14:08<1:11:00, 170.41s/it, lat_cos=0.562, lr=3.00e-04, pstd=0.3636, train=0.004681, val=0.003824]
Train 6/30:   0%|          | 0/534 [00:00<?, ?it/s][A
Train 6/30:   1%|          | 3/534 [00:01<03:47,  2.33it/s][A
Train 6/30:   1%|▏         | 7/534 [00:02<03:06,  2.82it/s][A
Train 6/30:   2%|▏         | 11/534 [00:03<02:55,  2.98it/s][A
Train 6/30:   3%|▎         | 15/534 [00:05<02:50,  3.05it/s][A
Train 6/30:   4%|▎         | 19/534 [00:06<02:46,  3.09it/s][A
Train 6/30:   4%|▍         | 23/534 [00:07<02:44,  3.12it/s][A
Train 6/30:   5%|▌         | 27/534 [00:08<02:41,  3.13it/s][A
Train 6/30:   6%|▌         | 31/534 [00:10<02:40,  3.14it/s][A
Train 6/30:   7%|▋         | 35/534 [00:11<02:38,  3.15it/s][A
Train 6/30:   7%|▋         | 39/534 [00:12<02:36,  3.15it/s][A
Train 6/30:   8%|▊         | 43/534 [00:13<02:35,  3.16it/s][A
Train 6/30:   9%|▉         | 47/534 [00:15<02:34,  3.16it/s][A
Train 6/30:  10%|▉         | 51/534 [00:16<02:32,  3.16it/s][A
Train 6/30:  10%|█         | 55/534 [00:17<02:31,  3.16it/s][A
Train 6/30:  11%|█         | 59/534 [00:18<02:30,  3.16it/s][A
Train 6/30:  12%|█▏        | 63/534 [00:20<02:29,  3.16it/s][A
Train 6/30:  13%|█▎        | 67/534 [00:21<02:27,  3.16it/s][A
Train 6/30:  13%|█▎        | 71/534 [00:22<02:26,  3.16it/s][A
Train 6/30:  14%|█▍        | 75/534 [00:24<02:25,  3.16it/s][A
Train 6/30:  15%|█▍        | 79/534 [00:25<02:23,  3.16it/s][A
Train 6/30:  16%|█▌        | 83/534 [00:26<02:22,  3.16it/s][A
Train 6/30:  16%|█▋        | 87/534 [00:27<02:21,  3.16it/s][A
Train 6/30:  17%|█▋        | 91/534 [00:29<02:20,  3.16it/s][A
Train 6/30:  18%|█▊        | 95/534 [00:30<02:18,  3.16it/s][A
Train 6/30:  19%|█▊        | 99/534 [00:31<02:17,  3.16it/s][A
Train 6/30:  19%|█▉        | 103/534 [00:32<02:16,  3.16it/s][A
Train 6/30:  20%|██        | 107/534 [00:34<02:14,  3.16it/s][A
Train 6/30:  21%|██        | 111/534 [00:35<02:13,  3.17it/s][A
Train 6/30:  22%|██▏       | 115/534 [00:36<02:12,  3.16it/s][A
Train 6/30:  22%|██▏       | 119/534 [00:37<02:11,  3.16it/s][A
Train 6/30:  23%|██▎       | 123/534 [00:39<02:09,  3.16it/s][A
Train 6/30:  24%|██▍       | 127/534 [00:40<02:08,  3.16it/s][A
Train 6/30:  25%|██▍       | 131/534 [00:41<02:07,  3.16it/s][A
Train 6/30:  25%|██▌       | 135/534 [00:43<02:06,  3.17it/s][A
Train 6/30:  26%|██▌       | 139/534 [00:44<02:04,  3.17it/s][A
Train 6/30:  27%|██▋       | 143/534 [00:45<02:03,  3.16it/s][A
Train 6/30:  28%|██▊       | 147/534 [00:46<02:02,  3.16it/s][A
Train 6/30:  28%|██▊       | 151/534 [00:48<02:01,  3.16it/s][A
Train 6/30:  29%|██▉       | 155/534 [00:49<01:59,  3.16it/s][A
Train 6/30:  30%|██▉       | 159/534 [00:50<01:58,  3.16it/s][A
Train 6/30:  31%|███       | 163/534 [00:51<01:57,  3.16it/s][A
Train 6/30:  31%|███▏      | 167/534 [00:53<01:56,  3.16it/s][A
Train 6/30:  32%|███▏      | 171/534 [00:54<01:54,  3.16it/s][A
Train 6/30:  33%|███▎      | 175/534 [00:55<01:53,  3.16it/s][A
Train 6/30:  34%|███▎      | 179/534 [00:56<01:52,  3.16it/s][A
Train 6/30:  34%|███▍      | 183/534 [00:58<01:51,  3.16it/s][A
Train 6/30:  35%|███▌      | 187/534 [00:59<01:49,  3.16it/s][A
Train 6/30:  36%|███▌      | 191/534 [01:00<01:48,  3.16it/s][A
Train 6/30:  37%|███▋      | 195/534 [01:02<01:47,  3.16it/s][A
Train 6/30:  37%|███▋      | 199/534 [01:03<01:46,  3.16it/s][A
Train 6/30:  38%|███▊      | 203/534 [01:04<01:44,  3.16it/s][A
Train 6/30:  39%|███▉      | 207/534 [01:05<01:43,  3.16it/s][A
Train 6/30:  40%|███▉      | 211/534 [01:07<01:42,  3.16it/s][A
Train 6/30:  40%|████      | 215/534 [01:08<01:40,  3.16it/s][A
Train 6/30:  41%|████      | 219/534 [01:09<01:39,  3.16it/s][A
Train 6/30:  42%|████▏     | 223/534 [01:10<01:38,  3.16it/s][A
Train 6/30:  43%|████▎     | 227/534 [01:12<01:37,  3.16it/s][A
Train 6/30:  43%|████▎     | 231/534 [01:13<01:35,  3.16it/s][A
Train 6/30:  44%|████▍     | 235/534 [01:14<01:34,  3.16it/s][A
Train 6/30:  45%|████▍     | 239/534 [01:15<01:33,  3.16it/s][A
Train 6/30:  46%|████▌     | 243/534 [01:17<01:32,  3.16it/s][A
Train 6/30:  46%|████▋     | 247/534 [01:18<01:30,  3.16it/s][A
Train 6/30:  47%|████▋     | 251/534 [01:19<01:29,  3.16it/s][A
Train 6/30:  48%|████▊     | 255/534 [01:20<01:28,  3.16it/s][A
Train 6/30:  49%|████▊     | 259/534 [01:22<01:27,  3.16it/s][A
Train 6/30:  49%|████▉     | 263/534 [01:23<01:25,  3.16it/s][A
Train 6/30:  50%|█████     | 267/534 [01:24<01:24,  3.16it/s][A
Train 6/30:  51%|█████     | 271/534 [01:26<01:23,  3.16it/s][A
Train 6/30:  51%|█████▏    | 275/534 [01:27<01:21,  3.16it/s][A
Train 6/30:  52%|█████▏    | 279/534 [01:28<01:20,  3.16it/s][A
Train 6/30:  53%|█████▎    | 283/534 [01:29<01:19,  3.16it/s][A
Train 6/30:  54%|█████▎    | 287/534 [01:31<01:18,  3.16it/s][A
Train 6/30:  54%|█████▍    | 291/534 [01:32<01:16,  3.16it/s][A
Train 6/30:  55%|█████▌    | 295/534 [01:33<01:15,  3.16it/s][A
Train 6/30:  56%|█████▌    | 299/534 [01:34<01:14,  3.16it/s][A
Train 6/30:  57%|█████▋    | 303/534 [01:36<01:13,  3.16it/s][A
Train 6/30:  57%|█████▋    | 307/534 [01:37<01:11,  3.16it/s][A
Train 6/30:  58%|█████▊    | 311/534 [01:38<01:10,  3.16it/s][A
Train 6/30:  59%|█████▉    | 315/534 [01:39<01:09,  3.16it/s][A
Train 6/30:  60%|█████▉    | 319/534 [01:41<01:07,  3.16it/s][A
Train 6/30:  60%|██████    | 323/534 [01:42<01:06,  3.17it/s][A
Train 6/30:  61%|██████    | 327/534 [01:43<01:05,  3.17it/s][A
Train 6/30:  62%|██████▏   | 331/534 [01:45<01:04,  3.16it/s][A
Train 6/30:  63%|██████▎   | 335/534 [01:46<01:02,  3.16it/s][A
Train 6/30:  63%|██████▎   | 339/534 [01:47<01:01,  3.16it/s][A
Train 6/30:  64%|██████▍   | 343/534 [01:48<01:00,  3.16it/s][A
Train 6/30:  65%|██████▍   | 347/534 [01:50<00:59,  3.16it/s][A
Train 6/30:  66%|██████▌   | 351/534 [01:51<00:57,  3.16it/s][A
Train 6/30:  66%|██████▋   | 355/534 [01:52<00:56,  3.16it/s][A
Train 6/30:  67%|██████▋   | 359/534 [01:53<00:55,  3.16it/s][A
Train 6/30:  68%|██████▊   | 363/534 [01:55<00:54,  3.16it/s][A
Train 6/30:  69%|██████▊   | 367/534 [01:56<00:52,  3.16it/s][A
Train 6/30:  69%|██████▉   | 371/534 [01:57<00:51,  3.16it/s][A
Train 6/30:  70%|███████   | 375/534 [01:58<00:50,  3.16it/s][A
Train 6/30:  71%|███████   | 379/534 [02:00<00:49,  3.16it/s][A
Train 6/30:  72%|███████▏  | 383/534 [02:01<00:47,  3.16it/s][A
Train 6/30:  72%|███████▏  | 387/534 [02:02<00:46,  3.16it/s][A
Train 6/30:  73%|███████▎  | 391/534 [02:04<00:45,  3.16it/s][A
Train 6/30:  74%|███████▍  | 395/534 [02:05<00:43,  3.16it/s][A
Train 6/30:  75%|███████▍  | 399/534 [02:06<00:42,  3.16it/s][A
Train 6/30:  75%|███████▌  | 403/534 [02:07<00:41,  3.16it/s][A
Train 6/30:  76%|███████▌  | 407/534 [02:09<00:40,  3.16it/s][A
Train 6/30:  77%|███████▋  | 411/534 [02:10<00:38,  3.16it/s][A
Train 6/30:  78%|███████▊  | 415/534 [02:11<00:37,  3.16it/s][A
Train 6/30:  78%|███████▊  | 419/534 [02:12<00:36,  3.16it/s][A
Train 6/30:  79%|███████▉  | 423/534 [02:14<00:35,  3.16it/s][A
Train 6/30:  80%|███████▉  | 427/534 [02:15<00:33,  3.16it/s][A
Train 6/30:  81%|████████  | 431/534 [02:16<00:32,  3.16it/s][A
Train 6/30:  81%|████████▏ | 435/534 [02:17<00:31,  3.16it/s][A
Train 6/30:  82%|████████▏ | 439/534 [02:19<00:30,  3.16it/s][A
Train 6/30:  83%|████████▎ | 443/534 [02:20<00:28,  3.16it/s][A
Train 6/30:  84%|████████▎ | 447/534 [02:21<00:27,  3.16it/s][A
Train 6/30:  84%|████████▍ | 451/534 [02:22<00:26,  3.16it/s][A
Train 6/30:  85%|████████▌ | 455/534 [02:24<00:24,  3.16it/s][A
Train 6/30:  86%|████████▌ | 459/534 [02:25<00:23,  3.16it/s][A
Train 6/30:  87%|████████▋ | 463/534 [02:26<00:22,  3.16it/s][A
Train 6/30:  87%|████████▋ | 467/534 [02:28<00:21,  3.16it/s][A
Train 6/30:  88%|████████▊ | 471/534 [02:29<00:19,  3.16it/s][A
Train 6/30:  89%|████████▉ | 475/534 [02:30<00:18,  3.16it/s][A
Train 6/30:  90%|████████▉ | 479/534 [02:31<00:17,  3.16it/s][A
Train 6/30:  90%|█████████ | 483/534 [02:33<00:16,  3.16it/s][A
Train 6/30:  91%|█████████ | 487/534 [02:34<00:14,  3.17it/s][A
Train 6/30:  92%|█████████▏| 491/534 [02:35<00:13,  3.17it/s][A
Train 6/30:  93%|█████████▎| 495/534 [02:36<00:12,  3.17it/s][A
Train 6/30:  93%|█████████▎| 499/534 [02:38<00:11,  3.17it/s][A
Train 6/30:  94%|█████████▍| 503/534 [02:39<00:09,  3.16it/s][A
Train 6/30:  95%|█████████▍| 507/534 [02:40<00:08,  3.17it/s][A
Train 6/30:  96%|█████████▌| 511/534 [02:41<00:07,  3.17it/s][A
Train 6/30:  96%|█████████▋| 515/534 [02:43<00:06,  3.17it/s][A
Train 6/30:  97%|█████████▋| 519/534 [02:44<00:04,  3.17it/s][A
Train 6/30:  98%|█████████▊| 523/534 [02:45<00:03,  3.17it/s][A
Train 6/30:  99%|█████████▊| 527/534 [02:46<00:02,  3.17it/s][A
Train 6/30:  99%|█████████▉| 531/534 [02:48<00:00,  3.17it/s][A
                                                             [A
Val:   0%|          | 0/29 [00:00<?, ?it/s][A
Val:  28%|██▊       | 8/29 [00:01<00:02,  7.66it/s][A
Val:  76%|███████▌  | 22/29 [00:02<00:00, 11.18it/s][A
                                                    [AEpochs:  17%|█▋        | 5/30 [16:59<1:11:00, 170.41s/it, lat_cos=0.545, lr=3.00e-04, pstd=0.3639, train=0.004473, val=0.003975]Epoch 6 | train MSE: 0.004473 | val MSE: 0.003975 | latent_cos: 0.545 (<0.7=escaped) | pred_std: 0.3639 (>0.04=content) | train_clip_offset=3 | lr: 3.00e-04
                                                                                                                                Saved checkpoint to runs/gridworld-tok-v2/tokenizer.pt
Epochs:  17%|█▋        | 5/30 [16:59<1:11:00, 170.41s/it, lat_cos=0.545, lr=3.00e-04, pstd=0.3639, train=0.004473, val=0.003975]Epochs:  20%|██        | 6/30 [16:59<1:08:21, 170.89s/it, lat_cos=0.545, lr=3.00e-04, pstd=0.3639, train=0.004473, val=0.003975]
Train 7/30:   0%|          | 0/489 [00:00<?, ?it/s][A
Train 7/30:   0%|          | 2/489 [00:01<04:13,  1.92it/s][A
Train 7/30:   1%|          | 6/489 [00:02<02:58,  2.70it/s][A
Train 7/30:   2%|▏         | 10/489 [00:03<02:44,  2.92it/s][A
Train 7/30:   3%|▎         | 14/489 [00:04<02:37,  3.01it/s][A
Train 7/30:   4%|▎         | 18/489 [00:06<02:33,  3.06it/s][A
Train 7/30:   4%|▍         | 22/489 [00:07<02:30,  3.09it/s][A
Train 7/30:   5%|▌         | 26/489 [00:08<02:28,  3.12it/s][A
Train 7/30:   6%|▌         | 30/489 [00:09<02:26,  3.13it/s][A
Train 7/30:   7%|▋         | 34/489 [00:11<02:24,  3.14it/s][A
Train 7/30:   8%|▊         | 38/489 [00:12<02:23,  3.15it/s][A
Train 7/30:   9%|▊         | 42/489 [00:13<02:21,  3.15it/s][A
Train 7/30:   9%|▉         | 46/489 [00:14<02:20,  3.15it/s][A
Train 7/30:  10%|█         | 50/489 [00:16<02:19,  3.15it/s][A
Train 7/30:  11%|█         | 54/489 [00:17<02:17,  3.16it/s][A
Train 7/30:  12%|█▏        | 58/489 [00:18<02:16,  3.16it/s][A
Train 7/30:  13%|█▎        | 62/489 [00:20<02:15,  3.16it/s][A
Train 7/30:  13%|█▎        | 66/489 [00:21<02:13,  3.16it/s][A
Train 7/30:  14%|█▍        | 70/489 [00:22<02:12,  3.16it/s][A
Train 7/30:  15%|█▌        | 74/489 [00:23<02:11,  3.17it/s][A
Train 7/30:  16%|█▌        | 78/489 [00:25<02:09,  3.16it/s][A
Train 7/30:  17%|█▋        | 82/489 [00:26<02:08,  3.16it/s][A
Train 7/30:  18%|█▊        | 86/489 [00:27<02:07,  3.16it/s][A
Train 7/30:  18%|█▊        | 90/489 [00:28<02:06,  3.16it/s][A
Train 7/30:  19%|█▉        | 94/489 [00:30<02:04,  3.16it/s][A
Train 7/30:  20%|██        | 98/489 [00:31<02:03,  3.16it/s][A
Train 7/30:  21%|██        | 102/489 [00:32<02:02,  3.16it/s][A
Train 7/30:  22%|██▏       | 106/489 [00:33<02:01,  3.16it/s][A
Train 7/30:  22%|██▏       | 110/489 [00:35<01:59,  3.16it/s][A
Train 7/30:  23%|██▎       | 114/489 [00:36<01:58,  3.16it/s][A
Train 7/30:  24%|██▍       | 118/489 [00:37<01:57,  3.16it/s][A
Train 7/30:  25%|██▍       | 122/489 [00:39<01:56,  3.16it/s][A
Train 7/30:  26%|██▌       | 126/489 [00:40<01:54,  3.16it/s][A
Train 7/30:  27%|██▋       | 130/489 [00:41<01:55,  3.11it/s][A
Train 7/30:  27%|██▋       | 134/489 [00:42<01:53,  3.12it/s][A
Train 7/30:  28%|██▊       | 138/489 [00:44<01:51,  3.14it/s][A
Train 7/30:  29%|██▉       | 142/489 [00:45<01:50,  3.14it/s][A
Train 7/30:  30%|██▉       | 146/489 [00:46<01:48,  3.15it/s][A
Train 7/30:  31%|███       | 150/489 [00:47<01:47,  3.15it/s][A
Train 7/30:  31%|███▏      | 154/489 [00:49<01:46,  3.15it/s][A
Train 7/30:  32%|███▏      | 158/489 [00:50<01:44,  3.16it/s][A
Train 7/30:  33%|███▎      | 162/489 [00:51<01:43,  3.16it/s][A
Train 7/30:  34%|███▍      | 166/489 [00:53<01:42,  3.16it/s][A
Train 7/30:  35%|███▍      | 170/489 [00:54<01:40,  3.16it/s][A
Train 7/30:  36%|███▌      | 174/489 [00:55<01:39,  3.16it/s][A
Train 7/30:  36%|███▋      | 178/489 [00:56<01:38,  3.16it/s][A
Train 7/30:  37%|███▋      | 182/489 [00:58<01:37,  3.16it/s][A
Train 7/30:  38%|███▊      | 186/489 [00:59<01:35,  3.17it/s][A
Train 7/30:  39%|███▉      | 190/489 [01:00<01:34,  3.16it/s][A
Train 7/30:  40%|███▉      | 194/489 [01:01<01:33,  3.16it/s][A
Train 7/30:  40%|████      | 198/489 [01:03<01:31,  3.16it/s][A
Train 7/30:  41%|████▏     | 202/489 [01:04<01:30,  3.16it/s][A
Train 7/30:  42%|████▏     | 206/489 [01:05<01:29,  3.16it/s][A
Train 7/30:  43%|████▎     | 210/489 [01:06<01:28,  3.16it/s][A
Train 7/30:  44%|████▍     | 214/489 [01:08<01:27,  3.16it/s][A
Train 7/30:  45%|████▍     | 218/489 [01:09<01:25,  3.16it/s][A
Train 7/30:  45%|████▌     | 222/489 [01:10<01:24,  3.16it/s][A
Train 7/30:  46%|████▌     | 226/489 [01:11<01:23,  3.16it/s][A
Train 7/30:  47%|████▋     | 230/489 [01:13<01:22,  3.16it/s][A
Train 7/30:  48%|████▊     | 234/489 [01:14<01:20,  3.16it/s][A
Train 7/30:  49%|████▊     | 238/489 [01:15<01:19,  3.16it/s][A
Train 7/30:  49%|████▉     | 242/489 [01:17<01:18,  3.16it/s][A
Train 7/30:  50%|█████     | 246/489 [01:18<01:17,  3.16it/s][A
Train 7/30:  51%|█████     | 250/489 [01:19<01:15,  3.16it/s][A
Train 7/30:  52%|█████▏    | 254/489 [01:20<01:14,  3.16it/s][A
Train 7/30:  53%|█████▎    | 258/489 [01:22<01:13,  3.16it/s][A
Train 7/30:  54%|█████▎    | 262/489 [01:23<01:11,  3.16it/s][A
Train 7/30:  54%|█████▍    | 266/489 [01:24<01:10,  3.16it/s][A
Train 7/30:  55%|█████▌    | 270/489 [01:25<01:09,  3.16it/s][A
Train 7/30:  56%|█████▌    | 274/489 [01:27<01:08,  3.16it/s][A
Train 7/30:  57%|█████▋    | 278/489 [01:28<01:06,  3.16it/s][A
Train 7/30:  58%|█████▊    | 282/489 [01:29<01:05,  3.16it/s][A
Train 7/30:  58%|█████▊    | 286/489 [01:30<01:04,  3.16it/s][A
Train 7/30:  59%|█████▉    | 290/489 [01:32<01:03,  3.16it/s][A
Train 7/30:  60%|██████    | 294/489 [01:33<01:01,  3.16it/s][A
Train 7/30:  61%|██████    | 298/489 [01:34<01:00,  3.16it/s][A
Train 7/30:  62%|██████▏   | 302/489 [01:36<00:59,  3.16it/s][A
Train 7/30:  63%|██████▎   | 306/489 [01:37<00:57,  3.16it/s][A
Train 7/30:  63%|██████▎   | 310/489 [01:38<00:56,  3.16it/s][A
Train 7/30:  64%|██████▍   | 314/489 [01:39<00:55,  3.16it/s][A
Train 7/30:  65%|██████▌   | 318/489 [01:41<00:54,  3.16it/s][A
Train 7/30:  66%|██████▌   | 322/489 [01:42<00:52,  3.16it/s][A
Train 7/30:  67%|██████▋   | 326/489 [01:43<00:51,  3.16it/s][A
Train 7/30:  67%|██████▋   | 330/489 [01:44<00:50,  3.16it/s][A
Train 7/30:  68%|██████▊   | 334/489 [01:46<00:49,  3.16it/s][A
Train 7/30:  69%|██████▉   | 338/489 [01:47<00:47,  3.16it/s][A
Train 7/30:  70%|██████▉   | 342/489 [01:48<00:46,  3.16it/s][A
Train 7/30:  71%|███████   | 346/489 [01:49<00:45,  3.16it/s][A
Train 7/30:  72%|███████▏  | 350/489 [01:51<00:43,  3.16it/s][A
Train 7/30:  72%|███████▏  | 354/489 [01:52<00:42,  3.16it/s][A
Train 7/30:  73%|███████▎  | 358/489 [01:53<00:41,  3.16it/s][A
Train 7/30:  74%|███████▍  | 362/489 [01:55<00:40,  3.16it/s][A
Train 7/30:  75%|███████▍  | 366/489 [01:56<00:38,  3.16it/s][A
Train 7/30:  76%|███████▌  | 370/489 [01:57<00:37,  3.16it/s][A
Train 7/30:  76%|███████▋  | 374/489 [01:58<00:36,  3.16it/s][A
Train 7/30:  77%|███████▋  | 378/489 [02:00<00:35,  3.16it/s][A
Train 7/30:  78%|███████▊  | 382/489 [02:01<00:33,  3.17it/s][A
Train 7/30:  79%|███████▉  | 386/489 [02:02<00:32,  3.17it/s][A
Train 7/30:  80%|███████▉  | 390/489 [02:03<00:31,  3.17it/s][A
Train 7/30:  81%|████████  | 394/489 [02:05<00:30,  3.17it/s][A
Train 7/30:  81%|████████▏ | 398/489 [02:06<00:28,  3.17it/s][A
Train 7/30:  82%|████████▏ | 402/489 [02:07<00:27,  3.16it/s][A
Train 7/30:  83%|████████▎ | 406/489 [02:08<00:26,  3.16it/s][A
Train 7/30:  84%|████████▍ | 410/489 [02:10<00:24,  3.16it/s][A
Train 7/30:  85%|████████▍ | 414/489 [02:11<00:23,  3.16it/s][A
Train 7/30:  85%|████████▌ | 418/489 [02:12<00:22,  3.16it/s][A
Train 7/30:  86%|████████▋ | 422/489 [02:13<00:21,  3.16it/s][A
Train 7/30:  87%|████████▋ | 426/489 [02:15<00:19,  3.16it/s][A
Train 7/30:  88%|████████▊ | 430/489 [02:16<00:18,  3.16it/s][A
Train 7/30:  89%|████████▉ | 434/489 [02:17<00:17,  3.16it/s][A
Train 7/30:  90%|████████▉ | 438/489 [02:19<00:16,  3.16it/s][A
Train 7/30:  90%|█████████ | 442/489 [02:20<00:14,  3.16it/s][A
Train 7/30:  91%|█████████ | 446/489 [02:21<00:13,  3.16it/s][A
Train 7/30:  92%|█████████▏| 450/489 [02:22<00:12,  3.16it/s][A
Train 7/30:  93%|█████████▎| 454/489 [02:24<00:11,  3.16it/s][A
Train 7/30:  94%|█████████▎| 458/489 [02:25<00:09,  3.17it/s][A
Train 7/30:  94%|█████████▍| 462/489 [02:26<00:08,  3.17it/s][A
Train 7/30:  95%|█████████▌| 466/489 [02:27<00:07,  3.17it/s][A
Train 7/30:  96%|█████████▌| 470/489 [02:29<00:05,  3.17it/s][A
Train 7/30:  97%|█████████▋| 474/489 [02:30<00:04,  3.17it/s][A
Train 7/30:  98%|█████████▊| 478/489 [02:31<00:03,  3.17it/s][A
Train 7/30:  99%|█████████▊| 482/489 [02:32<00:02,  3.17it/s][A
Train 7/30:  99%|█████████▉| 486/489 [02:34<00:00,  3.17it/s][A
                                                             [A
Val:   0%|          | 0/29 [00:00<?, ?it/s][A
Val:  24%|██▍       | 7/29 [00:01<00:03,  6.87it/s][A
Val:  72%|███████▏  | 21/29 [00:02<00:00, 10.91it/s][A
                                                    [AEpochs:  20%|██        | 6/30 [19:37<1:08:21, 170.89s/it, lat_cos=0.534, lr=3.00e-04, pstd=0.3637, train=0.004315, val=0.003928]Epoch 7 | train MSE: 0.004315 | val MSE: 0.003928 | latent_cos: 0.534 (<0.7=escaped) | pred_std: 0.3637 (>0.04=content) | train_clip_offset=10 | lr: 3.00e-04
                                                                                                                                Saved checkpoint to runs/gridworld-tok-v2/tokenizer.pt
Epochs:  20%|██        | 6/30 [19:37<1:08:21, 170.89s/it, lat_cos=0.534, lr=3.00e-04, pstd=0.3637, train=0.004315, val=0.003928]Epochs:  23%|██▎       | 7/30 [19:37<1:03:52, 166.62s/it, lat_cos=0.534, lr=3.00e-04, pstd=0.3637, train=0.004315, val=0.003928]
Train 8/30:   0%|          | 0/489 [00:00<?, ?it/s][A
Train 8/30:   1%|          | 3/489 [00:01<03:16,  2.48it/s][A
Train 8/30:   1%|▏         | 7/489 [00:02<02:47,  2.89it/s][A
Train 8/30:   2%|▏         | 11/489 [00:03<02:38,  3.01it/s][A
Train 8/30:   3%|▎         | 15/489 [00:05<02:34,  3.07it/s][A
Train 8/30:   4%|▍         | 19/489 [00:06<02:31,  3.10it/s][A
Train 8/30:   5%|▍         | 23/489 [00:07<02:29,  3.13it/s][A
Train 8/30:   6%|▌         | 27/489 [00:08<02:27,  3.14it/s][A
Train 8/30:   6%|▋         | 31/489 [00:10<02:25,  3.15it/s][A
Train 8/30:   7%|▋         | 35/489 [00:11<02:24,  3.15it/s][A
Train 8/30:   8%|▊         | 39/489 [00:12<02:22,  3.16it/s][A
Train 8/30:   9%|▉         | 43/489 [00:13<02:21,  3.16it/s][A
Train 8/30:  10%|▉         | 47/489 [00:15<02:19,  3.16it/s][A
Train 8/30:  10%|█         | 51/489 [00:16<02:18,  3.16it/s][A
Train 8/30:  11%|█         | 55/489 [00:17<02:17,  3.16it/s][A
Train 8/30:  12%|█▏        | 59/489 [00:18<02:15,  3.16it/s][A
Train 8/30:  13%|█▎        | 63/489 [00:20<02:14,  3.16it/s][A
Train 8/30:  14%|█▎        | 67/489 [00:21<02:13,  3.16it/s][A
Train 8/30:  15%|█▍        | 71/489 [00:22<02:12,  3.16it/s][A
Train 8/30:  15%|█▌        | 75/489 [00:23<02:10,  3.16it/s][A
Train 8/30:  16%|█▌        | 79/489 [00:25<02:09,  3.16it/s][A
Train 8/30:  17%|█▋        | 83/489 [00:26<02:08,  3.16it/s][A
Train 8/30:  18%|█▊        | 87/489 [00:27<02:07,  3.16it/s][A
Train 8/30:  19%|█▊        | 91/489 [00:29<02:05,  3.16it/s][A
Train 8/30:  19%|█▉        | 95/489 [00:30<02:04,  3.16it/s][A
Train 8/30:  20%|██        | 99/489 [00:31<02:03,  3.16it/s][A
Train 8/30:  21%|██        | 103/489 [00:32<02:02,  3.16it/s][A
Train 8/30:  22%|██▏       | 107/489 [00:34<02:00,  3.16it/s][A
Train 8/30:  23%|██▎       | 111/489 [00:35<01:59,  3.17it/s][A
Train 8/30:  24%|██▎       | 115/489 [00:36<01:58,  3.17it/s][A
Train 8/30:  24%|██▍       | 119/489 [00:37<01:56,  3.17it/s][A
Train 8/30:  25%|██▌       | 123/489 [00:39<01:55,  3.17it/s][A
Train 8/30:  26%|██▌       | 127/489 [00:40<01:54,  3.17it/s][A
Train 8/30:  27%|██▋       | 131/489 [00:41<01:53,  3.16it/s][A
Train 8/30:  28%|██▊       | 135/489 [00:42<01:52,  3.16it/s][A
Train 8/30:  28%|██▊       | 139/489 [00:44<01:50,  3.16it/s][A
Train 8/30:  29%|██▉       | 143/489 [00:45<01:49,  3.16it/s][A
Train 8/30:  30%|███       | 147/489 [00:46<01:48,  3.16it/s][A
Train 8/30:  31%|███       | 151/489 [00:48<01:47,  3.16it/s][A
Train 8/30:  32%|███▏      | 155/489 [00:49<01:45,  3.16it/s][A
Train 8/30:  33%|███▎      | 159/489 [00:50<01:44,  3.16it/s][A
Train 8/30:  33%|███▎      | 163/489 [00:51<01:43,  3.16it/s][A
Train 8/30:  34%|███▍      | 167/489 [00:53<01:41,  3.17it/s][A
Train 8/30:  35%|███▍      | 171/489 [00:54<01:40,  3.16it/s][A
Train 8/30:  36%|███▌      | 175/489 [00:55<01:39,  3.16it/s][A
Train 8/30:  37%|███▋      | 179/489 [00:56<01:37,  3.16it/s][A
Train 8/30:  37%|███▋      | 183/489 [00:58<01:36,  3.16it/s][A
Train 8/30:  38%|███▊      | 187/489 [00:59<01:35,  3.16it/s][A
Train 8/30:  39%|███▉      | 191/489 [01:00<01:34,  3.16it/s][A
Train 8/30:  40%|███▉      | 195/489 [01:01<01:32,  3.17it/s][A
Train 8/30:  41%|████      | 199/489 [01:03<01:31,  3.17it/s][A
Train 8/30:  42%|████▏     | 203/489 [01:04<01:30,  3.17it/s][A
Train 8/30:  42%|████▏     | 207/489 [01:05<01:29,  3.17it/s][A
Train 8/30:  43%|████▎     | 211/489 [01:06<01:27,  3.16it/s][A
Train 8/30:  44%|████▍     | 215/489 [01:08<01:26,  3.16it/s][A
Train 8/30:  45%|████▍     | 219/489 [01:09<01:25,  3.16it/s][A
Train 8/30:  46%|████▌     | 223/489 [01:10<01:24,  3.16it/s][A
Train 8/30:  46%|████▋     | 227/489 [01:12<01:22,  3.16it/s][A
Train 8/30:  47%|████▋     | 231/489 [01:13<01:21,  3.17it/s][A
Train 8/30:  48%|████▊     | 235/489 [01:14<01:20,  3.16it/s][A
Train 8/30:  49%|████▉     | 239/489 [01:15<01:18,  3.16it/s][A
Train 8/30:  50%|████▉     | 243/489 [01:17<01:17,  3.17it/s][A
Train 8/30:  51%|█████     | 247/489 [01:18<01:16,  3.17it/s][A
Train 8/30:  51%|█████▏    | 251/489 [01:19<01:15,  3.17it/s][A
Train 8/30:  52%|█████▏    | 255/489 [01:20<01:13,  3.16it/s][A
Train 8/30:  53%|█████▎    | 259/489 [01:22<01:12,  3.16it/s][A
Train 8/30:  54%|█████▍    | 263/489 [01:23<01:11,  3.16it/s][A
Train 8/30:  55%|█████▍    | 267/489 [01:24<01:10,  3.16it/s][A
Train 8/30:  55%|█████▌    | 271/489 [01:25<01:08,  3.17it/s][A
Train 8/30:  56%|█████▌    | 275/489 [01:27<01:07,  3.16it/s][A
Train 8/30:  57%|█████▋    | 279/489 [01:28<01:06,  3.16it/s][A
Train 8/30:  58%|█████▊    | 283/489 [01:29<01:05,  3.16it/s][A
Train 8/30:  59%|█████▊    | 287/489 [01:30<01:03,  3.16it/s][A
Train 8/30:  60%|█████▉    | 291/489 [01:32<01:02,  3.16it/s][A
Train 8/30:  60%|██████    | 295/489 [01:33<01:01,  3.16it/s][A
Train 8/30:  61%|██████    | 299/489 [01:34<01:00,  3.16it/s][A
Train 8/30:  62%|██████▏   | 303/489 [01:36<00:58,  3.16it/s][A
Train 8/30:  63%|██████▎   | 307/489 [01:37<00:57,  3.16it/s][A
Train 8/30:  64%|██████▎   | 311/489 [01:38<00:56,  3.16it/s][A
Train 8/30:  64%|██████▍   | 315/489 [01:39<00:55,  3.16it/s][A
Train 8/30:  65%|██████▌   | 319/489 [01:41<00:53,  3.16it/s][A
Train 8/30:  66%|██████▌   | 323/489 [01:42<00:52,  3.16it/s][A
Train 8/30:  67%|██████▋   | 327/489 [01:43<00:51,  3.16it/s][A
Train 8/30:  68%|██████▊   | 331/489 [01:44<00:50,  3.16it/s][A
Train 8/30:  69%|██████▊   | 335/489 [01:46<00:48,  3.16it/s][A
Train 8/30:  69%|██████▉   | 339/489 [01:47<00:47,  3.16it/s][A
Train 8/30:  70%|███████   | 343/489 [01:48<00:46,  3.16it/s][A
Train 8/30:  71%|███████   | 347/489 [01:49<00:44,  3.16it/s][A
Train 8/30:  72%|███████▏  | 351/489 [01:51<00:43,  3.16it/s][A
Train 8/30:  73%|███████▎  | 355/489 [01:52<00:42,  3.16it/s][A
Train 8/30:  73%|███████▎  | 359/489 [01:53<00:41,  3.16it/s][A
Train 8/30:  74%|███████▍  | 363/489 [01:55<00:39,  3.16it/s][A
Train 8/30:  75%|███████▌  | 367/489 [01:56<00:38,  3.16it/s][A
Train 8/30:  76%|███████▌  | 371/489 [01:57<00:37,  3.16it/s][A
Train 8/30:  77%|███████▋  | 375/489 [01:58<00:36,  3.16it/s][A
Train 8/30:  78%|███████▊  | 379/489 [02:00<00:34,  3.16it/s][A
Train 8/30:  78%|███████▊  | 383/489 [02:01<00:33,  3.17it/s][A
Train 8/30:  79%|███████▉  | 387/489 [02:02<00:32,  3.17it/s][A
Train 8/30:  80%|███████▉  | 391/489 [02:03<00:30,  3.16it/s][A
Train 8/30:  81%|████████  | 395/489 [02:05<00:29,  3.16it/s][A
Train 8/30:  82%|████████▏ | 399/489 [02:06<00:28,  3.16it/s][A
Train 8/30:  82%|████████▏ | 403/489 [02:07<00:27,  3.16it/s][A
Train 8/30:  83%|████████▎ | 407/489 [02:08<00:25,  3.16it/s][A
Train 8/30:  84%|████████▍ | 411/489 [02:10<00:24,  3.17it/s][A
Train 8/30:  85%|████████▍ | 415/489 [02:11<00:23,  3.16it/s][A
Train 8/30:  86%|████████▌ | 419/489 [02:12<00:22,  3.16it/s][A
Train 8/30:  87%|████████▋ | 423/489 [02:13<00:20,  3.16it/s][A
Train 8/30:  87%|████████▋ | 427/489 [02:15<00:19,  3.17it/s][A
Train 8/30:  88%|████████▊ | 431/489 [02:16<00:18,  3.17it/s][A
Train 8/30:  89%|████████▉ | 435/489 [02:17<00:17,  3.16it/s][A
Train 8/30:  90%|████████▉ | 439/489 [02:19<00:15,  3.16it/s][A
Train 8/30:  91%|█████████ | 443/489 [02:20<00:14,  3.16it/s][A
Train 8/30:  91%|█████████▏| 447/489 [02:21<00:13,  3.16it/s][A
Train 8/30:  92%|█████████▏| 451/489 [02:22<00:12,  3.17it/s][A
Train 8/30:  93%|█████████▎| 455/489 [02:24<00:10,  3.17it/s][A
Train 8/30:  94%|█████████▍| 459/489 [02:25<00:09,  3.17it/s][A
Train 8/30:  95%|█████████▍| 463/489 [02:26<00:08,  3.17it/s][A
Train 8/30:  96%|█████████▌| 467/489 [02:27<00:06,  3.17it/s][A
Train 8/30:  96%|█████████▋| 471/489 [02:29<00:05,  3.17it/s][A
Train 8/30:  97%|█████████▋| 475/489 [02:30<00:04,  3.17it/s][A
Train 8/30:  98%|█████████▊| 479/489 [02:31<00:03,  3.17it/s][A
Train 8/30:  99%|█████████▉| 483/489 [02:32<00:01,  3.17it/s][A
Train 8/30: 100%|█████████▉| 487/489 [02:34<00:00,  3.17it/s][A
                                                             [A
Val:   0%|          | 0/29 [00:00<?, ?it/s][A
Val:  34%|███▍      | 10/29 [00:01<00:01,  9.96it/s][A
Val:  83%|████████▎ | 24/29 [00:02<00:00, 12.19it/s][A
                                                    [AEpochs:  23%|██▎       | 7/30 [22:14<1:03:52, 166.62s/it, lat_cos=0.495, lr=3.00e-04, pstd=0.3621, train=0.004171, val=0.003554]Epoch 8 | train MSE: 0.004171 | val MSE: 0.003554 | latent_cos: 0.495 (<0.7=escaped) | pred_std: 0.3621 (>0.04=content) | train_clip_offset=11 | lr: 3.00e-04
                                                                                                                                Saved checkpoint to runs/gridworld-tok-v2/tokenizer.pt
Epochs:  23%|██▎       | 7/30 [22:15<1:03:52, 166.62s/it, lat_cos=0.495, lr=3.00e-04, pstd=0.3621, train=0.004171, val=0.003554]Epochs:  27%|██▋       | 8/30 [22:15<1:00:00, 163.65s/it, lat_cos=0.495, lr=3.00e-04, pstd=0.3621, train=0.004171, val=0.003554]
Train 9/30:   0%|          | 0/534 [00:00<?, ?it/s][A
Train 9/30:   0%|          | 2/534 [00:01<04:27,  1.99it/s][A
Train 9/30:   1%|          | 6/534 [00:02<03:13,  2.73it/s][A
Train 9/30:   2%|▏         | 10/534 [00:03<02:58,  2.93it/s][A
Train 9/30:   3%|▎         | 14/534 [00:04<02:51,  3.03it/s][A
Train 9/30:   3%|▎         | 18/534 [00:06<02:47,  3.08it/s][A
Train 9/30:   4%|▍         | 22/534 [00:07<02:44,  3.11it/s][A
Train 9/30:   5%|▍         | 26/534 [00:08<02:42,  3.13it/s][A
Train 9/30:   6%|▌         | 30/534 [00:09<02:40,  3.14it/s][A
Train 9/30:   6%|▋         | 34/534 [00:11<02:39,  3.14it/s][A
Train 9/30:   7%|▋         | 38/534 [00:12<02:37,  3.15it/s][A
Train 9/30:   8%|▊         | 42/534 [00:13<02:36,  3.15it/s][A
Train 9/30:   9%|▊         | 46/534 [00:14<02:34,  3.15it/s][A
Train 9/30:   9%|▉         | 50/534 [00:16<02:33,  3.16it/s][A
Train 9/30:  10%|█         | 54/534 [00:17<02:31,  3.16it/s][A
Train 9/30:  11%|█         | 58/534 [00:18<02:30,  3.16it/s][A
Train 9/30:  12%|█▏        | 62/534 [00:19<02:29,  3.16it/s][A
Train 9/30:  12%|█▏        | 66/534 [00:21<02:27,  3.16it/s][A
Train 9/30:  13%|█▎        | 70/534 [00:22<02:26,  3.16it/s][A
Train 9/30:  14%|█▍        | 74/534 [00:23<02:25,  3.17it/s][A
Train 9/30:  15%|█▍        | 78/534 [00:25<02:23,  3.17it/s][A
Train 9/30:  15%|█▌        | 82/534 [00:26<02:22,  3.17it/s][A
Train 9/30:  16%|█▌        | 86/534 [00:27<02:21,  3.17it/s][A
Train 9/30:  17%|█▋        | 90/534 [00:28<02:20,  3.17it/s][A
Train 9/30:  18%|█▊        | 94/534 [00:30<02:18,  3.17it/s][A
Train 9/30:  18%|█▊        | 98/534 [00:31<02:17,  3.16it/s][A
Train 9/30:  19%|█▉        | 102/534 [00:32<02:16,  3.16it/s][A
Train 9/30:  20%|█▉        | 106/534 [00:33<02:15,  3.16it/s][A
Train 9/30:  21%|██        | 110/534 [00:35<02:14,  3.16it/s][A
Train 9/30:  21%|██▏       | 114/534 [00:36<02:12,  3.16it/s][A
Train 9/30:  22%|██▏       | 118/534 [00:37<02:11,  3.16it/s][A
Train 9/30:  23%|██▎       | 122/534 [00:38<02:10,  3.17it/s][A
Train 9/30:  24%|██▎       | 126/534 [00:40<02:08,  3.17it/s][A
Train 9/30:  24%|██▍       | 130/534 [00:41<02:07,  3.17it/s][A
Train 9/30:  25%|██▌       | 134/534 [00:42<02:08,  3.11it/s][A
Train 9/30:  26%|██▌       | 138/534 [00:44<02:06,  3.12it/s][A
Train 9/30:  27%|██▋       | 142/534 [00:45<02:05,  3.13it/s][A
Train 9/30:  27%|██▋       | 146/534 [00:46<02:03,  3.14it/s][A
Train 9/30:  28%|██▊       | 150/534 [00:47<02:01,  3.15it/s][A
Train 9/30:  29%|██▉       | 154/534 [00:49<02:00,  3.16it/s][A
Train 9/30:  30%|██▉       | 158/534 [00:50<01:59,  3.16it/s][A
Train 9/30:  30%|███       | 162/534 [00:51<01:57,  3.16it/s][A
Train 9/30:  31%|███       | 166/534 [00:52<01:56,  3.16it/s][A
Train 9/30:  32%|███▏      | 170/534 [00:54<01:55,  3.16it/s][A
Train 9/30:  33%|███▎      | 174/534 [00:55<01:53,  3.16it/s][A
Train 9/30:  33%|███▎      | 178/534 [00:56<01:52,  3.17it/s][A
Train 9/30:  34%|███▍      | 182/534 [00:57<01:51,  3.17it/s][A
Train 9/30:  35%|███▍      | 186/534 [00:59<01:49,  3.17it/s][A
Train 9/30:  36%|███▌      | 190/534 [01:00<01:48,  3.16it/s][A
Train 9/30:  36%|███▋      | 194/534 [01:01<01:47,  3.16it/s][A
Train 9/30:  37%|███▋      | 198/534 [01:03<01:46,  3.17it/s][A
Train 9/30:  38%|███▊      | 202/534 [01:04<01:44,  3.17it/s][A
Train 9/30:  39%|███▊      | 206/534 [01:05<01:43,  3.17it/s][A
Train 9/30:  39%|███▉      | 210/534 [01:06<01:42,  3.17it/s][A
Train 9/30:  40%|████      | 214/534 [01:08<01:40,  3.17it/s][A
Train 9/30:  41%|████      | 218/534 [01:09<01:39,  3.17it/s][A
Train 9/30:  42%|████▏     | 222/534 [01:10<01:38,  3.17it/s][A
Train 9/30:  42%|████▏     | 226/534 [01:11<01:37,  3.17it/s][A
Train 9/30:  43%|████▎     | 230/534 [01:13<01:36,  3.16it/s][A
Train 9/30:  44%|████▍     | 234/534 [01:14<01:34,  3.16it/s][A
Train 9/30:  45%|████▍     | 238/534 [01:15<01:33,  3.16it/s][A
Train 9/30:  45%|████▌     | 242/534 [01:16<01:32,  3.16it/s][A
Train 9/30:  46%|████▌     | 246/534 [01:18<01:31,  3.16it/s][A
Train 9/30:  47%|████▋     | 250/534 [01:19<01:29,  3.16it/s][A
Train 9/30:  48%|████▊     | 254/534 [01:20<01:28,  3.16it/s][A
Train 9/30:  48%|████▊     | 258/534 [01:21<01:27,  3.16it/s][A
Train 9/30:  49%|████▉     | 262/534 [01:23<01:26,  3.16it/s][A
Train 9/30:  50%|████▉     | 266/534 [01:24<01:24,  3.16it/s][A
Train 9/30:  51%|█████     | 270/534 [01:25<01:23,  3.16it/s][A
Train 9/30:  51%|█████▏    | 274/534 [01:27<01:22,  3.17it/s][A
Train 9/30:  52%|█████▏    | 278/534 [01:28<01:20,  3.17it/s][A
Train 9/30:  53%|█████▎    | 282/534 [01:29<01:19,  3.17it/s][A
Train 9/30:  54%|█████▎    | 286/534 [01:30<01:18,  3.17it/s][A
Train 9/30:  54%|█████▍    | 290/534 [01:32<01:16,  3.17it/s][A
Train 9/30:  55%|█████▌    | 294/534 [01:33<01:15,  3.17it/s][A
Train 9/30:  56%|█████▌    | 298/534 [01:34<01:14,  3.17it/s][A
Train 9/30:  57%|█████▋    | 302/534 [01:35<01:13,  3.17it/s][A
Train 9/30:  57%|█████▋    | 306/534 [01:37<01:11,  3.17it/s][A
Train 9/30:  58%|█████▊    | 310/534 [01:38<01:10,  3.17it/s][A
Train 9/30:  59%|█████▉    | 314/534 [01:39<01:09,  3.17it/s][A
Train 9/30:  60%|█████▉    | 318/534 [01:40<01:08,  3.17it/s][A
Train 9/30:  60%|██████    | 322/534 [01:42<01:06,  3.17it/s][A
Train 9/30:  61%|██████    | 326/534 [01:43<01:05,  3.17it/s][A
Train 9/30:  62%|██████▏   | 330/534 [01:44<01:04,  3.17it/s][A
Train 9/30:  63%|██████▎   | 334/534 [01:45<01:03,  3.16it/s][A
Train 9/30:  63%|██████▎   | 338/534 [01:47<01:01,  3.16it/s][A
Train 9/30:  64%|██████▍   | 342/534 [01:48<01:00,  3.16it/s][A
Train 9/30:  65%|██████▍   | 346/534 [01:49<00:59,  3.16it/s][A
Train 9/30:  66%|██████▌   | 350/534 [01:51<00:58,  3.17it/s][A
Train 9/30:  66%|██████▋   | 354/534 [01:52<00:56,  3.17it/s][A
Train 9/30:  67%|██████▋   | 358/534 [01:53<00:55,  3.17it/s][A
Train 9/30:  68%|██████▊   | 362/534 [01:54<00:54,  3.17it/s][A
Train 9/30:  69%|██████▊   | 366/534 [01:56<00:53,  3.17it/s][A
Train 9/30:  69%|██████▉   | 370/534 [01:57<00:51,  3.17it/s][A
Train 9/30:  70%|███████   | 374/534 [01:58<00:50,  3.17it/s][A
Train 9/30:  71%|███████   | 378/534 [01:59<00:49,  3.16it/s][A
Train 9/30:  72%|███████▏  | 382/534 [02:01<00:48,  3.16it/s][A
Train 9/30:  72%|███████▏  | 386/534 [02:02<00:46,  3.17it/s][A
Train 9/30:  73%|███████▎  | 390/534 [02:03<00:45,  3.17it/s][A
Train 9/30:  74%|███████▍  | 394/534 [02:04<00:44,  3.17it/s][A
Train 9/30:  75%|███████▍  | 398/534 [02:06<00:42,  3.17it/s][A
Train 9/30:  75%|███████▌  | 402/534 [02:07<00:41,  3.16it/s][A
Train 9/30:  76%|███████▌  | 406/534 [02:08<00:40,  3.17it/s][A
Train 9/30:  77%|███████▋  | 410/534 [02:09<00:39,  3.17it/s][A
Train 9/30:  78%|███████▊  | 414/534 [02:11<00:37,  3.17it/s][A
Train 9/30:  78%|███████▊  | 418/534 [02:12<00:36,  3.17it/s][A
Train 9/30:  79%|███████▉  | 422/534 [02:13<00:35,  3.17it/s][A
Train 9/30:  80%|███████▉  | 426/534 [02:15<00:34,  3.17it/s][A
Train 9/30:  81%|████████  | 430/534 [02:16<00:32,  3.17it/s][A
Train 9/30:  81%|████████▏ | 434/534 [02:17<00:31,  3.17it/s][A
Train 9/30:  82%|████████▏ | 438/534 [02:18<00:30,  3.17it/s][A
Train 9/30:  83%|████████▎ | 442/534 [02:20<00:29,  3.17it/s][A
Train 9/30:  84%|████████▎ | 446/534 [02:21<00:27,  3.17it/s][A
Train 9/30:  84%|████████▍ | 450/534 [02:22<00:26,  3.17it/s][A
Train 9/30:  85%|████████▌ | 454/534 [02:23<00:25,  3.16it/s][A
Train 9/30:  86%|████████▌ | 458/534 [02:25<00:24,  3.16it/s][A
Train 9/30:  87%|████████▋ | 462/534 [02:26<00:22,  3.16it/s][A
Train 9/30:  87%|████████▋ | 466/534 [02:27<00:21,  3.17it/s][A
Train 9/30:  88%|████████▊ | 470/534 [02:28<00:20,  3.17it/s][A
Train 9/30:  89%|████████▉ | 474/534 [02:30<00:18,  3.17it/s][A
Train 9/30:  90%|████████▉ | 478/534 [02:31<00:17,  3.16it/s][A
Train 9/30:  90%|█████████ | 482/534 [02:32<00:16,  3.16it/s][A
Train 9/30:  91%|█████████ | 486/534 [02:34<00:15,  3.16it/s][A
Train 9/30:  92%|█████████▏| 490/534 [02:35<00:13,  3.16it/s][A
Train 9/30:  93%|█████████▎| 494/534 [02:36<00:12,  3.16it/s][A
Train 9/30:  93%|█████████▎| 498/534 [02:37<00:11,  3.16it/s][A
Train 9/30:  94%|█████████▍| 502/534 [02:39<00:10,  3.16it/s][A
Train 9/30:  95%|█████████▍| 506/534 [02:40<00:08,  3.16it/s][A
Train 9/30:  96%|█████████▌| 510/534 [02:41<00:07,  3.16it/s][A
Train 9/30:  96%|█████████▋| 514/534 [02:42<00:06,  3.16it/s][A
Train 9/30:  97%|█████████▋| 518/534 [02:44<00:05,  3.17it/s][A
Train 9/30:  98%|█████████▊| 522/534 [02:45<00:03,  3.17it/s][A
Train 9/30:  99%|█████████▊| 526/534 [02:46<00:02,  3.17it/s][A
Train 9/30:  99%|█████████▉| 530/534 [02:47<00:01,  3.17it/s][A
Train 9/30: 100%|██████████| 534/534 [02:49<00:00,  3.17it/s][A
                                                             [A
Val:   0%|          | 0/29 [00:00<?, ?it/s][A
Val:  28%|██▊       | 8/29 [00:01<00:02,  7.85it/s][A
Val:  76%|███████▌  | 22/29 [00:02<00:00, 11.30it/s][A
                                                    [AEpochs:  27%|██▋       | 8/30 [25:06<1:00:00, 163.65s/it, lat_cos=0.373, lr=3.00e-04, pstd=0.3674, train=0.003666, val=0.002257]Epoch 9 | train MSE: 0.003666 | val MSE: 0.002257 | latent_cos: 0.373 (<0.7=escaped) | pred_std: 0.3674 (>0.04=content) | train_clip_offset=8 | lr: 3.00e-04
                                                                                                                                Saved checkpoint to runs/gridworld-tok-v2/tokenizer.pt
Epochs:  27%|██▋       | 8/30 [25:06<1:00:00, 163.65s/it, lat_cos=0.373, lr=3.00e-04, pstd=0.3674, train=0.003666, val=0.002257]Epochs:  30%|███       | 9/30 [25:06<58:09, 166.18s/it, lat_cos=0.373, lr=3.00e-04, pstd=0.3674, train=0.003666, val=0.002257]  
Train 10/30:   0%|          | 0/489 [00:00<?, ?it/s][A
Train 10/30:   0%|          | 2/489 [00:01<04:22,  1.86it/s][A
Train 10/30:   1%|          | 6/489 [00:02<03:00,  2.67it/s][A
Train 10/30:   2%|▏         | 10/489 [00:03<02:45,  2.90it/s][A
Train 10/30:   3%|▎         | 14/489 [00:04<02:38,  3.01it/s][A
Train 10/30:   4%|▎         | 18/489 [00:06<02:33,  3.06it/s][A
Train 10/30:   4%|▍         | 22/489 [00:07<02:30,  3.10it/s][A
Train 10/30:   5%|▌         | 26/489 [00:08<02:28,  3.12it/s][A
Train 10/30:   6%|▌         | 30/489 [00:09<02:26,  3.13it/s][A
Train 10/30:   7%|▋         | 34/489 [00:11<02:24,  3.15it/s][A
Train 10/30:   8%|▊         | 38/489 [00:12<02:23,  3.15it/s][A
Train 10/30:   9%|▊         | 42/489 [00:13<02:21,  3.16it/s][A
Train 10/30:   9%|▉         | 46/489 [00:14<02:20,  3.16it/s][A
Train 10/30:  10%|█         | 50/489 [00:16<02:18,  3.16it/s][A
Train 10/30:  11%|█         | 54/489 [00:17<02:17,  3.16it/s][A
Train 10/30:  12%|█▏        | 58/489 [00:18<02:16,  3.16it/s][A
Train 10/30:  13%|█▎        | 62/489 [00:20<02:15,  3.16it/s][A
Train 10/30:  13%|█▎        | 66/489 [00:21<02:13,  3.16it/s][A
Train 10/30:  14%|█▍        | 70/489 [00:22<02:12,  3.16it/s][A
Train 10/30:  15%|█▌        | 74/489 [00:23<02:11,  3.16it/s][A
Train 10/30:  16%|█▌        | 78/489 [00:25<02:09,  3.17it/s][A
Train 10/30:  17%|█▋        | 82/489 [00:26<02:08,  3.16it/s][A
Train 10/30:  18%|█▊        | 86/489 [00:27<02:07,  3.16it/s][A
Train 10/30:  18%|█▊        | 90/489 [00:28<02:06,  3.17it/s][A
Train 10/30:  19%|█▉        | 94/489 [00:30<02:04,  3.17it/s][A
Train 10/30:  20%|██        | 98/489 [00:31<02:03,  3.17it/s][A
Train 10/30:  21%|██        | 102/489 [00:32<02:02,  3.16it/s][A
Train 10/30:  22%|██▏       | 106/489 [00:33<02:01,  3.16it/s][A
Train 10/30:  22%|██▏       | 110/489 [00:35<01:59,  3.16it/s][A
Train 10/30:  23%|██▎       | 114/489 [00:36<01:58,  3.16it/s][A
Train 10/30:  24%|██▍       | 118/489 [00:37<01:57,  3.16it/s][A
Train 10/30:  25%|██▍       | 122/489 [00:39<01:56,  3.16it/s][A
Train 10/30:  26%|██▌       | 126/489 [00:40<01:54,  3.16it/s][A
Train 10/30:  27%|██▋       | 130/489 [00:41<01:53,  3.16it/s][A
Train 10/30:  27%|██▋       | 134/489 [00:42<01:52,  3.16it/s][A
Train 10/30:  28%|██▊       | 138/489 [00:44<01:50,  3.16it/s][A
Train 10/30:  29%|██▉       | 142/489 [00:45<01:49,  3.16it/s][A
Train 10/30:  30%|██▉       | 146/489 [00:46<01:48,  3.16it/s][A
Train 10/30:  31%|███       | 150/489 [00:47<01:47,  3.16it/s][A
Train 10/30:  31%|███▏      | 154/489 [00:49<01:45,  3.16it/s][A
Train 10/30:  32%|███▏      | 158/489 [00:50<01:44,  3.16it/s][A
Train 10/30:  33%|███▎      | 162/489 [00:51<01:43,  3.17it/s][A
Train 10/30:  34%|███▍      | 166/489 [00:52<01:42,  3.16it/s][A
Train 10/30:  35%|███▍      | 170/489 [00:54<01:40,  3.17it/s][A
Train 10/30:  36%|███▌      | 174/489 [00:55<01:39,  3.17it/s][A
Train 10/30:  36%|███▋      | 178/489 [00:56<01:38,  3.17it/s][A
Train 10/30:  37%|███▋      | 182/489 [00:57<01:36,  3.17it/s][A
Train 10/30:  38%|███▊      | 186/489 [00:59<01:35,  3.17it/s][A
Train 10/30:  39%|███▉      | 190/489 [01:00<01:34,  3.17it/s][A
Train 10/30:  40%|███▉      | 194/489 [01:01<01:33,  3.17it/s][A
Train 10/30:  40%|████      | 198/489 [01:03<01:31,  3.17it/s][A
Train 10/30:  41%|████▏     | 202/489 [01:04<01:30,  3.17it/s][A
Train 10/30:  42%|████▏     | 206/489 [01:05<01:29,  3.17it/s][A
Train 10/30:  43%|████▎     | 210/489 [01:06<01:28,  3.16it/s][A
Train 10/30:  44%|████▍     | 214/489 [01:08<01:26,  3.16it/s][A
Train 10/30:  45%|████▍     | 218/489 [01:09<01:25,  3.16it/s][A
Train 10/30:  45%|████▌     | 222/489 [01:10<01:24,  3.16it/s][A
Train 10/30:  46%|████▌     | 226/489 [01:11<01:23,  3.16it/s][A
Train 10/30:  47%|████▋     | 230/489 [01:13<01:21,  3.17it/s][A
Train 10/30:  48%|████▊     | 234/489 [01:14<01:20,  3.17it/s][A
Train 10/30:  49%|████▊     | 238/489 [01:15<01:19,  3.17it/s][A
Train 10/30:  49%|████▉     | 242/489 [01:16<01:18,  3.17it/s][A
Train 10/30:  50%|█████     | 246/489 [01:18<01:16,  3.17it/s][A
Train 10/30:  51%|█████     | 250/489 [01:19<01:15,  3.17it/s][A
Train 10/30:  52%|█████▏    | 254/489 [01:20<01:14,  3.16it/s][A
Train 10/30:  53%|█████▎    | 258/489 [01:21<01:13,  3.16it/s][A
Train 10/30:  54%|█████▎    | 262/489 [01:23<01:11,  3.16it/s][A
Train 10/30:  54%|█████▍    | 266/489 [01:24<01:10,  3.16it/s][A
Train 10/30:  55%|█████▌    | 270/489 [01:25<01:09,  3.16it/s][A
Train 10/30:  56%|█████▌    | 274/489 [01:27<01:07,  3.17it/s][A
Train 10/30:  57%|█████▋    | 278/489 [01:28<01:06,  3.17it/s][A
Train 10/30:  58%|█████▊    | 282/489 [01:29<01:05,  3.17it/s][A
Train 10/30:  58%|█████▊    | 286/489 [01:30<01:04,  3.16it/s][A
Train 10/30:  59%|█████▉    | 290/489 [01:32<01:02,  3.17it/s][A
Train 10/30:  60%|██████    | 294/489 [01:33<01:01,  3.17it/s][A
Train 10/30:  61%|██████    | 298/489 [01:34<01:00,  3.17it/s][A
Train 10/30:  62%|██████▏   | 302/489 [01:35<00:59,  3.17it/s][A
Train 10/30:  63%|██████▎   | 306/489 [01:37<00:57,  3.16it/s][A
Train 10/30:  63%|██████▎   | 310/489 [01:38<00:56,  3.16it/s][A
Train 10/30:  64%|██████▍   | 314/489 [01:39<00:55,  3.16it/s][A
Train 10/30:  65%|██████▌   | 318/489 [01:40<00:54,  3.16it/s][A
Train 10/30:  66%|██████▌   | 322/489 [01:42<00:52,  3.17it/s][A
Train 10/30:  67%|██████▋   | 326/489 [01:43<00:51,  3.17it/s][A
Train 10/30:  67%|██████▋   | 330/489 [01:44<00:50,  3.16it/s][A
Train 10/30:  68%|██████▊   | 334/489 [01:45<00:48,  3.17it/s][A
Train 10/30:  69%|██████▉   | 338/489 [01:47<00:47,  3.17it/s][A
Train 10/30:  70%|██████▉   | 342/489 [01:48<00:46,  3.17it/s][A
Train 10/30:  71%|███████   | 346/489 [01:49<00:45,  3.16it/s][A
Train 10/30:  72%|███████▏  | 350/489 [01:51<00:43,  3.16it/s][A
Train 10/30:  72%|███████▏  | 354/489 [01:52<00:42,  3.17it/s][A
Train 10/30:  73%|███████▎  | 358/489 [01:53<00:41,  3.17it/s][A
Train 10/30:  74%|███████▍  | 362/489 [01:54<00:40,  3.17it/s][A
Train 10/30:  75%|███████▍  | 366/489 [01:56<00:38,  3.16it/s][A
Train 10/30:  76%|███████▌  | 370/489 [01:57<00:37,  3.17it/s][A
Train 10/30:  76%|███████▋  | 374/489 [01:58<00:36,  3.16it/s][A
Train 10/30:  77%|███████▋  | 378/489 [01:59<00:35,  3.17it/s][A
Train 10/30:  78%|███████▊  | 382/489 [02:01<00:33,  3.17it/s][A
Train 10/30:  79%|███████▉  | 386/489 [02:02<00:32,  3.17it/s][A
Train 10/30:  80%|███████▉  | 390/489 [02:03<00:31,  3.16it/s][A
Train 10/30:  81%|████████  | 394/489 [02:04<00:30,  3.16it/s][A
Train 10/30:  81%|████████▏ | 398/489 [02:06<00:28,  3.16it/s][A
Train 10/30:  82%|████████▏ | 402/489 [02:07<00:27,  3.16it/s][A
Train 10/30:  83%|████████▎ | 406/489 [02:08<00:26,  3.17it/s][A
Train 10/30:  84%|████████▍ | 410/489 [02:10<00:24,  3.17it/s][A
Train 10/30:  85%|████████▍ | 414/489 [02:11<00:23,  3.17it/s][A
Train 10/30:  85%|████████▌ | 418/489 [02:12<00:22,  3.17it/s][A
Train 10/30:  86%|████████▋ | 422/489 [02:13<00:21,  3.17it/s][A
Train 10/30:  87%|████████▋ | 426/489 [02:15<00:19,  3.17it/s][A
Train 10/30:  88%|████████▊ | 430/489 [02:16<00:18,  3.17it/s][A
Train 10/30:  89%|████████▉ | 434/489 [02:17<00:17,  3.17it/s][A
Train 10/30:  90%|████████▉ | 438/489 [02:18<00:16,  3.17it/s][A
Train 10/30:  90%|█████████ | 442/489 [02:20<00:14,  3.17it/s][A
Train 10/30:  91%|█████████ | 446/489 [02:21<00:13,  3.17it/s][A
Train 10/30:  92%|█████████▏| 450/489 [02:22<00:12,  3.17it/s][A
Train 10/30:  93%|█████████▎| 454/489 [02:23<00:11,  3.17it/s][A
Train 10/30:  94%|█████████▎| 458/489 [02:25<00:09,  3.17it/s][A
Train 10/30:  94%|█████████▍| 462/489 [02:26<00:08,  3.17it/s][A
Train 10/30:  95%|█████████▌| 466/489 [02:27<00:07,  3.17it/s][A
Train 10/30:  96%|█████████▌| 470/489 [02:28<00:05,  3.17it/s][A
Train 10/30:  97%|█████████▋| 474/489 [02:30<00:04,  3.17it/s][A
Train 10/30:  98%|█████████▊| 478/489 [02:31<00:03,  3.17it/s][A
Train 10/30:  99%|█████████▊| 482/489 [02:32<00:02,  3.17it/s][A
Train 10/30:  99%|█████████▉| 486/489 [02:33<00:00,  3.17it/s][A
                                                              [A
Val:   0%|          | 0/29 [00:00<?, ?it/s][A
Val:  31%|███       | 9/29 [00:01<00:02,  8.74it/s][A
Val:  79%|███████▉  | 23/29 [00:02<00:00, 11.66it/s][A
                                                    [AEpochs:  30%|███       | 9/30 [27:44<58:09, 166.18s/it, lat_cos=0.294, lr=3.00e-04, pstd=0.3704, train=0.002272, val=0.000613]Epoch 10 | train MSE: 0.002272 | val MSE: 0.000613 | latent_cos: 0.294 (<0.7=escaped) | pred_std: 0.3704 (>0.04=content) | train_clip_offset=14 | lr: 3.00e-04
                                                                                                                              Saved checkpoint to runs/gridworld-tok-v2/tokenizer.pt
Epochs:  30%|███       | 9/30 [27:44<58:09, 166.18s/it, lat_cos=0.294, lr=3.00e-04, pstd=0.3704, train=0.002272, val=0.000613]Epochs:  33%|███▎      | 10/30 [27:44<54:29, 163.48s/it, lat_cos=0.294, lr=3.00e-04, pstd=0.3704, train=0.002272, val=0.000613]
Train 11/30:   0%|          | 0/534 [00:00<?, ?it/s][A
Train 11/30:   0%|          | 2/534 [00:01<05:13,  1.70it/s][A
Train 11/30:   1%|          | 6/534 [00:02<03:24,  2.58it/s][A
Train 11/30:   2%|▏         | 10/534 [00:03<03:03,  2.85it/s][A
Train 11/30:   3%|▎         | 14/534 [00:04<02:55,  2.97it/s][A
Train 11/30:   3%|▎         | 18/534 [00:06<02:49,  3.04it/s][A
Train 11/30:   4%|▍         | 22/534 [00:07<02:46,  3.08it/s][A
Train 11/30:   5%|▍         | 26/534 [00:08<02:43,  3.11it/s][A
Train 11/30:   6%|▌         | 30/534 [00:10<02:41,  3.13it/s][A
Train 11/30:   6%|▋         | 34/534 [00:11<02:39,  3.14it/s][A
Train 11/30:   7%|▋         | 38/534 [00:12<02:37,  3.15it/s][A
Train 11/30:   8%|▊         | 42/534 [00:13<02:36,  3.15it/s][A
Train 11/30:   9%|▊         | 46/534 [00:15<02:34,  3.16it/s][A
Train 11/30:   9%|▉         | 50/534 [00:16<02:33,  3.16it/s][A
Train 11/30:  10%|█         | 54/534 [00:17<02:31,  3.16it/s][A
Train 11/30:  11%|█         | 58/534 [00:18<02:30,  3.16it/s][A
Train 11/30:  12%|█▏        | 62/534 [00:20<02:29,  3.16it/s][A
Train 11/30:  12%|█▏        | 66/534 [00:21<02:27,  3.16it/s][A
Train 11/30:  13%|█▎        | 70/534 [00:22<02:26,  3.17it/s][A
Train 11/30:  14%|█▍        | 74/534 [00:23<02:25,  3.17it/s][A
Train 11/30:  15%|█▍        | 78/534 [00:25<02:23,  3.17it/s][A
Train 11/30:  15%|█▌        | 82/534 [00:26<02:22,  3.16it/s][A
Train 11/30:  16%|█▌        | 86/534 [00:27<02:21,  3.17it/s][A
Train 11/30:  17%|█▋        | 90/534 [00:28<02:20,  3.17it/s][A
Train 11/30:  18%|█▊        | 94/534 [00:30<02:18,  3.17it/s][A
Train 11/30:  18%|█▊        | 98/534 [00:31<02:17,  3.17it/s][A
Train 11/30:  19%|█▉        | 102/534 [00:32<02:16,  3.17it/s][A
Train 11/30:  20%|█▉        | 106/534 [00:34<02:15,  3.17it/s][A
Train 11/30:  21%|██        | 110/534 [00:35<02:13,  3.17it/s][A
Train 11/30:  21%|██▏       | 114/534 [00:36<02:12,  3.16it/s][A
Train 11/30:  22%|██▏       | 118/534 [00:37<02:11,  3.16it/s][A
Train 11/30:  23%|██▎       | 122/534 [00:39<02:10,  3.16it/s][A
Train 11/30:  24%|██▎       | 126/534 [00:40<02:09,  3.16it/s][A
Train 11/30:  24%|██▍       | 130/534 [00:41<02:07,  3.16it/s][A
Train 11/30:  25%|██▌       | 134/534 [00:42<02:06,  3.16it/s][A
Train 11/30:  26%|██▌       | 138/534 [00:44<02:05,  3.16it/s][A
Train 11/30:  27%|██▋       | 142/534 [00:45<02:03,  3.16it/s][A
Train 11/30:  27%|██▋       | 146/534 [00:46<02:02,  3.16it/s][A
Train 11/30:  28%|██▊       | 150/534 [00:47<02:01,  3.16it/s][A
Train 11/30:  29%|██▉       | 154/534 [00:49<02:00,  3.16it/s][A
Train 11/30:  30%|██▉       | 158/534 [00:50<01:58,  3.16it/s][A
Train 11/30:  30%|███       | 162/534 [00:51<01:57,  3.16it/s][A
Train 11/30:  31%|███       | 166/534 [00:53<01:56,  3.16it/s][A
Train 11/30:  32%|███▏      | 170/534 [00:54<01:55,  3.16it/s][A
Train 11/30:  33%|███▎      | 174/534 [00:55<01:53,  3.17it/s][A
Train 11/30:  33%|███▎      | 178/534 [00:56<01:52,  3.16it/s][A
Train 11/30:  34%|███▍      | 182/534 [00:58<01:51,  3.16it/s][A
Train 11/30:  35%|███▍      | 186/534 [00:59<01:49,  3.16it/s][A
Train 11/30:  36%|███▌      | 190/534 [01:00<01:48,  3.16it/s][A
Train 11/30:  36%|███▋      | 194/534 [01:01<01:47,  3.16it/s][A
Train 11/30:  37%|███▋      | 198/534 [01:03<01:46,  3.16it/s][A
Train 11/30:  38%|███▊      | 202/534 [01:04<01:44,  3.16it/s][A
Train 11/30:  39%|███▊      | 206/534 [01:05<01:43,  3.16it/s][A
Train 11/30:  39%|███▉      | 210/534 [01:06<01:42,  3.16it/s][A
Train 11/30:  40%|████      | 214/534 [01:08<01:41,  3.16it/s][A
Train 11/30:  41%|████      | 218/534 [01:09<01:40,  3.16it/s][A
Train 11/30:  42%|████▏     | 222/534 [01:10<01:38,  3.16it/s][A
Train 11/30:  42%|████▏     | 226/534 [01:11<01:37,  3.16it/s][A
Train 11/30:  43%|████▎     | 230/534 [01:13<01:36,  3.16it/s][A
Train 11/30:  44%|████▍     | 234/534 [01:14<01:35,  3.16it/s][A
Train 11/30:  45%|████▍     | 238/534 [01:15<01:33,  3.16it/s][A
Train 11/30:  45%|████▌     | 242/534 [01:17<01:32,  3.16it/s][A
Train 11/30:  46%|████▌     | 246/534 [01:18<01:31,  3.16it/s][A
Train 11/30:  47%|████▋     | 250/534 [01:19<01:29,  3.17it/s][A
Train 11/30:  48%|████▊     | 254/534 [01:20<01:28,  3.17it/s][A
Train 11/30:  48%|████▊     | 258/534 [01:22<01:27,  3.17it/s][A
Train 11/30:  49%|████▉     | 262/534 [01:23<01:25,  3.16it/s][A
Train 11/30:  50%|████▉     | 266/534 [01:24<01:24,  3.17it/s][A
Train 11/30:  51%|█████     | 270/534 [01:25<01:23,  3.17it/s][A
Train 11/30:  51%|█████▏    | 274/534 [01:27<01:22,  3.17it/s][A
Train 11/30:  52%|█████▏    | 278/534 [01:28<01:20,  3.17it/s][A
Train 11/30:  53%|█████▎    | 282/534 [01:29<01:19,  3.17it/s][A
Train 11/30:  54%|█████▎    | 286/534 [01:30<01:18,  3.17it/s][A
Train 11/30:  54%|█████▍    | 290/534 [01:32<01:17,  3.17it/s][A
Train 11/30:  55%|█████▌    | 294/534 [01:33<01:15,  3.17it/s][A
Train 11/30:  56%|█████▌    | 298/534 [01:34<01:14,  3.17it/s][A
Train 11/30:  57%|█████▋    | 302/534 [01:35<01:13,  3.17it/s][A
Train 11/30:  57%|█████▋    | 306/534 [01:37<01:12,  3.17it/s][A
Train 11/30:  58%|█████▊    | 310/534 [01:38<01:10,  3.16it/s][A
Train 11/30:  59%|█████▉    | 314/534 [01:39<01:09,  3.16it/s][A
Train 11/30:  60%|█████▉    | 318/534 [01:41<01:08,  3.16it/s][A
Train 11/30:  60%|██████    | 322/534 [01:42<01:07,  3.16it/s][A
Train 11/30:  61%|██████    | 326/534 [01:43<01:05,  3.16it/s][A
Train 11/30:  62%|██████▏   | 330/534 [01:44<01:04,  3.17it/s][A
Train 11/30:  63%|██████▎   | 334/534 [01:46<01:03,  3.17it/s][A
Train 11/30:  63%|██████▎   | 338/534 [01:47<01:01,  3.17it/s][A
Train 11/30:  64%|██████▍   | 342/534 [01:48<01:00,  3.17it/s][A
Train 11/30:  65%|██████▍   | 346/534 [01:49<00:59,  3.17it/s][A
Train 11/30:  66%|██████▌   | 350/534 [01:51<00:58,  3.17it/s][A
Train 11/30:  66%|██████▋   | 354/534 [01:52<00:56,  3.17it/s][A
Train 11/30:  67%|██████▋   | 358/534 [01:53<00:55,  3.17it/s][A
Train 11/30:  68%|██████▊   | 362/534 [01:54<00:54,  3.17it/s][A
Train 11/30:  69%|██████▊   | 366/534 [01:56<00:53,  3.17it/s][A
Train 11/30:  69%|██████▉   | 370/534 [01:57<00:51,  3.17it/s][A
Train 11/30:  70%|███████   | 374/534 [01:58<00:50,  3.17it/s][A
Train 11/30:  71%|███████   | 378/534 [01:59<00:49,  3.17it/s][A
Train 11/30:  72%|███████▏  | 382/534 [02:01<00:47,  3.17it/s][A
Train 11/30:  72%|███████▏  | 386/534 [02:02<00:46,  3.17it/s][A
Train 11/30:  73%|███████▎  | 390/534 [02:03<00:45,  3.17it/s][A
Train 11/30:  74%|███████▍  | 394/534 [02:05<00:44,  3.17it/s][A
Train 11/30:  75%|███████▍  | 398/534 [02:06<00:42,  3.17it/s][A
Train 11/30:  75%|███████▌  | 402/534 [02:07<00:41,  3.17it/s][A
Train 11/30:  76%|███████▌  | 406/534 [02:08<00:40,  3.17it/s][A
Train 11/30:  77%|███████▋  | 410/534 [02:10<00:39,  3.17it/s][A
Train 11/30:  78%|███████▊  | 414/534 [02:11<00:37,  3.17it/s][A
Train 11/30:  78%|███████▊  | 418/534 [02:12<00:36,  3.17it/s][A
Train 11/30:  79%|███████▉  | 422/534 [02:13<00:35,  3.16it/s][A
Train 11/30:  80%|███████▉  | 426/534 [02:15<00:34,  3.16it/s][A
Train 11/30:  81%|████████  | 430/534 [02:16<00:32,  3.17it/s][A
Train 11/30:  81%|████████▏ | 434/534 [02:17<00:31,  3.17it/s][A
Train 11/30:  82%|████████▏ | 438/534 [02:18<00:30,  3.16it/s][A
Train 11/30:  83%|████████▎ | 442/534 [02:20<00:29,  3.16it/s][A
Train 11/30:  84%|████████▎ | 446/534 [02:21<00:27,  3.16it/s][A
Train 11/30:  84%|████████▍ | 450/534 [02:22<00:26,  3.16it/s][A
Train 11/30:  85%|████████▌ | 454/534 [02:23<00:25,  3.16it/s][A
Train 11/30:  86%|████████▌ | 458/534 [02:25<00:24,  3.16it/s][A
Train 11/30:  87%|████████▋ | 462/534 [02:26<00:22,  3.16it/s][A
Train 11/30:  87%|████████▋ | 466/534 [02:27<00:21,  3.16it/s][A
Train 11/30:  88%|████████▊ | 470/534 [02:29<00:20,  3.16it/s][A
Train 11/30:  89%|████████▉ | 474/534 [02:30<00:18,  3.16it/s][A
Train 11/30:  90%|████████▉ | 478/534 [02:31<00:17,  3.16it/s][A
Train 11/30:  90%|█████████ | 482/534 [02:32<00:16,  3.16it/s][A
Train 11/30:  91%|█████████ | 486/534 [02:34<00:15,  3.16it/s][A
Train 11/30:  92%|█████████▏| 490/534 [02:35<00:13,  3.17it/s][A
Train 11/30:  93%|█████████▎| 494/534 [02:36<00:12,  3.17it/s][A
Train 11/30:  93%|█████████▎| 498/534 [02:37<00:11,  3.17it/s][A
Train 11/30:  94%|█████████▍| 502/534 [02:39<00:10,  3.17it/s][A
Train 11/30:  95%|█████████▍| 506/534 [02:40<00:08,  3.17it/s][A
Train 11/30:  96%|█████████▌| 510/534 [02:41<00:07,  3.17it/s][A
Train 11/30:  96%|█████████▋| 514/534 [02:42<00:06,  3.17it/s][A
Train 11/30:  97%|█████████▋| 518/534 [02:44<00:05,  3.17it/s][A
Train 11/30:  98%|█████████▊| 522/534 [02:45<00:03,  3.17it/s][A
Train 11/30:  99%|█████████▊| 526/534 [02:46<00:02,  3.17it/s][A
Train 11/30:  99%|█████████▉| 530/534 [02:47<00:01,  3.17it/s][A
Train 11/30: 100%|██████████| 534/534 [02:49<00:00,  3.17it/s][A
                                                              [A
Val:   0%|          | 0/29 [00:00<?, ?it/s][A
Val:  31%|███       | 9/29 [00:01<00:02,  8.90it/s][A
Val:  79%|███████▉  | 23/29 [00:02<00:00, 11.75it/s][A
                                                    [AEpochs:  33%|███▎      | 10/30 [30:35<54:29, 163.48s/it, lat_cos=0.132, lr=3.00e-04, pstd=0.2518, train=0.038681, val=0.038003]Epoch 11 | train MSE: 0.038681 | val MSE: 0.038003 | latent_cos: 0.132 (<0.7=escaped) | pred_std: 0.2518 (>0.04=content) | train_clip_offset=7 | lr: 3.00e-04
                                                                                                                               Saved checkpoint to runs/gridworld-tok-v2/tokenizer.pt
Epochs:  33%|███▎      | 10/30 [30:36<54:29, 163.48s/it, lat_cos=0.132, lr=3.00e-04, pstd=0.2518, train=0.038681, val=0.038003]Epochs:  37%|███▋      | 11/30 [30:36<52:34, 166.02s/it, lat_cos=0.132, lr=3.00e-04, pstd=0.2518, train=0.038681, val=0.038003]
Train 12/30:   0%|          | 0/489 [00:00<?, ?it/s][A
Train 12/30:   1%|          | 3/489 [00:01<03:26,  2.35it/s][A
Train 12/30:   1%|▏         | 7/489 [00:02<02:50,  2.82it/s][A
Train 12/30:   2%|▏         | 11/489 [00:03<02:40,  2.98it/s][A
Train 12/30:   3%|▎         | 15/489 [00:05<02:35,  3.05it/s][A
Train 12/30:   4%|▍         | 19/489 [00:06<02:32,  3.09it/s][A
Train 12/30:   5%|▍         | 23/489 [00:07<02:29,  3.12it/s][A
Train 12/30:   6%|▌         | 27/489 [00:08<02:27,  3.13it/s][A
Train 12/30:   6%|▋         | 31/489 [00:10<02:25,  3.15it/s][A
Train 12/30:   7%|▋         | 35/489 [00:11<02:24,  3.15it/s][A
Train 12/30:   8%|▊         | 39/489 [00:12<02:22,  3.16it/s][A
Train 12/30:   9%|▉         | 43/489 [00:13<02:21,  3.16it/s][A
Train 12/30:  10%|▉         | 47/489 [00:15<02:19,  3.16it/s][A
Train 12/30:  10%|█         | 51/489 [00:16<02:18,  3.16it/s][A
Train 12/30:  11%|█         | 55/489 [00:17<02:17,  3.17it/s][A
Train 12/30:  12%|█▏        | 59/489 [00:18<02:15,  3.17it/s][A
Train 12/30:  13%|█▎        | 63/489 [00:20<02:14,  3.17it/s][A
Train 12/30:  14%|█▎        | 67/489 [00:21<02:13,  3.17it/s][A
Train 12/30:  15%|█▍        | 71/489 [00:22<02:11,  3.17it/s][A
Train 12/30:  15%|█▌        | 75/489 [00:24<02:10,  3.16it/s][A
Train 12/30:  16%|█▌        | 79/489 [00:25<02:09,  3.17it/s][A
Train 12/30:  17%|█▋        | 83/489 [00:26<02:08,  3.17it/s][A
Train 12/30:  18%|█▊        | 87/489 [00:27<02:06,  3.17it/s][A
Train 12/30:  19%|█▊        | 91/489 [00:29<02:05,  3.16it/s][A
Train 12/30:  19%|█▉        | 95/489 [00:30<02:04,  3.16it/s][A
Train 12/30:  20%|██        | 99/489 [00:31<02:03,  3.16it/s][A
Train 12/30:  21%|██        | 103/489 [00:32<02:02,  3.16it/s][A
Train 12/30:  22%|██▏       | 107/489 [00:34<02:00,  3.16it/s][A
Train 12/30:  23%|██▎       | 111/489 [00:35<01:59,  3.17it/s][A
Train 12/30:  24%|██▎       | 115/489 [00:36<01:58,  3.17it/s][A
Train 12/30:  24%|██▍       | 119/489 [00:37<01:56,  3.17it/s][A
Train 12/30:  25%|██▌       | 123/489 [00:39<01:55,  3.17it/s][A
Train 12/30:  26%|██▌       | 127/489 [00:40<01:54,  3.17it/s][A
Train 12/30:  27%|██▋       | 131/489 [00:41<01:52,  3.17it/s][A
Train 12/30:  28%|██▊       | 135/489 [00:42<01:51,  3.17it/s][A
Train 12/30:  28%|██▊       | 139/489 [00:44<01:50,  3.17it/s][A
Train 12/30:  29%|██▉       | 143/489 [00:45<01:49,  3.17it/s][A
Train 12/30:  30%|███       | 147/489 [00:46<01:47,  3.17it/s][A
Train 12/30:  31%|███       | 151/489 [00:48<01:46,  3.17it/s][A
Train 12/30:  32%|███▏      | 155/489 [00:49<01:45,  3.17it/s][A
Train 12/30:  33%|███▎      | 159/489 [00:50<01:44,  3.17it/s][A
Train 12/30:  33%|███▎      | 163/489 [00:51<01:42,  3.17it/s][A
Train 12/30:  34%|███▍      | 167/489 [00:53<01:41,  3.17it/s][A
Train 12/30:  35%|███▍      | 171/489 [00:54<01:40,  3.17it/s][A
Train 12/30:  36%|███▌      | 175/489 [00:55<01:39,  3.17it/s][A
Train 12/30:  37%|███▋      | 179/489 [00:56<01:37,  3.17it/s][A
Train 12/30:  37%|███▋      | 183/489 [00:58<01:36,  3.17it/s][A
Train 12/30:  38%|███▊      | 187/489 [00:59<01:35,  3.17it/s][A
Train 12/30:  39%|███▉      | 191/489 [01:00<01:34,  3.17it/s][A
Train 12/30:  40%|███▉      | 195/489 [01:01<01:32,  3.16it/s][A
Train 12/30:  41%|████      | 199/489 [01:03<01:31,  3.17it/s][A
Train 12/30:  42%|████▏     | 203/489 [01:04<01:30,  3.17it/s][A
Train 12/30:  42%|████▏     | 207/489 [01:05<01:29,  3.17it/s][A
Train 12/30:  43%|████▎     | 211/489 [01:06<01:27,  3.16it/s][A
Train 12/30:  44%|████▍     | 215/489 [01:08<01:26,  3.16it/s][A
Train 12/30:  45%|████▍     | 219/489 [01:09<01:25,  3.16it/s][A
Train 12/30:  46%|████▌     | 223/489 [01:10<01:24,  3.17it/s][A
Train 12/30:  46%|████▋     | 227/489 [01:12<01:22,  3.17it/s][A
Train 12/30:  47%|████▋     | 231/489 [01:13<01:21,  3.17it/s][A
Train 12/30:  48%|████▊     | 235/489 [01:14<01:20,  3.17it/s][A
Train 12/30:  49%|████▉     | 239/489 [01:15<01:18,  3.17it/s][A
Train 12/30:  50%|████▉     | 243/489 [01:17<01:17,  3.17it/s][A
Train 12/30:  51%|█████     | 247/489 [01:18<01:16,  3.17it/s][A
Train 12/30:  51%|█████▏    | 251/489 [01:19<01:15,  3.16it/s][A
Train 12/30:  52%|█████▏    | 255/489 [01:20<01:13,  3.16it/s][A
Train 12/30:  53%|█████▎    | 259/489 [01:22<01:12,  3.16it/s][A
Train 12/30:  54%|█████▍    | 263/489 [01:23<01:11,  3.16it/s][A
Train 12/30:  55%|█████▍    | 267/489 [01:24<01:10,  3.16it/s][A
Train 12/30:  55%|█████▌    | 271/489 [01:25<01:08,  3.17it/s][A
Train 12/30:  56%|█████▌    | 275/489 [01:27<01:07,  3.17it/s][A
Train 12/30:  57%|█████▋    | 279/489 [01:28<01:06,  3.16it/s][A
Train 12/30:  58%|█████▊    | 283/489 [01:29<01:05,  3.16it/s][A
Train 12/30:  59%|█████▊    | 287/489 [01:30<01:03,  3.16it/s][A
Train 12/30:  60%|█████▉    | 291/489 [01:32<01:02,  3.16it/s][A
Train 12/30:  60%|██████    | 295/489 [01:33<01:01,  3.16it/s][A
Train 12/30:  61%|██████    | 299/489 [01:34<01:00,  3.16it/s][A
Train 12/30:  62%|██████▏   | 303/489 [01:36<00:58,  3.16it/s][A
Train 12/30:  63%|██████▎   | 307/489 [01:37<00:57,  3.16it/s][A
Train 12/30:  64%|██████▎   | 311/489 [01:38<00:56,  3.17it/s][A
Train 12/30:  64%|██████▍   | 315/489 [01:39<00:54,  3.17it/s][A
Train 12/30:  65%|██████▌   | 319/489 [01:41<00:53,  3.17it/s][A
Train 12/30:  66%|██████▌   | 323/489 [01:42<00:52,  3.16it/s][A
Train 12/30:  67%|██████▋   | 327/489 [01:43<00:51,  3.16it/s][A
Train 12/30:  68%|██████▊   | 331/489 [01:44<00:49,  3.16it/s][A
Train 12/30:  69%|██████▊   | 335/489 [01:46<00:48,  3.16it/s][A
Train 12/30:  69%|██████▉   | 339/489 [01:47<00:47,  3.16it/s][A
Train 12/30:  70%|███████   | 343/489 [01:48<00:46,  3.16it/s][A
Train 12/30:  71%|███████   | 347/489 [01:49<00:44,  3.16it/s][A
Train 12/30:  72%|███████▏  | 351/489 [01:51<00:43,  3.16it/s][A
Train 12/30:  73%|███████▎  | 355/489 [01:52<00:42,  3.16it/s][A
Train 12/30:  73%|███████▎  | 359/489 [01:53<00:41,  3.16it/s][A
Train 12/30:  74%|███████▍  | 363/489 [01:55<00:39,  3.17it/s][A
Train 12/30:  75%|███████▌  | 367/489 [01:56<00:38,  3.16it/s][A
Train 12/30:  76%|███████▌  | 371/489 [01:57<00:37,  3.16it/s][A
Train 12/30:  77%|███████▋  | 375/489 [01:58<00:36,  3.16it/s][A
Train 12/30:  78%|███████▊  | 379/489 [02:00<00:34,  3.17it/s][A
Train 12/30:  78%|███████▊  | 383/489 [02:01<00:33,  3.17it/s][A
Train 12/30:  79%|███████▉  | 387/489 [02:02<00:32,  3.17it/s][A
Train 12/30:  80%|███████▉  | 391/489 [02:03<00:30,  3.17it/s][A
Train 12/30:  81%|████████  | 395/489 [02:05<00:29,  3.16it/s][A
Train 12/30:  82%|████████▏ | 399/489 [02:06<00:28,  3.17it/s][A
Train 12/30:  82%|████████▏ | 403/489 [02:07<00:27,  3.17it/s][A
Train 12/30:  83%|████████▎ | 407/489 [02:08<00:25,  3.17it/s][A
Train 12/30:  84%|████████▍ | 411/489 [02:10<00:24,  3.17it/s][A
Train 12/30:  85%|████████▍ | 415/489 [02:11<00:23,  3.17it/s][A
Train 12/30:  86%|████████▌ | 419/489 [02:12<00:22,  3.17it/s][A
Train 12/30:  87%|████████▋ | 423/489 [02:13<00:20,  3.17it/s][A
Train 12/30:  87%|████████▋ | 427/489 [02:15<00:19,  3.17it/s][A
Train 12/30:  88%|████████▊ | 431/489 [02:16<00:18,  3.17it/s][A
Train 12/30:  89%|████████▉ | 435/489 [02:17<00:17,  3.17it/s][A
Train 12/30:  90%|████████▉ | 439/489 [02:19<00:15,  3.17it/s][A
Train 12/30:  91%|█████████ | 443/489 [02:20<00:14,  3.17it/s][A
Train 12/30:  91%|█████████▏| 447/489 [02:21<00:13,  3.17it/s][A
Train 12/30:  92%|█████████▏| 451/489 [02:22<00:11,  3.17it/s][A
Train 12/30:  93%|█████████▎| 455/489 [02:24<00:10,  3.17it/s][A
Train 12/30:  94%|█████████▍| 459/489 [02:25<00:09,  3.17it/s][A
Train 12/30:  95%|█████████▍| 463/489 [02:26<00:08,  3.17it/s][A
Train 12/30:  96%|█████████▌| 467/489 [02:27<00:06,  3.17it/s][A
Train 12/30:  96%|█████████▋| 471/489 [02:29<00:05,  3.17it/s][A
Train 12/30:  97%|█████████▋| 475/489 [02:30<00:04,  3.17it/s][A
Train 12/30:  98%|█████████▊| 479/489 [02:31<00:03,  3.17it/s][A
Train 12/30:  99%|█████████▉| 483/489 [02:32<00:01,  3.17it/s][A
Train 12/30: 100%|█████████▉| 487/489 [02:34<00:00,  3.17it/s][A
                                                              [A
Val:   0%|          | 0/29 [00:00<?, ?it/s][A
Val:  28%|██▊       | 8/29 [00:01<00:02,  7.99it/s][A
Val:  76%|███████▌  | 22/29 [00:02<00:00, 11.39it/s][A
                                                    [AEpochs:  37%|███▋      | 11/30 [33:13<52:34, 166.02s/it, lat_cos=0.200, lr=3.00e-04, pstd=0.3038, train=0.025528, val=0.022930]Epoch 12 | train MSE: 0.025528 | val MSE: 0.022930 | latent_cos: 0.200 (<0.7=escaped) | pred_std: 0.3038 (>0.04=content) | train_clip_offset=11 | lr: 3.00e-04
                                                                                                                               Saved checkpoint to runs/gridworld-tok-v2/tokenizer.pt
Epochs:  37%|███▋      | 11/30 [33:13<52:34, 166.02s/it, lat_cos=0.200, lr=3.00e-04, pstd=0.3038, train=0.025528, val=0.022930]Epochs:  40%|████      | 12/30 [33:13<49:00, 163.38s/it, lat_cos=0.200, lr=3.00e-04, pstd=0.3038, train=0.025528, val=0.022930]
Train 13/30:   0%|          | 0/489 [00:00<?, ?it/s][A
Train 13/30:   0%|          | 2/489 [00:01<04:03,  2.00it/s][A
Train 13/30:   1%|          | 6/489 [00:02<02:56,  2.74it/s][A
Train 13/30:   2%|▏         | 10/489 [00:03<02:42,  2.94it/s][A
Train 13/30:   3%|▎         | 14/489 [00:04<02:36,  3.03it/s][A
Train 13/30:   4%|▎         | 18/489 [00:06<02:32,  3.08it/s][A
Train 13/30:   4%|▍         | 22/489 [00:07<02:30,  3.11it/s][A
Train 13/30:   5%|▌         | 26/489 [00:08<02:28,  3.13it/s][A
Train 13/30:   6%|▌         | 30/489 [00:09<02:26,  3.14it/s][A
Train 13/30:   7%|▋         | 34/489 [00:11<02:24,  3.15it/s][A
Train 13/30:   8%|▊         | 38/489 [00:12<02:23,  3.15it/s][A
Train 13/30:   9%|▊         | 42/489 [00:13<02:21,  3.15it/s][A
Train 13/30:   9%|▉         | 46/489 [00:14<02:20,  3.16it/s][A
Train 13/30:  10%|█         | 50/489 [00:16<02:18,  3.16it/s][A
Train 13/30:  11%|█         | 54/489 [00:17<02:17,  3.16it/s][A
Train 13/30:  12%|█▏        | 58/489 [00:18<02:16,  3.16it/s][A
Train 13/30:  13%|█▎        | 62/489 [00:19<02:15,  3.16it/s][A
Train 13/30:  13%|█▎        | 66/489 [00:21<02:13,  3.16it/s][A
Train 13/30:  14%|█▍        | 70/489 [00:22<02:12,  3.16it/s][A
Train 13/30:  15%|█▌        | 74/489 [00:23<02:11,  3.16it/s][A
Train 13/30:  16%|█▌        | 78/489 [00:25<02:10,  3.16it/s][A
Train 13/30:  17%|█▋        | 82/489 [00:26<02:08,  3.16it/s][A
Train 13/30:  18%|█▊        | 86/489 [00:27<02:07,  3.16it/s][A
Train 13/30:  18%|█▊        | 90/489 [00:28<02:06,  3.17it/s][A
Train 13/30:  19%|█▉        | 94/489 [00:30<02:04,  3.16it/s][A
Train 13/30:  20%|██        | 98/489 [00:31<02:03,  3.16it/s][A
Train 13/30:  21%|██        | 102/489 [00:32<02:02,  3.16it/s][A
Train 13/30:  22%|██▏       | 106/489 [00:33<02:01,  3.16it/s][A
Train 13/30:  22%|██▏       | 110/489 [00:35<01:59,  3.16it/s][A
Train 13/30:  23%|██▎       | 114/489 [00:36<01:58,  3.16it/s][A
Train 13/30:  24%|██▍       | 118/489 [00:37<01:57,  3.16it/s][A
Train 13/30:  25%|██▍       | 122/489 [00:38<01:56,  3.16it/s][A
Train 13/30:  26%|██▌       | 126/489 [00:40<01:54,  3.16it/s][A
Train 13/30:  27%|██▋       | 130/489 [00:41<01:53,  3.16it/s][A
Train 13/30:  27%|██▋       | 134/489 [00:42<01:52,  3.17it/s][A
Train 13/30:  28%|██▊       | 138/489 [00:44<01:50,  3.17it/s][A
Train 13/30:  29%|██▉       | 142/489 [00:45<01:49,  3.17it/s][A
Train 13/30:  30%|██▉       | 146/489 [00:46<01:48,  3.17it/s][A
Train 13/30:  31%|███       | 150/489 [00:47<01:47,  3.17it/s][A
Train 13/30:  31%|███▏      | 154/489 [00:49<01:45,  3.17it/s][A
Train 13/30:  32%|███▏      | 158/489 [00:50<01:44,  3.16it/s][A
Train 13/30:  33%|███▎      | 162/489 [00:51<01:43,  3.16it/s][A
Train 13/30:  34%|███▍      | 166/489 [00:52<01:42,  3.16it/s][A
Train 13/30:  35%|███▍      | 170/489 [00:54<01:40,  3.16it/s][A
Train 13/30:  36%|███▌      | 174/489 [00:55<01:39,  3.16it/s][A
Train 13/30:  36%|███▋      | 178/489 [00:56<01:38,  3.16it/s][A
Train 13/30:  37%|███▋      | 182/489 [00:57<01:37,  3.16it/s][A
Train 13/30:  38%|███▊      | 186/489 [00:59<01:35,  3.16it/s][A
Train 13/30:  39%|███▉      | 190/489 [01:00<01:34,  3.16it/s][A
Train 13/30:  40%|███▉      | 194/489 [01:01<01:33,  3.16it/s][A
Train 13/30:  40%|████      | 198/489 [01:02<01:32,  3.16it/s][A
Train 13/30:  41%|████▏     | 202/489 [01:04<01:30,  3.16it/s][A
Train 13/30:  42%|████▏     | 206/489 [01:05<01:29,  3.16it/s][A
Train 13/30:  43%|████▎     | 210/489 [01:06<01:28,  3.16it/s][A
Train 13/30:  44%|████▍     | 214/489 [01:08<01:27,  3.16it/s][A
Train 13/30:  45%|████▍     | 218/489 [01:09<01:25,  3.16it/s][A
Train 13/30:  45%|████▌     | 222/489 [01:10<01:24,  3.16it/s][A
Train 13/30:  46%|████▌     | 226/489 [01:11<01:23,  3.16it/s][A
Train 13/30:  47%|████▋     | 230/489 [01:13<01:21,  3.16it/s][A
Train 13/30:  48%|████▊     | 234/489 [01:14<01:20,  3.16it/s][A
Train 13/30:  49%|████▊     | 238/489 [01:15<01:19,  3.17it/s][A
Train 13/30:  49%|████▉     | 242/489 [01:16<01:18,  3.17it/s][A
Train 13/30:  50%|█████     | 246/489 [01:18<01:16,  3.17it/s][A
Train 13/30:  51%|█████     | 250/489 [01:19<01:15,  3.16it/s][A
Train 13/30:  52%|█████▏    | 254/489 [01:20<01:14,  3.16it/s][A
Train 13/30:  53%|█████▎    | 258/489 [01:21<01:13,  3.16it/s][A
Train 13/30:  54%|█████▎    | 262/489 [01:23<01:11,  3.16it/s][A
Train 13/30:  54%|█████▍    | 266/489 [01:24<01:10,  3.16it/s][A
Train 13/30:  55%|█████▌    | 270/489 [01:25<01:09,  3.16it/s][A
Train 13/30:  56%|█████▌    | 274/489 [01:27<01:08,  3.16it/s][A
Train 13/30:  57%|█████▋    | 278/489 [01:28<01:06,  3.16it/s][A
Train 13/30:  58%|█████▊    | 282/489 [01:29<01:05,  3.16it/s][A
Train 13/30:  58%|█████▊    | 286/489 [01:30<01:04,  3.16it/s][A
Train 13/30:  59%|█████▉    | 290/489 [01:32<01:02,  3.16it/s][A
Train 13/30:  60%|██████    | 294/489 [01:33<01:01,  3.16it/s][A
Train 13/30:  61%|██████    | 298/489 [01:34<01:00,  3.16it/s][A
Train 13/30:  62%|██████▏   | 302/489 [01:35<00:59,  3.17it/s][A
Train 13/30:  63%|██████▎   | 306/489 [01:37<00:57,  3.17it/s][A
Train 13/30:  63%|██████▎   | 310/489 [01:38<00:56,  3.16it/s][A
Train 13/30:  64%|██████▍   | 314/489 [01:39<00:55,  3.16it/s][A
Train 13/30:  65%|██████▌   | 318/489 [01:40<00:54,  3.16it/s][A
Train 13/30:  66%|██████▌   | 322/489 [01:42<00:52,  3.16it/s][A
Train 13/30:  67%|██████▋   | 326/489 [01:43<00:51,  3.16it/s][A
Train 13/30:  67%|██████▋   | 330/489 [01:44<00:50,  3.17it/s][A
Train 13/30:  68%|██████▊   | 334/489 [01:45<00:48,  3.17it/s][A
Train 13/30:  69%|██████▉   | 338/489 [01:47<00:47,  3.17it/s][A
Train 13/30:  70%|██████▉   | 342/489 [01:48<00:46,  3.17it/s][A
Train 13/30:  71%|███████   | 346/489 [01:49<00:45,  3.17it/s][A
Train 13/30:  72%|███████▏  | 350/489 [01:51<00:43,  3.17it/s][A
Train 13/30:  72%|███████▏  | 354/489 [01:52<00:42,  3.16it/s][A
Train 13/30:  73%|███████▎  | 358/489 [01:53<00:41,  3.16it/s][A
Train 13/30:  74%|███████▍  | 362/489 [01:54<00:40,  3.16it/s][A
Train 13/30:  75%|███████▍  | 366/489 [01:56<00:38,  3.16it/s][A
Train 13/30:  76%|███████▌  | 370/489 [01:57<00:37,  3.17it/s][A
Train 13/30:  76%|███████▋  | 374/489 [01:58<00:36,  3.16it/s][A
Train 13/30:  77%|███████▋  | 378/489 [01:59<00:35,  3.16it/s][A
Train 13/30:  78%|███████▊  | 382/489 [02:01<00:33,  3.16it/s][A
Train 13/30:  79%|███████▉  | 386/489 [02:02<00:32,  3.16it/s][A
Train 13/30:  80%|███████▉  | 390/489 [02:03<00:31,  3.16it/s][A
Train 13/30:  81%|████████  | 394/489 [02:04<00:30,  3.16it/s][A
Train 13/30:  81%|████████▏ | 398/489 [02:06<00:28,  3.16it/s][A
Train 13/30:  82%|████████▏ | 402/489 [02:07<00:27,  3.16it/s][A
Train 13/30:  83%|████████▎ | 406/489 [02:08<00:26,  3.16it/s][A
Train 13/30:  84%|████████▍ | 410/489 [02:10<00:24,  3.16it/s][A
Train 13/30:  85%|████████▍ | 414/489 [02:11<00:23,  3.16it/s][A
Train 13/30:  85%|████████▌ | 418/489 [02:12<00:22,  3.16it/s][A
Train 13/30:  86%|████████▋ | 422/489 [02:13<00:21,  3.17it/s][A
Train 13/30:  87%|████████▋ | 426/489 [02:15<00:19,  3.17it/s][A
Train 13/30:  88%|████████▊ | 430/489 [02:16<00:18,  3.17it/s][A
Train 13/30:  89%|████████▉ | 434/489 [02:17<00:17,  3.17it/s][A
Train 13/30:  90%|████████▉ | 438/489 [02:18<00:16,  3.17it/s][A
Train 13/30:  90%|█████████ | 442/489 [02:20<00:14,  3.17it/s][A
Train 13/30:  91%|█████████ | 446/489 [02:21<00:13,  3.17it/s][A
Train 13/30:  92%|█████████▏| 450/489 [02:22<00:12,  3.16it/s][A
Train 13/30:  93%|█████████▎| 454/489 [02:23<00:11,  3.16it/s][A
Train 13/30:  94%|█████████▎| 458/489 [02:25<00:09,  3.16it/s][A
Train 13/30:  94%|█████████▍| 462/489 [02:26<00:08,  3.17it/s][A
Train 13/30:  95%|█████████▌| 466/489 [02:27<00:07,  3.17it/s][A
Train 13/30:  96%|█████████▌| 470/489 [02:28<00:05,  3.17it/s][A
Train 13/30:  97%|█████████▋| 474/489 [02:30<00:04,  3.17it/s][A
Train 13/30:  98%|█████████▊| 478/489 [02:31<00:03,  3.17it/s][A
Train 13/30:  99%|█████████▊| 482/489 [02:32<00:02,  3.17it/s][A
Train 13/30:  99%|█████████▉| 486/489 [02:33<00:00,  3.17it/s][A
                                                              [A
Val:   0%|          | 0/29 [00:00<?, ?it/s][A
Val:  31%|███       | 9/29 [00:01<00:02,  8.51it/s][A
Val:  79%|███████▉  | 23/29 [00:02<00:00, 11.54it/s][A
                                                    [AEpochs:  40%|████      | 12/30 [35:50<49:00, 163.38s/it, lat_cos=0.178, lr=3.00e-04, pstd=0.3626, train=0.013843, val=0.003989]Epoch 13 | train MSE: 0.013843 | val MSE: 0.003989 | latent_cos: 0.178 (<0.7=escaped) | pred_std: 0.3626 (>0.04=content) | train_clip_offset=11 | lr: 3.00e-04
                                                                                                                               Saved checkpoint to runs/gridworld-tok-v2/tokenizer.pt
Epochs:  40%|████      | 12/30 [35:50<49:00, 163.38s/it, lat_cos=0.178, lr=3.00e-04, pstd=0.3626, train=0.013843, val=0.003989]Epochs:  43%|████▎     | 13/30 [35:50<45:47, 161.60s/it, lat_cos=0.178, lr=3.00e-04, pstd=0.3626, train=0.013843, val=0.003989]
Train 14/30:   0%|          | 0/489 [00:00<?, ?it/s][A
Train 14/30:   1%|          | 3/489 [00:01<02:59,  2.71it/s][A
Train 14/30:   1%|▏         | 7/489 [00:02<02:41,  2.99it/s][A
Train 14/30:   2%|▏         | 11/489 [00:03<02:35,  3.07it/s][A
Train 14/30:   3%|▎         | 15/489 [00:04<02:32,  3.11it/s][A
Train 14/30:   4%|▍         | 19/489 [00:06<02:30,  3.13it/s][A
Train 14/30:   5%|▍         | 23/489 [00:07<02:28,  3.14it/s][A
Train 14/30:   6%|▌         | 27/489 [00:08<02:26,  3.15it/s][A
Train 14/30:   6%|▋         | 31/489 [00:09<02:25,  3.16it/s][A
Train 14/30:   7%|▋         | 35/489 [00:11<02:23,  3.16it/s][A
Train 14/30:   8%|▊         | 39/489 [00:12<02:22,  3.16it/s][A
Train 14/30:   9%|▉         | 43/489 [00:13<02:21,  3.16it/s][A
Train 14/30:  10%|▉         | 47/489 [00:15<02:19,  3.16it/s][A
Train 14/30:  10%|█         | 51/489 [00:16<02:18,  3.16it/s][A
Train 14/30:  11%|█         | 55/489 [00:17<02:17,  3.17it/s][A
Train 14/30:  12%|█▏        | 59/489 [00:18<02:15,  3.16it/s][A
Train 14/30:  13%|█▎        | 63/489 [00:20<02:14,  3.16it/s][A
Train 14/30:  14%|█▎        | 67/489 [00:21<02:13,  3.16it/s][A
Train 14/30:  15%|█▍        | 71/489 [00:22<02:12,  3.16it/s][A
Train 14/30:  15%|█▌        | 75/489 [00:23<02:10,  3.16it/s][A
Train 14/30:  16%|█▌        | 79/489 [00:25<02:09,  3.17it/s][A
Train 14/30:  17%|█▋        | 83/489 [00:26<02:08,  3.17it/s][A
Train 14/30:  18%|█▊        | 87/489 [00:27<02:06,  3.17it/s][A
Train 14/30:  19%|█▊        | 91/489 [00:28<02:05,  3.16it/s][A
Train 14/30:  19%|█▉        | 95/489 [00:30<02:04,  3.16it/s][A
Train 14/30:  20%|██        | 99/489 [00:31<02:03,  3.16it/s][A
Train 14/30:  21%|██        | 103/489 [00:32<02:02,  3.16it/s][A
Train 14/30:  22%|██▏       | 107/489 [00:33<02:00,  3.16it/s][A
Train 14/30:  23%|██▎       | 111/489 [00:35<01:59,  3.16it/s][A
Train 14/30:  24%|██▎       | 115/489 [00:36<01:58,  3.16it/s][A
Train 14/30:  24%|██▍       | 119/489 [00:37<01:57,  3.16it/s][A
Train 14/30:  25%|██▌       | 123/489 [00:39<01:55,  3.16it/s][A
Train 14/30:  26%|██▌       | 127/489 [00:40<01:54,  3.16it/s][A
Train 14/30:  27%|██▋       | 131/489 [00:41<01:53,  3.16it/s][A
Train 14/30:  28%|██▊       | 135/489 [00:42<01:51,  3.16it/s][A
Train 14/30:  28%|██▊       | 139/489 [00:44<01:50,  3.16it/s][A
Train 14/30:  29%|██▉       | 143/489 [00:45<01:49,  3.16it/s][A
Train 14/30:  30%|███       | 147/489 [00:46<01:48,  3.17it/s][A
Train 14/30:  31%|███       | 151/489 [00:47<01:46,  3.17it/s][A
Train 14/30:  32%|███▏      | 155/489 [00:49<01:45,  3.17it/s][A
Train 14/30:  33%|███▎      | 159/489 [00:50<01:44,  3.17it/s][A
Train 14/30:  33%|███▎      | 163/489 [00:51<01:42,  3.17it/s][A
Train 14/30:  34%|███▍      | 167/489 [00:52<01:41,  3.17it/s][A
Train 14/30:  35%|███▍      | 171/489 [00:54<01:40,  3.17it/s][A
Train 14/30:  36%|███▌      | 175/489 [00:55<01:39,  3.16it/s][A
Train 14/30:  37%|███▋      | 179/489 [00:56<01:37,  3.17it/s][A
Train 14/30:  37%|███▋      | 183/489 [00:58<01:36,  3.17it/s][A
Train 14/30:  38%|███▊      | 187/489 [00:59<01:35,  3.16it/s][A
Train 14/30:  39%|███▉      | 191/489 [01:00<01:34,  3.16it/s][A
Train 14/30:  40%|███▉      | 195/489 [01:01<01:32,  3.16it/s][A
Train 14/30:  41%|████      | 199/489 [01:03<01:31,  3.16it/s][A
Train 14/30:  42%|████▏     | 203/489 [01:04<01:30,  3.16it/s][A
Train 14/30:  42%|████▏     | 207/489 [01:05<01:29,  3.17it/s][A
Train 14/30:  43%|████▎     | 211/489 [01:06<01:27,  3.17it/s][A
Train 14/30:  44%|████▍     | 215/489 [01:08<01:26,  3.16it/s][A
Train 14/30:  45%|████▍     | 219/489 [01:09<01:25,  3.16it/s][A
Train 14/30:  46%|████▌     | 223/489 [01:10<01:24,  3.16it/s][A
Train 14/30:  46%|████▋     | 227/489 [01:11<01:22,  3.16it/s][A
Train 14/30:  47%|████▋     | 231/489 [01:13<01:21,  3.16it/s][A
Train 14/30:  48%|████▊     | 235/489 [01:14<01:20,  3.16it/s][A
Train 14/30:  49%|████▉     | 239/489 [01:15<01:18,  3.17it/s][A
Train 14/30:  50%|████▉     | 243/489 [01:16<01:17,  3.16it/s][A
Train 14/30:  51%|█████     | 247/489 [01:18<01:16,  3.16it/s][A
Train 14/30:  51%|█████▏    | 251/489 [01:19<01:15,  3.16it/s][A
Train 14/30:  52%|█████▏    | 255/489 [01:20<01:14,  3.16it/s][A
Train 14/30:  53%|█████▎    | 259/489 [01:22<01:12,  3.16it/s][A
Train 14/30:  54%|█████▍    | 263/489 [01:23<01:11,  3.16it/s][A
Train 14/30:  55%|█████▍    | 267/489 [01:24<01:10,  3.16it/s][A
Train 14/30:  55%|█████▌    | 271/489 [01:25<01:08,  3.16it/s][A
Train 14/30:  56%|█████▌    | 275/489 [01:27<01:07,  3.16it/s][A
Train 14/30:  57%|█████▋    | 279/489 [01:28<01:06,  3.17it/s][A
Train 14/30:  58%|█████▊    | 283/489 [01:29<01:05,  3.16it/s][A
Train 14/30:  59%|█████▊    | 287/489 [01:30<01:03,  3.16it/s][A
Train 14/30:  60%|█████▉    | 291/489 [01:32<01:02,  3.16it/s][A
Train 14/30:  60%|██████    | 295/489 [01:33<01:01,  3.16it/s][A
Train 14/30:  61%|██████    | 299/489 [01:34<01:00,  3.16it/s][A
Train 14/30:  62%|██████▏   | 303/489 [01:35<00:58,  3.16it/s][A
Train 14/30:  63%|██████▎   | 307/489 [01:37<00:57,  3.16it/s][A
Train 14/30:  64%|██████▎   | 311/489 [01:38<00:56,  3.16it/s][A
Train 14/30:  64%|██████▍   | 315/489 [01:39<00:55,  3.16it/s][A
Train 14/30:  65%|██████▌   | 319/489 [01:41<00:53,  3.16it/s][A
Train 14/30:  66%|██████▌   | 323/489 [01:42<00:52,  3.16it/s][A
Train 14/30:  67%|██████▋   | 327/489 [01:43<00:51,  3.16it/s][A
Train 14/30:  68%|██████▊   | 331/489 [01:44<00:49,  3.16it/s][A
Train 14/30:  69%|██████▊   | 335/489 [01:46<00:48,  3.16it/s][A
Train 14/30:  69%|██████▉   | 339/489 [01:47<00:47,  3.16it/s][A
Train 14/30:  70%|███████   | 343/489 [01:48<00:46,  3.16it/s][A
Train 14/30:  71%|███████   | 347/489 [01:49<00:44,  3.17it/s][A
Train 14/30:  72%|███████▏  | 351/489 [01:51<00:43,  3.17it/s][A
Train 14/30:  73%|███████▎  | 355/489 [01:52<00:42,  3.17it/s][A
Train 14/30:  73%|███████▎  | 359/489 [01:53<00:41,  3.16it/s][A
Train 14/30:  74%|███████▍  | 363/489 [01:54<00:39,  3.16it/s][A
Train 14/30:  75%|███████▌  | 367/489 [01:56<00:38,  3.16it/s][A
Train 14/30:  76%|███████▌  | 371/489 [01:57<00:37,  3.16it/s][A
Train 14/30:  77%|███████▋  | 375/489 [01:58<00:36,  3.16it/s][A
Train 14/30:  78%|███████▊  | 379/489 [01:59<00:34,  3.16it/s][A
Train 14/30:  78%|███████▊  | 383/489 [02:01<00:33,  3.17it/s][A
Train 14/30:  79%|███████▉  | 387/489 [02:02<00:32,  3.16it/s][A
Train 14/30:  80%|███████▉  | 391/489 [02:03<00:30,  3.17it/s][A
Train 14/30:  81%|████████  | 395/489 [02:05<00:29,  3.17it/s][A
Train 14/30:  82%|████████▏ | 399/489 [02:06<00:28,  3.16it/s][A
Train 14/30:  82%|████████▏ | 403/489 [02:07<00:27,  3.16it/s][A
Train 14/30:  83%|████████▎ | 407/489 [02:08<00:25,  3.16it/s][A
Train 14/30:  84%|████████▍ | 411/489 [02:10<00:24,  3.16it/s][A
Train 14/30:  85%|████████▍ | 415/489 [02:11<00:23,  3.16it/s][A
Train 14/30:  86%|████████▌ | 419/489 [02:12<00:22,  3.16it/s][A
Train 14/30:  87%|████████▋ | 423/489 [02:13<00:20,  3.16it/s][A
Train 14/30:  87%|████████▋ | 427/489 [02:15<00:19,  3.16it/s][A
Train 14/30:  88%|████████▊ | 431/489 [02:16<00:18,  3.16it/s][A
Train 14/30:  89%|████████▉ | 435/489 [02:17<00:17,  3.16it/s][A
Train 14/30:  90%|████████▉ | 439/489 [02:18<00:15,  3.16it/s][A
Train 14/30:  91%|█████████ | 443/489 [02:20<00:14,  3.16it/s][A
Train 14/30:  91%|█████████▏| 447/489 [02:21<00:13,  3.16it/s][A
Train 14/30:  92%|█████████▏| 451/489 [02:22<00:12,  3.16it/s][A
Train 14/30:  93%|█████████▎| 455/489 [02:24<00:10,  3.17it/s][A
Train 14/30:  94%|█████████▍| 459/489 [02:25<00:09,  3.16it/s][A
Train 14/30:  95%|█████████▍| 463/489 [02:26<00:08,  3.16it/s][A
Train 14/30:  96%|█████████▌| 467/489 [02:27<00:06,  3.17it/s][A
Train 14/30:  96%|█████████▋| 471/489 [02:29<00:05,  3.16it/s][A
Train 14/30:  97%|█████████▋| 475/489 [02:30<00:04,  3.17it/s][A
Train 14/30:  98%|█████████▊| 479/489 [02:31<00:03,  3.17it/s][A
Train 14/30:  99%|█████████▉| 483/489 [02:32<00:01,  3.17it/s][A
Train 14/30: 100%|█████████▉| 487/489 [02:34<00:00,  3.17it/s][A
                                                              [A
Val:   0%|          | 0/29 [00:00<?, ?it/s][A
Val:  28%|██▊       | 8/29 [00:01<00:02,  7.68it/s][A
Val:  76%|███████▌  | 22/29 [00:02<00:00, 11.20it/s][A
                                                    [AEpochs:  43%|████▎     | 13/30 [38:28<45:47, 161.60s/it, lat_cos=0.177, lr=3.00e-04, pstd=0.3631, train=0.004279, val=0.003890]Epoch 14 | train MSE: 0.004279 | val MSE: 0.003890 | latent_cos: 0.177 (<0.7=escaped) | pred_std: 0.3631 (>0.04=content) | train_clip_offset=16 | lr: 3.00e-04
                                                                                                                               Saved checkpoint to runs/gridworld-tok-v2/tokenizer.pt
Epochs:  43%|████▎     | 13/30 [38:28<45:47, 161.60s/it, lat_cos=0.177, lr=3.00e-04, pstd=0.3631, train=0.004279, val=0.003890]Epochs:  47%|████▋     | 14/30 [38:28<42:45, 160.32s/it, lat_cos=0.177, lr=3.00e-04, pstd=0.3631, train=0.004279, val=0.003890]
Train 15/30:   0%|          | 0/534 [00:00<?, ?it/s][A
Train 15/30:   0%|          | 2/534 [00:01<04:41,  1.89it/s][A
Train 15/30:   1%|          | 6/534 [00:02<03:16,  2.69it/s][A
Train 15/30:   2%|▏         | 10/534 [00:03<03:00,  2.91it/s][A
Train 15/30:   3%|▎         | 14/534 [00:04<02:53,  3.00it/s][A
Train 15/30:   3%|▎         | 18/534 [00:06<02:48,  3.06it/s][A
Train 15/30:   4%|▍         | 22/534 [00:07<02:45,  3.09it/s][A
Train 15/30:   5%|▍         | 26/534 [00:08<02:43,  3.12it/s][A
Train 15/30:   6%|▌         | 30/534 [00:09<02:41,  3.13it/s][A
Train 15/30:   6%|▋         | 34/534 [00:11<02:39,  3.14it/s][A
Train 15/30:   7%|▋         | 38/534 [00:12<02:37,  3.15it/s][A
Train 15/30:   8%|▊         | 42/534 [00:13<02:36,  3.15it/s][A
Train 15/30:   9%|▊         | 46/534 [00:14<02:34,  3.15it/s][A
Train 15/30:   9%|▉         | 50/534 [00:16<02:33,  3.16it/s][A
Train 15/30:  10%|█         | 54/534 [00:17<02:32,  3.16it/s][A
Train 15/30:  11%|█         | 58/534 [00:18<02:30,  3.16it/s][A
Train 15/30:  12%|█▏        | 62/534 [00:20<02:29,  3.16it/s][A
Train 15/30:  12%|█▏        | 66/534 [00:21<02:28,  3.16it/s][A
Train 15/30:  13%|█▎        | 70/534 [00:22<02:27,  3.16it/s][A
Train 15/30:  14%|█▍        | 74/534 [00:23<02:25,  3.16it/s][A
Train 15/30:  15%|█▍        | 78/534 [00:25<02:24,  3.16it/s][A
Train 15/30:  15%|█▌        | 82/534 [00:26<02:22,  3.16it/s][A
Train 15/30:  16%|█▌        | 86/534 [00:27<02:21,  3.16it/s][A
Train 15/30:  17%|█▋        | 90/534 [00:28<02:20,  3.16it/s][A
Train 15/30:  18%|█▊        | 94/534 [00:30<02:19,  3.16it/s][A
Train 15/30:  18%|█▊        | 98/534 [00:31<02:17,  3.16it/s][A
Train 15/30:  19%|█▉        | 102/534 [00:32<02:16,  3.16it/s][A
Train 15/30:  20%|█▉        | 106/534 [00:33<02:15,  3.16it/s][A
Train 15/30:  21%|██        | 110/534 [00:35<02:14,  3.16it/s][A
Train 15/30:  21%|██▏       | 114/534 [00:36<02:12,  3.16it/s][A
Train 15/30:  22%|██▏       | 118/534 [00:37<02:11,  3.16it/s][A
Train 15/30:  23%|██▎       | 122/534 [00:39<02:10,  3.16it/s][A
Train 15/30:  24%|██▎       | 126/534 [00:40<02:09,  3.16it/s][A
Train 15/30:  24%|██▍       | 130/534 [00:41<02:07,  3.16it/s][A
Train 15/30:  25%|██▌       | 134/534 [00:42<02:06,  3.16it/s][A
Train 15/30:  26%|██▌       | 138/534 [00:44<02:08,  3.07it/s][A
Train 15/30:  27%|██▋       | 142/534 [00:45<02:06,  3.10it/s][A
Train 15/30:  27%|██▋       | 146/534 [00:46<02:04,  3.12it/s][A
Train 15/30:  28%|██▊       | 150/534 [00:48<02:02,  3.14it/s][A
Train 15/30:  29%|██▉       | 154/534 [00:49<02:00,  3.15it/s][A
Train 15/30:  30%|██▉       | 158/534 [00:50<01:59,  3.15it/s][A
Train 15/30:  30%|███       | 162/534 [00:51<01:57,  3.15it/s][A
Train 15/30:  31%|███       | 166/534 [00:53<01:56,  3.15it/s][A
Train 15/30:  32%|███▏      | 170/534 [00:54<01:55,  3.16it/s][A
Train 15/30:  33%|███▎      | 174/534 [00:55<01:53,  3.16it/s][A
Train 15/30:  33%|███▎      | 178/534 [00:56<01:52,  3.16it/s][A
Train 15/30:  34%|███▍      | 182/534 [00:58<01:51,  3.16it/s][A
Train 15/30:  35%|███▍      | 186/534 [00:59<01:50,  3.16it/s][A
Train 15/30:  36%|███▌      | 190/534 [01:00<01:48,  3.16it/s][A
Train 15/30:  36%|███▋      | 194/534 [01:01<01:47,  3.16it/s][A
Train 15/30:  37%|███▋      | 198/534 [01:03<01:46,  3.16it/s][A
Train 15/30:  38%|███▊      | 202/534 [01:04<01:45,  3.16it/s][A
Train 15/30:  39%|███▊      | 206/534 [01:05<01:43,  3.16it/s][A
Train 15/30:  39%|███▉      | 210/534 [01:06<01:42,  3.16it/s][A
Train 15/30:  40%|████      | 214/534 [01:08<01:41,  3.16it/s][A
Train 15/30:  41%|████      | 218/534 [01:09<01:40,  3.16it/s][A
Train 15/30:  42%|████▏     | 222/534 [01:10<01:38,  3.16it/s][A
Train 15/30:  42%|████▏     | 226/534 [01:12<01:37,  3.16it/s][A
Train 15/30:  43%|████▎     | 230/534 [01:13<01:36,  3.16it/s][A
Train 15/30:  44%|████▍     | 234/534 [01:14<01:34,  3.16it/s][A
Train 15/30:  45%|████▍     | 238/534 [01:15<01:33,  3.16it/s][A
Train 15/30:  45%|████▌     | 242/534 [01:17<01:32,  3.16it/s][A
Train 15/30:  46%|████▌     | 246/534 [01:18<01:31,  3.16it/s][A
Train 15/30:  47%|████▋     | 250/534 [01:19<01:29,  3.16it/s][A
Train 15/30:  48%|████▊     | 254/534 [01:20<01:28,  3.16it/s][A
Train 15/30:  48%|████▊     | 258/534 [01:22<01:27,  3.16it/s][A
Train 15/30:  49%|████▉     | 262/534 [01:23<01:26,  3.16it/s][A
Train 15/30:  50%|████▉     | 266/534 [01:24<01:24,  3.16it/s][A
Train 15/30:  51%|█████     | 270/534 [01:25<01:23,  3.16it/s][A
Train 15/30:  51%|█████▏    | 274/534 [01:27<01:22,  3.16it/s][A
Train 15/30:  52%|█████▏    | 278/534 [01:28<01:21,  3.16it/s][A
Train 15/30:  53%|█████▎    | 282/534 [01:29<01:19,  3.16it/s][A
Train 15/30:  54%|█████▎    | 286/534 [01:31<01:18,  3.16it/s][A
Train 15/30:  54%|█████▍    | 290/534 [01:32<01:17,  3.16it/s][A
Train 15/30:  55%|█████▌    | 294/534 [01:33<01:16,  3.16it/s][A
Train 15/30:  56%|█████▌    | 298/534 [01:34<01:14,  3.16it/s][A
Train 15/30:  57%|█████▋    | 302/534 [01:36<01:13,  3.16it/s][A
Train 15/30:  57%|█████▋    | 306/534 [01:37<01:12,  3.16it/s][A
Train 15/30:  58%|█████▊    | 310/534 [01:38<01:10,  3.16it/s][A
Train 15/30:  59%|█████▉    | 314/534 [01:39<01:09,  3.16it/s][A
Train 15/30:  60%|█████▉    | 318/534 [01:41<01:08,  3.16it/s][A
Train 15/30:  60%|██████    | 322/534 [01:42<01:07,  3.16it/s][A
Train 15/30:  61%|██████    | 326/534 [01:43<01:05,  3.16it/s][A
Train 15/30:  62%|██████▏   | 330/534 [01:44<01:04,  3.17it/s][A
Train 15/30:  63%|██████▎   | 334/534 [01:46<01:03,  3.16it/s][A
Train 15/30:  63%|██████▎   | 338/534 [01:47<01:01,  3.17it/s][A
Train 15/30:  64%|██████▍   | 342/534 [01:48<01:00,  3.17it/s][A
Train 15/30:  65%|██████▍   | 346/534 [01:50<00:59,  3.17it/s][A
Train 15/30:  66%|██████▌   | 350/534 [01:51<00:58,  3.16it/s][A
Train 15/30:  66%|██████▋   | 354/534 [01:52<00:56,  3.16it/s][A
Train 15/30:  67%|██████▋   | 358/534 [01:53<00:55,  3.16it/s][A
Train 15/30:  68%|██████▊   | 362/534 [01:55<00:54,  3.16it/s][A
Train 15/30:  69%|██████▊   | 366/534 [01:56<00:53,  3.16it/s][A
Train 15/30:  69%|██████▉   | 370/534 [01:57<00:51,  3.16it/s][A
Train 15/30:  70%|███████   | 374/534 [01:58<00:50,  3.16it/s][A
Train 15/30:  71%|███████   | 378/534 [02:00<00:49,  3.16it/s][A
Train 15/30:  72%|███████▏  | 382/534 [02:01<00:48,  3.16it/s][A
Train 15/30:  72%|███████▏  | 386/534 [02:02<00:46,  3.16it/s][A
Train 15/30:  73%|███████▎  | 390/534 [02:03<00:45,  3.16it/s][A
Train 15/30:  74%|███████▍  | 394/534 [02:05<00:44,  3.16it/s][A
Train 15/30:  75%|███████▍  | 398/534 [02:06<00:43,  3.16it/s][A
Train 15/30:  75%|███████▌  | 402/534 [02:07<00:41,  3.16it/s][A
Train 15/30:  76%|███████▌  | 406/534 [02:09<00:40,  3.16it/s][A
Train 15/30:  77%|███████▋  | 410/534 [02:10<00:39,  3.16it/s][A
Train 15/30:  78%|███████▊  | 414/534 [02:11<00:37,  3.16it/s][A
Train 15/30:  78%|███████▊  | 418/534 [02:12<00:36,  3.16it/s][A
Train 15/30:  79%|███████▉  | 422/534 [02:14<00:35,  3.16it/s][A
Train 15/30:  80%|███████▉  | 426/534 [02:15<00:34,  3.16it/s][A
Train 15/30:  81%|████████  | 430/534 [02:16<00:32,  3.16it/s][A
Train 15/30:  81%|████████▏ | 434/534 [02:17<00:31,  3.16it/s][A
Train 15/30:  82%|████████▏ | 438/534 [02:19<00:30,  3.16it/s][A
Train 15/30:  83%|████████▎ | 442/534 [02:20<00:29,  3.16it/s][A
Train 15/30:  84%|████████▎ | 446/534 [02:21<00:27,  3.16it/s][A
Train 15/30:  84%|████████▍ | 450/534 [02:22<00:26,  3.16it/s][A
Train 15/30:  85%|████████▌ | 454/534 [02:24<00:25,  3.16it/s][A
Train 15/30:  86%|████████▌ | 458/534 [02:25<00:24,  3.16it/s][A
Train 15/30:  87%|████████▋ | 462/534 [02:26<00:22,  3.16it/s][A
Train 15/30:  87%|████████▋ | 466/534 [02:27<00:21,  3.16it/s][A
Train 15/30:  88%|████████▊ | 470/534 [02:29<00:20,  3.16it/s][A
Train 15/30:  89%|████████▉ | 474/534 [02:30<00:18,  3.16it/s][A
Train 15/30:  90%|████████▉ | 478/534 [02:31<00:17,  3.16it/s][A
Train 15/30:  90%|█████████ | 482/534 [02:33<00:16,  3.16it/s][A
Train 15/30:  91%|█████████ | 486/534 [02:34<00:15,  3.16it/s][A
Train 15/30:  92%|█████████▏| 490/534 [02:35<00:13,  3.16it/s][A
Train 15/30:  93%|█████████▎| 494/534 [02:36<00:12,  3.16it/s][A
Train 15/30:  93%|█████████▎| 498/534 [02:38<00:11,  3.16it/s][A
Train 15/30:  94%|█████████▍| 502/534 [02:39<00:10,  3.16it/s][A
Train 15/30:  95%|█████████▍| 506/534 [02:40<00:08,  3.16it/s][A
Train 15/30:  96%|█████████▌| 510/534 [02:41<00:07,  3.16it/s][A
Train 15/30:  96%|█████████▋| 514/534 [02:43<00:06,  3.16it/s][A
Train 15/30:  97%|█████████▋| 518/534 [02:44<00:05,  3.16it/s][A
Train 15/30:  98%|█████████▊| 522/534 [02:45<00:03,  3.17it/s][A
Train 15/30:  99%|█████████▊| 526/534 [02:46<00:02,  3.17it/s][A
Train 15/30:  99%|█████████▉| 530/534 [02:48<00:01,  3.17it/s][A
Train 15/30: 100%|██████████| 534/534 [02:49<00:00,  3.17it/s][A
                                                              [A
Val:   0%|          | 0/29 [00:00<?, ?it/s][A
Val:  31%|███       | 9/29 [00:01<00:02,  8.41it/s][A
Val:  79%|███████▉  | 23/29 [00:02<00:00, 11.47it/s][A
                                                    [AEpochs:  47%|████▋     | 14/30 [41:20<42:45, 160.32s/it, lat_cos=0.167, lr=3.00e-04, pstd=0.3625, train=0.004137, val=0.003850]Epoch 15 | train MSE: 0.004137 | val MSE: 0.003850 | latent_cos: 0.167 (<0.7=escaped) | pred_std: 0.3625 (>0.04=content) | train_clip_offset=0 | lr: 3.00e-04
                                                                                                                               Saved checkpoint to runs/gridworld-tok-v2/tokenizer.pt
Epochs:  47%|████▋     | 14/30 [41:20<42:45, 160.32s/it, lat_cos=0.167, lr=3.00e-04, pstd=0.3625, train=0.004137, val=0.003850]Epochs:  50%|█████     | 15/30 [41:20<40:57, 163.85s/it, lat_cos=0.167, lr=3.00e-04, pstd=0.3625, train=0.004137, val=0.003850]
Train 16/30:   0%|          | 0/489 [00:00<?, ?it/s][A
Train 16/30:   1%|          | 3/489 [00:01<03:19,  2.43it/s][A
Train 16/30:   1%|▏         | 7/489 [00:02<02:48,  2.86it/s][A
Train 16/30:   2%|▏         | 11/489 [00:03<02:39,  3.00it/s][A
Train 16/30:   3%|▎         | 15/489 [00:05<02:34,  3.06it/s][A
Train 16/30:   4%|▍         | 19/489 [00:06<02:31,  3.10it/s][A
Train 16/30:   5%|▍         | 23/489 [00:07<02:29,  3.12it/s][A
Train 16/30:   6%|▌         | 27/489 [00:08<02:27,  3.13it/s][A
Train 16/30:   6%|▋         | 31/489 [00:10<02:25,  3.14it/s][A
Train 16/30:   7%|▋         | 35/489 [00:11<02:24,  3.15it/s][A
Train 16/30:   8%|▊         | 39/489 [00:12<02:22,  3.16it/s][A
Train 16/30:   9%|▉         | 43/489 [00:13<02:21,  3.16it/s][A
Train 16/30:  10%|▉         | 47/489 [00:15<02:20,  3.16it/s][A
Train 16/30:  10%|█         | 51/489 [00:16<02:18,  3.16it/s][A
Train 16/30:  11%|█         | 55/489 [00:17<02:17,  3.16it/s][A
Train 16/30:  12%|█▏        | 59/489 [00:18<02:16,  3.16it/s][A
Train 16/30:  13%|█▎        | 63/489 [00:20<02:14,  3.16it/s][A
Train 16/30:  14%|█▎        | 67/489 [00:21<02:13,  3.16it/s][A
Train 16/30:  15%|█▍        | 71/489 [00:22<02:12,  3.16it/s][A
Train 16/30:  15%|█▌        | 75/489 [00:24<02:11,  3.16it/s][A
Train 16/30:  16%|█▌        | 79/489 [00:25<02:09,  3.16it/s][A
Train 16/30:  17%|█▋        | 83/489 [00:26<02:08,  3.16it/s][A
Train 16/30:  18%|█▊        | 87/489 [00:27<02:07,  3.16it/s][A
Train 16/30:  19%|█▊        | 91/489 [00:29<02:06,  3.16it/s][A
Train 16/30:  19%|█▉        | 95/489 [00:30<02:04,  3.16it/s][A
Train 16/30:  20%|██        | 99/489 [00:31<02:03,  3.16it/s][A
Train 16/30:  21%|██        | 103/489 [00:32<02:02,  3.16it/s][A
Train 16/30:  22%|██▏       | 107/489 [00:34<02:00,  3.16it/s][A
Train 16/30:  23%|██▎       | 111/489 [00:35<01:59,  3.16it/s][A
Train 16/30:  24%|██▎       | 115/489 [00:36<01:58,  3.16it/s][A
Train 16/30:  24%|██▍       | 119/489 [00:37<01:57,  3.16it/s][A
Train 16/30:  25%|██▌       | 123/489 [00:39<01:55,  3.16it/s][A
Train 16/30:  26%|██▌       | 127/489 [00:40<01:54,  3.16it/s][A
Train 16/30:  27%|██▋       | 131/489 [00:41<01:53,  3.16it/s][A
Train 16/30:  28%|██▊       | 135/489 [00:43<01:51,  3.16it/s][A
Train 16/30:  28%|██▊       | 139/489 [00:44<01:50,  3.16it/s][A
Train 16/30:  29%|██▉       | 143/489 [00:45<01:49,  3.16it/s][A
Train 16/30:  30%|███       | 147/489 [00:46<01:48,  3.16it/s][A
Train 16/30:  31%|███       | 151/489 [00:48<01:46,  3.16it/s][A
Train 16/30:  32%|███▏      | 155/489 [00:49<01:45,  3.16it/s][A
Train 16/30:  33%|███▎      | 159/489 [00:50<01:44,  3.16it/s][A
Train 16/30:  33%|███▎      | 163/489 [00:51<01:43,  3.16it/s][A
Train 16/30:  34%|███▍      | 167/489 [00:53<01:41,  3.16it/s][A
Train 16/30:  35%|███▍      | 171/489 [00:54<01:40,  3.16it/s][A
Train 16/30:  36%|███▌      | 175/489 [00:55<01:39,  3.16it/s][A
Train 16/30:  37%|███▋      | 179/489 [00:56<01:38,  3.16it/s][A
Train 16/30:  37%|███▋      | 183/489 [00:58<01:36,  3.16it/s][A
Train 16/30:  38%|███▊      | 187/489 [00:59<01:35,  3.16it/s][A
Train 16/30:  39%|███▉      | 191/489 [01:00<01:34,  3.16it/s][A
Train 16/30:  40%|███▉      | 195/489 [01:01<01:33,  3.16it/s][A
Train 16/30:  41%|████      | 199/489 [01:03<01:31,  3.16it/s][A
Train 16/30:  42%|████▏     | 203/489 [01:04<01:30,  3.16it/s][A
Train 16/30:  42%|████▏     | 207/489 [01:05<01:29,  3.16it/s][A
Train 16/30:  43%|████▎     | 211/489 [01:07<01:27,  3.16it/s][A
Train 16/30:  44%|████▍     | 215/489 [01:08<01:26,  3.16it/s][A
Train 16/30:  45%|████▍     | 219/489 [01:09<01:25,  3.16it/s][A
Train 16/30:  46%|████▌     | 223/489 [01:10<01:24,  3.16it/s][A
Train 16/30:  46%|████▋     | 227/489 [01:12<01:22,  3.16it/s][A
Train 16/30:  47%|████▋     | 231/489 [01:13<01:21,  3.17it/s][A
Train 16/30:  48%|████▊     | 235/489 [01:14<01:20,  3.16it/s][A
Train 16/30:  49%|████▉     | 239/489 [01:15<01:19,  3.16it/s][A
Train 16/30:  50%|████▉     | 243/489 [01:17<01:17,  3.16it/s][A
Train 16/30:  51%|█████     | 247/489 [01:18<01:16,  3.16it/s][A
Train 16/30:  51%|█████▏    | 251/489 [01:19<01:15,  3.16it/s][A
Train 16/30:  52%|█████▏    | 255/489 [01:20<01:14,  3.16it/s][A
Train 16/30:  53%|█████▎    | 259/489 [01:22<01:12,  3.16it/s][A
Train 16/30:  54%|█████▍    | 263/489 [01:23<01:11,  3.16it/s][A
Train 16/30:  55%|█████▍    | 267/489 [01:24<01:10,  3.16it/s][A
Train 16/30:  55%|█████▌    | 271/489 [01:26<01:08,  3.16it/s][A
Train 16/30:  56%|█████▌    | 275/489 [01:27<01:07,  3.16it/s][A
Train 16/30:  57%|█████▋    | 279/489 [01:28<01:06,  3.16it/s][A
Train 16/30:  58%|█████▊    | 283/489 [01:29<01:05,  3.16it/s][A
Train 16/30:  59%|█████▊    | 287/489 [01:31<01:03,  3.16it/s][A
Train 16/30:  60%|█████▉    | 291/489 [01:32<01:02,  3.16it/s][A
Train 16/30:  60%|██████    | 295/489 [01:33<01:01,  3.16it/s][A
Train 16/30:  61%|██████    | 299/489 [01:34<01:00,  3.16it/s][A
Train 16/30:  62%|██████▏   | 303/489 [01:36<00:58,  3.16it/s][A
Train 16/30:  63%|██████▎   | 307/489 [01:37<00:57,  3.16it/s][A
Train 16/30:  64%|██████▎   | 311/489 [01:38<00:56,  3.16it/s][A
Train 16/30:  64%|██████▍   | 315/489 [01:39<00:55,  3.16it/s][A
Train 16/30:  65%|██████▌   | 319/489 [01:41<00:53,  3.16it/s][A
Train 16/30:  66%|██████▌   | 323/489 [01:42<00:52,  3.16it/s][A
Train 16/30:  67%|██████▋   | 327/489 [01:43<00:51,  3.16it/s][A
Train 16/30:  68%|██████▊   | 331/489 [01:45<00:50,  3.16it/s][A
Train 16/30:  69%|██████▊   | 335/489 [01:46<00:48,  3.16it/s][A
Train 16/30:  69%|██████▉   | 339/489 [01:47<00:47,  3.16it/s][A
Train 16/30:  70%|███████   | 343/489 [01:48<00:46,  3.16it/s][A
Train 16/30:  71%|███████   | 347/489 [01:50<00:44,  3.16it/s][A
Train 16/30:  72%|███████▏  | 351/489 [01:51<00:43,  3.16it/s][A
Train 16/30:  73%|███████▎  | 355/489 [01:52<00:42,  3.16it/s][A
Train 16/30:  73%|███████▎  | 359/489 [01:53<00:41,  3.16it/s][A
Train 16/30:  74%|███████▍  | 363/489 [01:55<00:39,  3.16it/s][A
Train 16/30:  75%|███████▌  | 367/489 [01:56<00:38,  3.16it/s][A
Train 16/30:  76%|███████▌  | 371/489 [01:57<00:37,  3.16it/s][A
Train 16/30:  77%|███████▋  | 375/489 [01:58<00:36,  3.16it/s][A
Train 16/30:  78%|███████▊  | 379/489 [02:00<00:34,  3.16it/s][A
Train 16/30:  78%|███████▊  | 383/489 [02:01<00:33,  3.16it/s][A
Train 16/30:  79%|███████▉  | 387/489 [02:02<00:32,  3.16it/s][A
Train 16/30:  80%|███████▉  | 391/489 [02:04<00:30,  3.16it/s][A
Train 16/30:  81%|████████  | 395/489 [02:05<00:29,  3.16it/s][A
Train 16/30:  82%|████████▏ | 399/489 [02:06<00:28,  3.16it/s][A
Train 16/30:  82%|████████▏ | 403/489 [02:07<00:27,  3.16it/s][A
Train 16/30:  83%|████████▎ | 407/489 [02:09<00:25,  3.16it/s][A
Train 16/30:  84%|████████▍ | 411/489 [02:10<00:24,  3.16it/s][A
Train 16/30:  85%|████████▍ | 415/489 [02:11<00:23,  3.16it/s][A
Train 16/30:  86%|████████▌ | 419/489 [02:12<00:22,  3.16it/s][A
Train 16/30:  87%|████████▋ | 423/489 [02:14<00:20,  3.16it/s][A
Train 16/30:  87%|████████▋ | 427/489 [02:15<00:19,  3.16it/s][A
Train 16/30:  88%|████████▊ | 431/489 [02:16<00:18,  3.16it/s][A
Train 16/30:  89%|████████▉ | 435/489 [02:17<00:17,  3.16it/s][A
Train 16/30:  90%|████████▉ | 439/489 [02:19<00:15,  3.16it/s][A
Train 16/30:  91%|█████████ | 443/489 [02:20<00:14,  3.16it/s][A
Train 16/30:  91%|█████████▏| 447/489 [02:21<00:13,  3.16it/s][A
Train 16/30:  92%|█████████▏| 451/489 [02:22<00:12,  3.16it/s][A
Train 16/30:  93%|█████████▎| 455/489 [02:24<00:10,  3.16it/s][A
Train 16/30:  94%|█████████▍| 459/489 [02:25<00:09,  3.16it/s][A
Train 16/30:  95%|█████████▍| 463/489 [02:26<00:08,  3.16it/s][A
Train 16/30:  96%|█████████▌| 467/489 [02:28<00:06,  3.16it/s][A
Train 16/30:  96%|█████████▋| 471/489 [02:29<00:05,  3.17it/s][A
Train 16/30:  97%|█████████▋| 475/489 [02:30<00:04,  3.16it/s][A
Train 16/30:  98%|█████████▊| 479/489 [02:31<00:03,  3.17it/s][A
Train 16/30:  99%|█████████▉| 483/489 [02:33<00:01,  3.16it/s][A
Train 16/30: 100%|█████████▉| 487/489 [02:34<00:00,  3.16it/s][A
                                                              [A
Val:   0%|          | 0/29 [00:00<?, ?it/s][A
Val:  28%|██▊       | 8/29 [00:01<00:02,  7.72it/s][A
Val:  76%|███████▌  | 22/29 [00:02<00:00, 11.22it/s][A
                                                    [AEpochs:  50%|█████     | 15/30 [43:57<40:57, 163.85s/it, lat_cos=0.164, lr=3.00e-04, pstd=0.3630, train=0.004081, val=0.003910]Epoch 16 | train MSE: 0.004081 | val MSE: 0.003910 | latent_cos: 0.164 (<0.7=escaped) | pred_std: 0.3630 (>0.04=content) | train_clip_offset=11 | lr: 3.00e-04
                                                                                                                               Saved checkpoint to runs/gridworld-tok-v2/tokenizer.pt
Epochs:  50%|█████     | 15/30 [43:57<40:57, 163.85s/it, lat_cos=0.164, lr=3.00e-04, pstd=0.3630, train=0.004081, val=0.003910]Epochs:  53%|█████▎    | 16/30 [43:57<37:47, 161.97s/it, lat_cos=0.164, lr=3.00e-04, pstd=0.3630, train=0.004081, val=0.003910]
Train 17/30:   0%|          | 0/489 [00:00<?, ?it/s][A
Train 17/30:   0%|          | 2/489 [00:01<04:09,  1.95it/s][A
Train 17/30:   1%|          | 6/489 [00:02<02:57,  2.72it/s][A
Train 17/30:   2%|▏         | 10/489 [00:03<02:43,  2.94it/s][A
Train 17/30:   3%|▎         | 14/489 [00:04<02:36,  3.03it/s][A
Train 17/30:   4%|▎         | 18/489 [00:06<02:33,  3.08it/s][A
Train 17/30:   4%|▍         | 22/489 [00:07<02:30,  3.11it/s][A
Train 17/30:   5%|▌         | 26/489 [00:08<02:27,  3.13it/s][A
Train 17/30:   6%|▌         | 30/489 [00:09<02:26,  3.14it/s][A
Train 17/30:   7%|▋         | 34/489 [00:11<02:24,  3.15it/s][A
Train 17/30:   8%|▊         | 38/489 [00:12<02:22,  3.16it/s][A
Train 17/30:   9%|▊         | 42/489 [00:13<02:21,  3.16it/s][A
Train 17/30:   9%|▉         | 46/489 [00:14<02:20,  3.16it/s][A
Train 17/30:  10%|█         | 50/489 [00:16<02:18,  3.16it/s][A
Train 17/30:  11%|█         | 54/489 [00:17<02:17,  3.17it/s][A
Train 17/30:  12%|█▏        | 58/489 [00:18<02:16,  3.16it/s][A
Train 17/30:  13%|█▎        | 62/489 [00:19<02:15,  3.16it/s][A
Train 17/30:  13%|█▎        | 66/489 [00:21<02:13,  3.17it/s][A
Train 17/30:  14%|█▍        | 70/489 [00:22<02:12,  3.17it/s][A
Train 17/30:  15%|█▌        | 74/489 [00:23<02:10,  3.17it/s][A
Train 17/30:  16%|█▌        | 78/489 [00:25<02:09,  3.17it/s][A
Train 17/30:  17%|█▋        | 82/489 [00:26<02:08,  3.17it/s][A
Train 17/30:  18%|█▊        | 86/489 [00:27<02:07,  3.16it/s][A
Train 17/30:  18%|█▊        | 90/489 [00:28<02:06,  3.17it/s][A
Train 17/30:  19%|█▉        | 94/489 [00:30<02:04,  3.17it/s][A
Train 17/30:  20%|██        | 98/489 [00:31<02:03,  3.17it/s][A
Train 17/30:  21%|██        | 102/489 [00:32<02:02,  3.17it/s][A
Train 17/30:  22%|██▏       | 106/489 [00:33<02:00,  3.17it/s][A
Train 17/30:  22%|██▏       | 110/489 [00:35<01:59,  3.17it/s][A
Train 17/30:  23%|██▎       | 114/489 [00:36<01:58,  3.17it/s][A
Train 17/30:  24%|██▍       | 118/489 [00:37<01:57,  3.17it/s][A
Train 17/30:  25%|██▍       | 122/489 [00:38<01:55,  3.16it/s][A
Train 17/30:  26%|██▌       | 126/489 [00:40<01:54,  3.16it/s][A
Train 17/30:  27%|██▋       | 130/489 [00:41<01:53,  3.16it/s][A
Train 17/30:  27%|██▋       | 134/489 [00:42<01:52,  3.16it/s][A
Train 17/30:  28%|██▊       | 138/489 [00:43<01:51,  3.16it/s][A
Train 17/30:  29%|██▉       | 142/489 [00:45<01:49,  3.16it/s][A
Train 17/30:  30%|██▉       | 146/489 [00:46<01:48,  3.16it/s][A
Train 17/30:  31%|███       | 150/489 [00:47<01:47,  3.16it/s][A
Train 17/30:  31%|███▏      | 154/489 [00:49<01:46,  3.16it/s][A
Train 17/30:  32%|███▏      | 158/489 [00:50<01:44,  3.16it/s][A
Train 17/30:  33%|███▎      | 162/489 [00:51<01:43,  3.16it/s][A
Train 17/30:  34%|███▍      | 166/489 [00:52<01:42,  3.16it/s][A
Train 17/30:  35%|███▍      | 170/489 [00:54<01:41,  3.16it/s][A
Train 17/30:  36%|███▌      | 174/489 [00:55<01:39,  3.15it/s][A
Train 17/30:  36%|███▋      | 178/489 [00:56<01:38,  3.15it/s][A
Train 17/30:  37%|███▋      | 182/489 [00:57<01:37,  3.15it/s][A
Train 17/30:  38%|███▊      | 186/489 [00:59<01:36,  3.16it/s][A
Train 17/30:  39%|███▉      | 190/489 [01:00<01:34,  3.16it/s][A
Train 17/30:  40%|███▉      | 194/489 [01:01<01:33,  3.16it/s][A
Train 17/30:  40%|████      | 198/489 [01:02<01:32,  3.16it/s][A
Train 17/30:  41%|████▏     | 202/489 [01:04<01:30,  3.16it/s][A
Train 17/30:  42%|████▏     | 206/489 [01:05<01:29,  3.16it/s][A
Train 17/30:  43%|████▎     | 210/489 [01:06<01:28,  3.16it/s][A
Train 17/30:  44%|████▍     | 214/489 [01:08<01:26,  3.16it/s][A
Train 17/30:  45%|████▍     | 218/489 [01:09<01:25,  3.16it/s][A
Train 17/30:  45%|████▌     | 222/489 [01:10<01:24,  3.16it/s][A
Train 17/30:  46%|████▌     | 226/489 [01:11<01:23,  3.16it/s][A
Train 17/30:  47%|████▋     | 230/489 [01:13<01:21,  3.16it/s][A
Train 17/30:  48%|████▊     | 234/489 [01:14<01:20,  3.16it/s][A
Train 17/30:  49%|████▊     | 238/489 [01:15<01:19,  3.15it/s][A
Train 17/30:  49%|████▉     | 242/489 [01:16<01:18,  3.15it/s][A
Train 17/30:  50%|█████     | 246/489 [01:18<01:17,  3.16it/s][A
Train 17/30:  51%|█████     | 250/489 [01:19<01:15,  3.16it/s][A
Train 17/30:  52%|█████▏    | 254/489 [01:20<01:14,  3.16it/s][A
Train 17/30:  53%|█████▎    | 258/489 [01:21<01:13,  3.16it/s][A
Train 17/30:  54%|█████▎    | 262/489 [01:23<01:11,  3.16it/s][A
Train 17/30:  54%|█████▍    | 266/489 [01:24<01:10,  3.16it/s][A
Train 17/30:  55%|█████▌    | 270/489 [01:25<01:09,  3.16it/s][A
Train 17/30:  56%|█████▌    | 274/489 [01:27<01:08,  3.16it/s][A
Train 17/30:  57%|█████▋    | 278/489 [01:28<01:06,  3.16it/s][A
Train 17/30:  58%|█████▊    | 282/489 [01:29<01:05,  3.16it/s][A
Train 17/30:  58%|█████▊    | 286/489 [01:30<01:04,  3.16it/s][A
Train 17/30:  59%|█████▉    | 290/489 [01:32<01:02,  3.16it/s][A
Train 17/30:  60%|██████    | 294/489 [01:33<01:01,  3.16it/s][A
Train 17/30:  61%|██████    | 298/489 [01:34<01:00,  3.16it/s][A
Train 17/30:  62%|██████▏   | 302/489 [01:35<00:59,  3.16it/s][A
Train 17/30:  63%|██████▎   | 306/489 [01:37<00:57,  3.16it/s][A
Train 17/30:  63%|██████▎   | 310/489 [01:38<00:56,  3.16it/s][A
Train 17/30:  64%|██████▍   | 314/489 [01:39<00:55,  3.15it/s][A
Train 17/30:  65%|██████▌   | 318/489 [01:40<00:54,  3.15it/s][A
Train 17/30:  66%|██████▌   | 322/489 [01:42<00:52,  3.15it/s][A
Train 17/30:  67%|██████▋   | 326/489 [01:43<00:51,  3.15it/s][A
Train 17/30:  67%|██████▋   | 330/489 [01:44<00:50,  3.15it/s][A
Train 17/30:  68%|██████▊   | 334/489 [01:46<00:49,  3.15it/s][A
Train 17/30:  69%|██████▉   | 338/489 [01:47<00:47,  3.16it/s][A
Train 17/30:  70%|██████▉   | 342/489 [01:48<00:46,  3.16it/s][A
Train 17/30:  71%|███████   | 346/489 [01:49<00:45,  3.16it/s][A
Train 17/30:  72%|███████▏  | 350/489 [01:51<00:43,  3.16it/s][A
Train 17/30:  72%|███████▏  | 354/489 [01:52<00:42,  3.16it/s][A
Train 17/30:  73%|███████▎  | 358/489 [01:53<00:41,  3.16it/s][A
Train 17/30:  74%|███████▍  | 362/489 [01:54<00:40,  3.15it/s][A
Train 17/30:  75%|███████▍  | 366/489 [01:56<00:39,  3.15it/s][A
Train 17/30:  76%|███████▌  | 370/489 [01:57<00:37,  3.15it/s][A
Train 17/30:  76%|███████▋  | 374/489 [01:58<00:36,  3.15it/s][A
Train 17/30:  77%|███████▋  | 378/489 [02:00<00:35,  3.15it/s][A
Train 17/30:  78%|███████▊  | 382/489 [02:01<00:33,  3.15it/s][A
Train 17/30:  79%|███████▉  | 386/489 [02:02<00:32,  3.15it/s][A
Train 17/30:  80%|███████▉  | 390/489 [02:03<00:31,  3.15it/s][A
Train 17/30:  81%|████████  | 394/489 [02:05<00:30,  3.15it/s][A
Train 17/30:  81%|████████▏ | 398/489 [02:06<00:28,  3.15it/s][A
Train 17/30:  82%|████████▏ | 402/489 [02:07<00:27,  3.15it/s][A
Train 17/30:  83%|████████▎ | 406/489 [02:08<00:26,  3.15it/s][A
Train 17/30:  84%|████████▍ | 410/489 [02:10<00:25,  3.15it/s][A
Train 17/30:  85%|████████▍ | 414/489 [02:11<00:23,  3.15it/s][A
Train 17/30:  85%|████████▌ | 418/489 [02:12<00:22,  3.15it/s][A
Train 17/30:  86%|████████▋ | 422/489 [02:13<00:21,  3.16it/s][A
Train 17/30:  87%|████████▋ | 426/489 [02:15<00:19,  3.15it/s][A
Train 17/30:  88%|████████▊ | 430/489 [02:16<00:18,  3.15it/s][A
Train 17/30:  89%|████████▉ | 434/489 [02:17<00:17,  3.15it/s][A
Train 17/30:  90%|████████▉ | 438/489 [02:19<00:16,  3.15it/s][A
Train 17/30:  90%|█████████ | 442/489 [02:20<00:14,  3.15it/s][A
Train 17/30:  91%|█████████ | 446/489 [02:21<00:13,  3.15it/s][A
Train 17/30:  92%|█████████▏| 450/489 [02:22<00:12,  3.15it/s][A
Train 17/30:  93%|█████████▎| 454/489 [02:24<00:11,  3.15it/s][A
Train 17/30:  94%|█████████▎| 458/489 [02:25<00:09,  3.15it/s][A
Train 17/30:  94%|█████████▍| 462/489 [02:26<00:08,  3.15it/s][A
Train 17/30:  95%|█████████▌| 466/489 [02:27<00:07,  3.16it/s][A
Train 17/30:  96%|█████████▌| 470/489 [02:29<00:06,  3.16it/s][A
Train 17/30:  97%|█████████▋| 474/489 [02:30<00:04,  3.16it/s][A
Train 17/30:  98%|█████████▊| 478/489 [02:31<00:03,  3.16it/s][A
Train 17/30:  99%|█████████▊| 482/489 [02:32<00:02,  3.16it/s][A
Train 17/30:  99%|█████████▉| 486/489 [02:34<00:00,  3.16it/s][A
                                                              [A
Val:   0%|          | 0/29 [00:00<?, ?it/s][A
Val:  28%|██▊       | 8/29 [00:01<00:02,  7.89it/s][A
Val:  76%|███████▌  | 22/29 [00:02<00:00, 11.32it/s][A
                                                    [AEpochs:  53%|█████▎    | 16/30 [46:35<37:47, 161.97s/it, lat_cos=0.169, lr=3.00e-04, pstd=0.3617, train=0.004040, val=0.003829]Epoch 17 | train MSE: 0.004040 | val MSE: 0.003829 | latent_cos: 0.169 (<0.7=escaped) | pred_std: 0.3617 (>0.04=content) | train_clip_offset=9 | lr: 3.00e-04
                                                                                                                               Saved checkpoint to runs/gridworld-tok-v2/tokenizer.pt
Epochs:  53%|█████▎    | 16/30 [46:35<37:47, 161.97s/it, lat_cos=0.169, lr=3.00e-04, pstd=0.3617, train=0.004040, val=0.003829]Epochs:  57%|█████▋    | 17/30 [46:35<34:49, 160.71s/it, lat_cos=0.169, lr=3.00e-04, pstd=0.3617, train=0.004040, val=0.003829]
Train 18/30:   0%|          | 0/534 [00:00<?, ?it/s][A
Train 18/30:   1%|          | 3/534 [00:01<03:38,  2.43it/s][A
Train 18/30:   1%|▏         | 7/534 [00:02<03:04,  2.86it/s][A
Train 18/30:   2%|▏         | 11/534 [00:03<02:54,  2.99it/s][A
Train 18/30:   3%|▎         | 15/534 [00:05<02:49,  3.06it/s][A
Train 18/30:   4%|▎         | 19/534 [00:06<02:46,  3.09it/s][A
Train 18/30:   4%|▍         | 23/534 [00:07<02:44,  3.11it/s][A
Train 18/30:   5%|▌         | 27/534 [00:08<02:42,  3.12it/s][A
Train 18/30:   6%|▌         | 31/534 [00:10<02:40,  3.13it/s][A
Train 18/30:   7%|▋         | 35/534 [00:11<02:39,  3.14it/s][A
Train 18/30:   7%|▋         | 39/534 [00:12<02:37,  3.14it/s][A
Train 18/30:   8%|▊         | 43/534 [00:13<02:36,  3.14it/s][A
Train 18/30:   9%|▉         | 47/534 [00:15<02:34,  3.15it/s][A
Train 18/30:  10%|▉         | 51/534 [00:16<02:33,  3.15it/s][A
Train 18/30:  10%|█         | 55/534 [00:17<02:32,  3.15it/s][A
Train 18/30:  11%|█         | 59/534 [00:19<02:30,  3.15it/s][A
Train 18/30:  12%|█▏        | 63/534 [00:20<02:29,  3.15it/s][A
Train 18/30:  13%|█▎        | 67/534 [00:21<02:28,  3.15it/s][A
Train 18/30:  13%|█▎        | 71/534 [00:22<02:26,  3.15it/s][A
Train 18/30:  14%|█▍        | 75/534 [00:24<02:25,  3.15it/s][A
Train 18/30:  15%|█▍        | 79/534 [00:25<02:24,  3.15it/s][A
Train 18/30:  16%|█▌        | 83/534 [00:26<02:23,  3.15it/s][A
Train 18/30:  16%|█▋        | 87/534 [00:27<02:21,  3.15it/s][A
Train 18/30:  17%|█▋        | 91/534 [00:29<02:20,  3.15it/s][A
Train 18/30:  18%|█▊        | 95/534 [00:30<02:19,  3.15it/s][A
Train 18/30:  19%|█▊        | 99/534 [00:31<02:18,  3.15it/s][A
Train 18/30:  19%|█▉        | 103/534 [00:32<02:16,  3.15it/s][A
Train 18/30:  20%|██        | 107/534 [00:34<02:15,  3.15it/s][A
Train 18/30:  21%|██        | 111/534 [00:35<02:14,  3.15it/s][A
Train 18/30:  22%|██▏       | 115/534 [00:36<02:12,  3.15it/s][A
Train 18/30:  22%|██▏       | 119/534 [00:38<02:11,  3.15it/s][A
Train 18/30:  23%|██▎       | 123/534 [00:39<02:10,  3.15it/s][A
Train 18/30:  24%|██▍       | 127/534 [00:40<02:09,  3.15it/s][A
Train 18/30:  25%|██▍       | 131/534 [00:41<02:08,  3.15it/s][A
Train 18/30:  25%|██▌       | 135/534 [00:43<02:06,  3.15it/s][A
Train 18/30:  26%|██▌       | 139/534 [00:44<02:05,  3.15it/s][A
Train 18/30:  27%|██▋       | 143/534 [00:45<02:04,  3.15it/s][A
Train 18/30:  28%|██▊       | 147/534 [00:46<02:02,  3.15it/s][A
Train 18/30:  28%|██▊       | 151/534 [00:48<02:01,  3.15it/s][A
Train 18/30:  29%|██▉       | 155/534 [00:49<02:00,  3.15it/s][A
Train 18/30:  30%|██▉       | 159/534 [00:50<01:59,  3.15it/s][A
Train 18/30:  31%|███       | 163/534 [00:52<01:57,  3.15it/s][A
Train 18/30:  31%|███▏      | 167/534 [00:53<01:56,  3.15it/s][A
Train 18/30:  32%|███▏      | 171/534 [00:54<01:55,  3.15it/s][A
Train 18/30:  33%|███▎      | 175/534 [00:55<01:53,  3.15it/s][A
Train 18/30:  34%|███▎      | 179/534 [00:57<01:52,  3.15it/s][A
Train 18/30:  34%|███▍      | 183/534 [00:58<01:51,  3.15it/s][A
Train 18/30:  35%|███▌      | 187/534 [00:59<01:49,  3.16it/s][A
Train 18/30:  36%|███▌      | 191/534 [01:00<01:48,  3.16it/s][A
Train 18/30:  37%|███▋      | 195/534 [01:02<01:47,  3.16it/s][A
Train 18/30:  37%|███▋      | 199/534 [01:03<01:46,  3.16it/s][A
Train 18/30:  38%|███▊      | 203/534 [01:04<01:44,  3.16it/s][A
Train 18/30:  39%|███▉      | 207/534 [01:05<01:43,  3.16it/s][A
Train 18/30:  40%|███▉      | 211/534 [01:07<01:42,  3.15it/s][A
Train 18/30:  40%|████      | 215/534 [01:08<01:41,  3.15it/s][A
Train 18/30:  41%|████      | 219/534 [01:09<01:40,  3.15it/s][A
Train 18/30:  42%|████▏     | 223/534 [01:11<01:38,  3.15it/s][A
Train 18/30:  43%|████▎     | 227/534 [01:12<01:37,  3.15it/s][A
Train 18/30:  43%|████▎     | 231/534 [01:13<01:36,  3.15it/s][A
Train 18/30:  44%|████▍     | 235/534 [01:14<01:34,  3.15it/s][A
Train 18/30:  45%|████▍     | 239/534 [01:16<01:33,  3.15it/s][A
Train 18/30:  46%|████▌     | 243/534 [01:17<01:32,  3.15it/s][A
Train 18/30:  46%|████▋     | 247/534 [01:18<01:31,  3.15it/s][A
Train 18/30:  47%|████▋     | 251/534 [01:19<01:29,  3.15it/s][A
Train 18/30:  48%|████▊     | 255/534 [01:21<01:28,  3.15it/s][A
Train 18/30:  49%|████▊     | 259/534 [01:22<01:27,  3.15it/s][A
Train 18/30:  49%|████▉     | 263/534 [01:23<01:26,  3.15it/s][A
Train 18/30:  50%|█████     | 267/534 [01:25<01:24,  3.15it/s][A
Train 18/30:  51%|█████     | 271/534 [01:26<01:23,  3.15it/s][A
Train 18/30:  51%|█████▏    | 275/534 [01:27<01:22,  3.15it/s][A
Train 18/30:  52%|█████▏    | 279/534 [01:28<01:20,  3.15it/s][A
Train 18/30:  53%|█████▎    | 283/534 [01:30<01:19,  3.15it/s][A
Train 18/30:  54%|█████▎    | 287/534 [01:31<01:18,  3.15it/s][A
Train 18/30:  54%|█████▍    | 291/534 [01:32<01:17,  3.15it/s][A
Train 18/30:  55%|█████▌    | 295/534 [01:33<01:15,  3.15it/s][A
Train 18/30:  56%|█████▌    | 299/534 [01:35<01:14,  3.15it/s][A
Train 18/30:  57%|█████▋    | 303/534 [01:36<01:13,  3.15it/s][A
Train 18/30:  57%|█████▋    | 307/534 [01:37<01:12,  3.15it/s][A
Train 18/30:  58%|█████▊    | 311/534 [01:38<01:10,  3.15it/s][A
Train 18/30:  59%|█████▉    | 315/534 [01:40<01:09,  3.15it/s][A
Train 18/30:  60%|█████▉    | 319/534 [01:41<01:08,  3.15it/s][A
Train 18/30:  60%|██████    | 323/534 [01:42<01:07,  3.15it/s][A
Train 18/30:  61%|██████    | 327/534 [01:44<01:05,  3.15it/s][A
Train 18/30:  62%|██████▏   | 331/534 [01:45<01:04,  3.15it/s][A
Train 18/30:  63%|██████▎   | 335/534 [01:46<01:03,  3.15it/s][A
Train 18/30:  63%|██████▎   | 339/534 [01:47<01:02,  3.14it/s][A
Train 18/30:  64%|██████▍   | 343/534 [01:49<01:00,  3.15it/s][A
Train 18/30:  65%|██████▍   | 347/534 [01:50<00:59,  3.14it/s][A
Train 18/30:  66%|██████▌   | 351/534 [01:51<00:58,  3.14it/s][A
Train 18/30:  66%|██████▋   | 355/534 [01:52<00:56,  3.14it/s][A
Train 18/30:  67%|██████▋   | 359/534 [01:54<00:55,  3.15it/s][A
Train 18/30:  68%|██████▊   | 363/534 [01:55<00:54,  3.15it/s][A
Train 18/30:  69%|██████▊   | 367/534 [01:56<00:53,  3.15it/s][A
Train 18/30:  69%|██████▉   | 371/534 [01:58<00:51,  3.15it/s][A
Train 18/30:  70%|███████   | 375/534 [01:59<00:50,  3.15it/s][A
Train 18/30:  71%|███████   | 379/534 [02:00<00:49,  3.15it/s][A
Train 18/30:  72%|███████▏  | 383/534 [02:01<00:47,  3.15it/s][A
Train 18/30:  72%|███████▏  | 387/534 [02:03<00:46,  3.15it/s][A
Train 18/30:  73%|███████▎  | 391/534 [02:04<00:45,  3.15it/s][A
Train 18/30:  74%|███████▍  | 395/534 [02:05<00:44,  3.15it/s][A
Train 18/30:  75%|███████▍  | 399/534 [02:06<00:42,  3.15it/s][A
Train 18/30:  75%|███████▌  | 403/534 [02:08<00:41,  3.15it/s][A
Train 18/30:  76%|███████▌  | 407/534 [02:09<00:40,  3.15it/s][A
Train 18/30:  77%|███████▋  | 411/534 [02:10<00:39,  3.15it/s][A
Train 18/30:  78%|███████▊  | 415/534 [02:12<00:37,  3.15it/s][A
Train 18/30:  78%|███████▊  | 419/534 [02:13<00:36,  3.15it/s][A
Train 18/30:  79%|███████▉  | 423/534 [02:14<00:35,  3.15it/s][A
Train 18/30:  80%|███████▉  | 427/534 [02:15<00:33,  3.15it/s][A
Train 18/30:  81%|████████  | 431/534 [02:17<00:32,  3.15it/s][A
Train 18/30:  81%|████████▏ | 435/534 [02:18<00:31,  3.15it/s][A
Train 18/30:  82%|████████▏ | 439/534 [02:19<00:30,  3.15it/s][A
Train 18/30:  83%|████████▎ | 443/534 [02:20<00:28,  3.15it/s][A
Train 18/30:  84%|████████▎ | 447/534 [02:22<00:27,  3.15it/s][A
Train 18/30:  84%|████████▍ | 451/534 [02:23<00:26,  3.15it/s][A
Train 18/30:  85%|████████▌ | 455/534 [02:24<00:25,  3.15it/s][A
Train 18/30:  86%|████████▌ | 459/534 [02:26<00:23,  3.15it/s][A
Train 18/30:  87%|████████▋ | 463/534 [02:27<00:22,  3.15it/s][A
Train 18/30:  87%|████████▋ | 467/534 [02:28<00:21,  3.15it/s][A
Train 18/30:  88%|████████▊ | 471/534 [02:29<00:20,  3.15it/s][A
Train 18/30:  89%|████████▉ | 475/534 [02:31<00:18,  3.15it/s][A
Train 18/30:  90%|████████▉ | 479/534 [02:32<00:17,  3.15it/s][A
Train 18/30:  90%|█████████ | 483/534 [02:33<00:16,  3.15it/s][A
Train 18/30:  91%|█████████ | 487/534 [02:34<00:14,  3.15it/s][A
Train 18/30:  92%|█████████▏| 491/534 [02:36<00:13,  3.14it/s][A
Train 18/30:  93%|█████████▎| 495/534 [02:37<00:12,  3.15it/s][A
Train 18/30:  93%|█████████▎| 499/534 [02:38<00:11,  3.14it/s][A
Train 18/30:  94%|█████████▍| 503/534 [02:39<00:09,  3.14it/s][A
Train 18/30:  95%|█████████▍| 507/534 [02:41<00:08,  3.14it/s][A
Train 18/30:  96%|█████████▌| 511/534 [02:42<00:07,  3.15it/s][A
Train 18/30:  96%|█████████▋| 515/534 [02:43<00:06,  3.15it/s][A
Train 18/30:  97%|█████████▋| 519/534 [02:45<00:04,  3.15it/s][A
Train 18/30:  98%|█████████▊| 523/534 [02:46<00:03,  3.15it/s][A
Train 18/30:  99%|█████████▊| 527/534 [02:47<00:02,  3.15it/s][A
Train 18/30:  99%|█████████▉| 531/534 [02:48<00:00,  3.15it/s][A
                                                              [A
Val:   0%|          | 0/29 [00:00<?, ?it/s][A
Val:  28%|██▊       | 8/29 [00:01<00:02,  7.70it/s][A
Val:  76%|███████▌  | 22/29 [00:02<00:00, 11.21it/s][A
                                                    [AEpochs:  57%|█████▋    | 17/30 [49:28<34:49, 160.71s/it, lat_cos=0.166, lr=3.00e-04, pstd=0.3611, train=0.003994, val=0.003868]Epoch 18 | train MSE: 0.003994 | val MSE: 0.003868 | latent_cos: 0.166 (<0.7=escaped) | pred_std: 0.3611 (>0.04=content) | train_clip_offset=1 | lr: 3.00e-04
                                                                                                                               Saved checkpoint to runs/gridworld-tok-v2/tokenizer.pt
Epochs:  57%|█████▋    | 17/30 [49:28<34:49, 160.71s/it, lat_cos=0.166, lr=3.00e-04, pstd=0.3611, train=0.003994, val=0.003868]Epochs:  60%|██████    | 18/30 [49:28<32:50, 164.23s/it, lat_cos=0.166, lr=3.00e-04, pstd=0.3611, train=0.003994, val=0.003868]
Train 19/30:   0%|          | 0/489 [00:00<?, ?it/s][A
Train 19/30:   1%|          | 3/489 [00:01<03:14,  2.50it/s][A
Train 19/30:   1%|▏         | 7/489 [00:02<02:46,  2.89it/s][A
Train 19/30:   2%|▏         | 11/489 [00:03<02:38,  3.01it/s][A
Train 19/30:   3%|▎         | 15/489 [00:05<02:34,  3.07it/s][A
Train 19/30:   4%|▍         | 19/489 [00:06<02:31,  3.10it/s][A
Train 19/30:   5%|▍         | 23/489 [00:07<02:29,  3.12it/s][A
Train 19/30:   6%|▌         | 27/489 [00:08<02:27,  3.13it/s][A
Train 19/30:   6%|▋         | 31/489 [00:10<02:26,  3.14it/s][A
Train 19/30:   7%|▋         | 35/489 [00:11<02:24,  3.14it/s][A
Train 19/30:   8%|▊         | 39/489 [00:12<02:23,  3.14it/s][A
Train 19/30:   9%|▉         | 43/489 [00:13<02:21,  3.14it/s][A
Train 19/30:  10%|▉         | 47/489 [00:15<02:20,  3.15it/s][A
Train 19/30:  10%|█         | 51/489 [00:16<02:19,  3.14it/s][A
Train 19/30:  11%|█         | 55/489 [00:17<02:18,  3.14it/s][A
Train 19/30:  12%|█▏        | 59/489 [00:18<02:16,  3.14it/s][A
Train 19/30:  13%|█▎        | 63/489 [00:20<02:15,  3.15it/s][A
Train 19/30:  14%|█▎        | 67/489 [00:21<02:14,  3.15it/s][A
Train 19/30:  15%|█▍        | 71/489 [00:22<02:12,  3.15it/s][A
Train 19/30:  15%|█▌        | 75/489 [00:24<02:11,  3.15it/s][A
Train 19/30:  16%|█▌        | 79/489 [00:25<02:10,  3.15it/s][A
Train 19/30:  17%|█▋        | 83/489 [00:26<02:08,  3.15it/s][A
Train 19/30:  18%|█▊        | 87/489 [00:27<02:07,  3.15it/s][A
Train 19/30:  19%|█▊        | 91/489 [00:29<02:06,  3.15it/s][A
Train 19/30:  19%|█▉        | 95/489 [00:30<02:05,  3.15it/s][A
Train 19/30:  20%|██        | 99/489 [00:31<02:03,  3.15it/s][A
Train 19/30:  21%|██        | 103/489 [00:32<02:02,  3.15it/s][A
Train 19/30:  22%|██▏       | 107/489 [00:34<02:01,  3.15it/s][A
Train 19/30:  23%|██▎       | 111/489 [00:35<02:00,  3.15it/s][A
Train 19/30:  24%|██▎       | 115/489 [00:36<01:58,  3.15it/s][A
Train 19/30:  24%|██▍       | 119/489 [00:38<01:57,  3.15it/s][A
Train 19/30:  25%|██▌       | 123/489 [00:39<01:56,  3.15it/s][A
Train 19/30:  26%|██▌       | 127/489 [00:40<01:54,  3.15it/s][A
Train 19/30:  27%|██▋       | 131/489 [00:41<01:53,  3.15it/s][A
Train 19/30:  28%|██▊       | 135/489 [00:43<01:52,  3.15it/s][A
Train 19/30:  28%|██▊       | 139/489 [00:44<01:51,  3.15it/s][A
Train 19/30:  29%|██▉       | 143/489 [00:45<01:49,  3.15it/s][A
Train 19/30:  30%|███       | 147/489 [00:46<01:48,  3.15it/s][A
Train 19/30:  31%|███       | 151/489 [00:48<01:47,  3.15it/s][A
Train 19/30:  32%|███▏      | 155/489 [00:49<01:46,  3.15it/s][A
Train 19/30:  33%|███▎      | 159/489 [00:50<01:44,  3.15it/s][A
Train 19/30:  33%|███▎      | 163/489 [00:52<01:43,  3.15it/s][A
Train 19/30:  34%|███▍      | 167/489 [00:53<01:42,  3.15it/s][A
Train 19/30:  35%|███▍      | 171/489 [00:54<01:41,  3.15it/s][A
Train 19/30:  36%|███▌      | 175/489 [00:55<01:39,  3.15it/s][A
Train 19/30:  37%|███▋      | 179/489 [00:57<01:38,  3.15it/s][A
Train 19/30:  37%|███▋      | 183/489 [00:58<01:37,  3.15it/s][A
Train 19/30:  38%|███▊      | 187/489 [00:59<01:35,  3.15it/s][A
Train 19/30:  39%|███▉      | 191/489 [01:00<01:34,  3.15it/s][A
Train 19/30:  40%|███▉      | 195/489 [01:02<01:33,  3.15it/s][A
Train 19/30:  41%|████      | 199/489 [01:03<01:32,  3.15it/s][A
Train 19/30:  42%|████▏     | 203/489 [01:04<01:30,  3.15it/s][A
Train 19/30:  42%|████▏     | 207/489 [01:05<01:29,  3.15it/s][A
Train 19/30:  43%|████▎     | 211/489 [01:07<01:28,  3.15it/s][A
Train 19/30:  44%|████▍     | 215/489 [01:08<01:26,  3.15it/s][A
Train 19/30:  45%|████▍     | 219/489 [01:09<01:25,  3.15it/s][A
Train 19/30:  46%|████▌     | 223/489 [01:11<01:24,  3.15it/s][A
Train 19/30:  46%|████▋     | 227/489 [01:12<01:23,  3.15it/s][A
Train 19/30:  47%|████▋     | 231/489 [01:13<01:21,  3.15it/s][A
Train 19/30:  48%|████▊     | 235/489 [01:14<01:20,  3.15it/s][A
Train 19/30:  49%|████▉     | 239/489 [01:16<01:19,  3.15it/s][A
Train 19/30:  50%|████▉     | 243/489 [01:17<01:18,  3.15it/s][A
Train 19/30:  51%|█████     | 247/489 [01:18<01:16,  3.15it/s][A
Train 19/30:  51%|█████▏    | 251/489 [01:19<01:15,  3.15it/s][A
Train 19/30:  52%|█████▏    | 255/489 [01:21<01:14,  3.15it/s][A
Train 19/30:  53%|█████▎    | 259/489 [01:22<01:12,  3.15it/s][A
Train 19/30:  54%|█████▍    | 263/489 [01:23<01:11,  3.15it/s][A
Train 19/30:  55%|█████▍    | 267/489 [01:25<01:10,  3.15it/s][A
Train 19/30:  55%|█████▌    | 271/489 [01:26<01:09,  3.15it/s][A
Train 19/30:  56%|█████▌    | 275/489 [01:27<01:07,  3.15it/s][A
Train 19/30:  57%|█████▋    | 279/489 [01:28<01:06,  3.15it/s][A
Train 19/30:  58%|█████▊    | 283/489 [01:30<01:05,  3.15it/s][A
Train 19/30:  59%|█████▊    | 287/489 [01:31<01:04,  3.15it/s][A
Train 19/30:  60%|█████▉    | 291/489 [01:32<01:02,  3.15it/s][A
Train 19/30:  60%|██████    | 295/489 [01:33<01:01,  3.15it/s][A
Train 19/30:  61%|██████    | 299/489 [01:35<01:00,  3.15it/s][A
Train 19/30:  62%|██████▏   | 303/489 [01:36<00:59,  3.15it/s][A
Train 19/30:  63%|██████▎   | 307/489 [01:37<00:57,  3.15it/s][A
Train 19/30:  64%|██████▎   | 311/489 [01:39<00:56,  3.15it/s][A
Train 19/30:  64%|██████▍   | 315/489 [01:40<00:55,  3.15it/s][A
Train 19/30:  65%|██████▌   | 319/489 [01:41<00:53,  3.15it/s][A
Train 19/30:  66%|██████▌   | 323/489 [01:42<00:52,  3.15it/s][A
Train 19/30:  67%|██████▋   | 327/489 [01:44<00:51,  3.15it/s][A
Train 19/30:  68%|██████▊   | 331/489 [01:45<00:50,  3.15it/s][A
Train 19/30:  69%|██████▊   | 335/489 [01:46<00:48,  3.15it/s][A
Train 19/30:  69%|██████▉   | 339/489 [01:47<00:47,  3.15it/s][A
Train 19/30:  70%|███████   | 343/489 [01:49<00:46,  3.15it/s][A
Train 19/30:  71%|███████   | 347/489 [01:50<00:45,  3.15it/s][A
Train 19/30:  72%|███████▏  | 351/489 [01:51<00:43,  3.15it/s][A
Train 19/30:  73%|███████▎  | 355/489 [01:52<00:42,  3.15it/s][A
Train 19/30:  73%|███████▎  | 359/489 [01:54<00:41,  3.15it/s][A
Train 19/30:  74%|███████▍  | 363/489 [01:55<00:39,  3.15it/s][A
Train 19/30:  75%|███████▌  | 367/489 [01:56<00:38,  3.15it/s][A
Train 19/30:  76%|███████▌  | 371/489 [01:58<00:37,  3.14it/s][A
Train 19/30:  77%|███████▋  | 375/489 [01:59<00:36,  3.15it/s][A
Train 19/30:  78%|███████▊  | 379/489 [02:00<00:34,  3.14it/s][A
Train 19/30:  78%|███████▊  | 383/489 [02:01<00:33,  3.14it/s][A
Train 19/30:  79%|███████▉  | 387/489 [02:03<00:32,  3.15it/s][A
Train 19/30:  80%|███████▉  | 391/489 [02:04<00:31,  3.15it/s][A
Train 19/30:  81%|████████  | 395/489 [02:05<00:29,  3.14it/s][A
Train 19/30:  82%|████████▏ | 399/489 [02:06<00:28,  3.14it/s][A
Train 19/30:  82%|████████▏ | 403/489 [02:08<00:27,  3.15it/s][A
Train 19/30:  83%|████████▎ | 407/489 [02:09<00:26,  3.15it/s][A
Train 19/30:  84%|████████▍ | 411/489 [02:10<00:24,  3.15it/s][A
Train 19/30:  85%|████████▍ | 415/489 [02:12<00:23,  3.15it/s][A
Train 19/30:  86%|████████▌ | 419/489 [02:13<00:22,  3.15it/s][A
Train 19/30:  87%|████████▋ | 423/489 [02:14<00:20,  3.15it/s][A
Train 19/30:  87%|████████▋ | 427/489 [02:15<00:19,  3.15it/s][A
Train 19/30:  88%|████████▊ | 431/489 [02:17<00:18,  3.15it/s][A
Train 19/30:  89%|████████▉ | 435/489 [02:18<00:17,  3.15it/s][A
Train 19/30:  90%|████████▉ | 439/489 [02:19<00:15,  3.15it/s][A
Train 19/30:  91%|█████████ | 443/489 [02:20<00:14,  3.15it/s][A
Train 19/30:  91%|█████████▏| 447/489 [02:22<00:13,  3.15it/s][A
Train 19/30:  92%|█████████▏| 451/489 [02:23<00:12,  3.15it/s][A
Train 19/30:  93%|█████████▎| 455/489 [02:24<00:10,  3.15it/s][A
Train 19/30:  94%|█████████▍| 459/489 [02:26<00:09,  3.15it/s][A
Train 19/30:  95%|█████████▍| 463/489 [02:27<00:08,  3.15it/s][A
Train 19/30:  96%|█████████▌| 467/489 [02:28<00:06,  3.15it/s][A
Train 19/30:  96%|█████████▋| 471/489 [02:29<00:05,  3.15it/s][A
Train 19/30:  97%|█████████▋| 475/489 [02:31<00:04,  3.15it/s][A
Train 19/30:  98%|█████████▊| 479/489 [02:32<00:03,  3.15it/s][A
Train 19/30:  99%|█████████▉| 483/489 [02:33<00:01,  3.15it/s][A
Train 19/30: 100%|█████████▉| 487/489 [02:34<00:00,  3.15it/s][A
                                                              [A
Val:   0%|          | 0/29 [00:00<?, ?it/s][A
Val:  28%|██▊       | 8/29 [00:01<00:02,  7.58it/s][A
Val:  76%|███████▌  | 22/29 [00:02<00:00, 11.14it/s][A
                                                    [AEpochs:  60%|██████    | 18/30 [52:06<32:50, 164.23s/it, lat_cos=0.165, lr=3.00e-04, pstd=0.3615, train=0.003960, val=0.003818]Epoch 19 | train MSE: 0.003960 | val MSE: 0.003818 | latent_cos: 0.165 (<0.7=escaped) | pred_std: 0.3615 (>0.04=content) | train_clip_offset=16 | lr: 3.00e-04
                                                                                                                               Saved checkpoint to runs/gridworld-tok-v2/tokenizer.pt
Epochs:  60%|██████    | 18/30 [52:06<32:50, 164.23s/it, lat_cos=0.165, lr=3.00e-04, pstd=0.3615, train=0.003960, val=0.003818]Epochs:  63%|██████▎   | 19/30 [52:06<29:46, 162.41s/it, lat_cos=0.165, lr=3.00e-04, pstd=0.3615, train=0.003960, val=0.003818]
Train 20/30:   0%|          | 0/534 [00:00<?, ?it/s][A
Train 20/30:   1%|          | 3/534 [00:01<03:50,  2.30it/s][A
Train 20/30:   1%|▏         | 7/534 [00:02<03:08,  2.79it/s][A
Train 20/30:   2%|▏         | 11/534 [00:03<02:56,  2.96it/s][A
Train 20/30:   3%|▎         | 15/534 [00:05<02:51,  3.03it/s][A
Train 20/30:   4%|▎         | 19/534 [00:06<02:47,  3.07it/s][A
Train 20/30:   4%|▍         | 23/534 [00:07<02:44,  3.10it/s][A
Train 20/30:   5%|▌         | 27/534 [00:08<02:42,  3.11it/s][A
Train 20/30:   6%|▌         | 31/534 [00:10<02:40,  3.12it/s][A
Train 20/30:   7%|▋         | 35/534 [00:11<02:39,  3.13it/s][A
Train 20/30:   7%|▋         | 39/534 [00:12<02:37,  3.14it/s][A
Train 20/30:   8%|▊         | 43/534 [00:14<02:36,  3.14it/s][A
Train 20/30:   9%|▉         | 47/534 [00:15<02:34,  3.14it/s][A
Train 20/30:  10%|▉         | 51/534 [00:16<02:33,  3.15it/s][A
Train 20/30:  10%|█         | 55/534 [00:17<02:32,  3.15it/s][A
Train 20/30:  11%|█         | 59/534 [00:19<02:31,  3.14it/s][A
Train 20/30:  12%|█▏        | 63/534 [00:20<02:29,  3.15it/s][A
Train 20/30:  13%|█▎        | 67/534 [00:21<02:28,  3.14it/s][A
Train 20/30:  13%|█▎        | 71/534 [00:22<02:27,  3.14it/s][A
Train 20/30:  14%|█▍        | 75/534 [00:24<02:25,  3.14it/s][A
Train 20/30:  15%|█▍        | 79/534 [00:25<02:24,  3.15it/s][A
Train 20/30:  16%|█▌        | 83/534 [00:26<02:23,  3.15it/s][A
Train 20/30:  16%|█▋        | 87/534 [00:27<02:21,  3.15it/s][A
Train 20/30:  17%|█▋        | 91/534 [00:29<02:20,  3.15it/s][A
Train 20/30:  18%|█▊        | 95/534 [00:30<02:19,  3.15it/s][A
Train 20/30:  19%|█▊        | 99/534 [00:31<02:18,  3.15it/s][A
Train 20/30:  19%|█▉        | 103/534 [00:33<02:16,  3.15it/s][A
Train 20/30:  20%|██        | 107/534 [00:34<02:15,  3.15it/s][A
Train 20/30:  21%|██        | 111/534 [00:35<02:14,  3.15it/s][A
Train 20/30:  22%|██▏       | 115/534 [00:36<02:13,  3.15it/s][A
Train 20/30:  22%|██▏       | 119/534 [00:38<02:11,  3.15it/s][A
Train 20/30:  23%|██▎       | 123/534 [00:39<02:10,  3.15it/s][A
Train 20/30:  24%|██▍       | 127/534 [00:40<02:09,  3.15it/s][A
Train 20/30:  25%|██▍       | 131/534 [00:41<02:08,  3.15it/s][A
Train 20/30:  25%|██▌       | 135/534 [00:43<02:06,  3.15it/s][A
Train 20/30:  26%|██▌       | 139/534 [00:44<02:05,  3.15it/s][A
Train 20/30:  27%|██▋       | 143/534 [00:45<02:04,  3.15it/s][A
Train 20/30:  28%|██▊       | 147/534 [00:47<02:02,  3.15it/s][A
Train 20/30:  28%|██▊       | 151/534 [00:48<02:01,  3.15it/s][A
Train 20/30:  29%|██▉       | 155/534 [00:49<02:00,  3.15it/s][A
Train 20/30:  30%|██▉       | 159/534 [00:50<01:59,  3.15it/s][A
Train 20/30:  31%|███       | 163/534 [00:52<01:57,  3.15it/s][A
Train 20/30:  31%|███▏      | 167/534 [00:53<01:56,  3.15it/s][A
Train 20/30:  32%|███▏      | 171/534 [00:54<01:55,  3.15it/s][A
Train 20/30:  33%|███▎      | 175/534 [00:55<01:53,  3.15it/s][A
Train 20/30:  34%|███▎      | 179/534 [00:57<01:52,  3.15it/s][A
Train 20/30:  34%|███▍      | 183/534 [00:58<01:51,  3.15it/s][A
Train 20/30:  35%|███▌      | 187/534 [00:59<01:50,  3.15it/s][A
Train 20/30:  36%|███▌      | 191/534 [01:01<01:48,  3.15it/s][A
Train 20/30:  37%|███▋      | 195/534 [01:02<01:47,  3.15it/s][A
Train 20/30:  37%|███▋      | 199/534 [01:03<01:46,  3.15it/s][A
Train 20/30:  38%|███▊      | 203/534 [01:04<01:45,  3.15it/s][A
Train 20/30:  39%|███▉      | 207/534 [01:06<01:43,  3.15it/s][A
Train 20/30:  40%|███▉      | 211/534 [01:07<01:42,  3.15it/s][A
Train 20/30:  40%|████      | 215/534 [01:08<01:41,  3.15it/s][A
Train 20/30:  41%|████      | 219/534 [01:09<01:40,  3.15it/s][A
Train 20/30:  42%|████▏     | 223/534 [01:11<01:38,  3.15it/s][A
Train 20/30:  43%|████▎     | 227/534 [01:12<01:37,  3.15it/s][A
Train 20/30:  43%|████▎     | 231/534 [01:13<01:36,  3.15it/s][A
Train 20/30:  44%|████▍     | 235/534 [01:14<01:34,  3.15it/s][A
Train 20/30:  45%|████▍     | 239/534 [01:16<01:33,  3.15it/s][A
Train 20/30:  46%|████▌     | 243/534 [01:17<01:32,  3.15it/s][A
Train 20/30:  46%|████▋     | 247/534 [01:18<01:31,  3.15it/s][A
Train 20/30:  47%|████▋     | 251/534 [01:20<01:29,  3.15it/s][A
Train 20/30:  48%|████▊     | 255/534 [01:21<01:28,  3.15it/s][A
Train 20/30:  49%|████▊     | 259/534 [01:22<01:27,  3.15it/s][A
Train 20/30:  49%|████▉     | 263/534 [01:23<01:25,  3.15it/s][A
Train 20/30:  50%|█████     | 267/534 [01:25<01:24,  3.15it/s][A
Train 20/30:  51%|█████     | 271/534 [01:26<01:23,  3.15it/s][A
Train 20/30:  51%|█████▏    | 275/534 [01:27<01:22,  3.15it/s][A
Train 20/30:  52%|█████▏    | 279/534 [01:28<01:20,  3.15it/s][A
Train 20/30:  53%|█████▎    | 283/534 [01:30<01:19,  3.15it/s][A
Train 20/30:  54%|█████▎    | 287/534 [01:31<01:18,  3.15it/s][A
Train 20/30:  54%|█████▍    | 291/534 [01:32<01:17,  3.15it/s][A
Train 20/30:  55%|█████▌    | 295/534 [01:34<01:15,  3.15it/s][A
Train 20/30:  56%|█████▌    | 299/534 [01:35<01:14,  3.15it/s][A
Train 20/30:  57%|█████▋    | 303/534 [01:36<01:13,  3.15it/s][A
Train 20/30:  57%|█████▋    | 307/534 [01:37<01:12,  3.15it/s][A
Train 20/30:  58%|█████▊    | 311/534 [01:39<01:10,  3.15it/s][A
Train 20/30:  59%|█████▉    | 315/534 [01:40<01:09,  3.15it/s][A
Train 20/30:  60%|█████▉    | 319/534 [01:41<01:08,  3.15it/s][A
Train 20/30:  60%|██████    | 323/534 [01:42<01:07,  3.14it/s][A
Train 20/30:  61%|██████    | 327/534 [01:44<01:05,  3.14it/s][A
Train 20/30:  62%|██████▏   | 331/534 [01:45<01:04,  3.15it/s][A
Train 20/30:  63%|██████▎   | 335/534 [01:46<01:03,  3.15it/s][A
Train 20/30:  63%|██████▎   | 339/534 [01:47<01:01,  3.15it/s][A
Train 20/30:  64%|██████▍   | 343/534 [01:49<01:00,  3.15it/s][A
Train 20/30:  65%|██████▍   | 347/534 [01:50<00:59,  3.14it/s][A
Train 20/30:  66%|██████▌   | 351/534 [01:51<00:58,  3.14it/s][A
Train 20/30:  66%|██████▋   | 355/534 [01:53<00:56,  3.14it/s][A
Train 20/30:  67%|██████▋   | 359/534 [01:54<00:55,  3.14it/s][A
Train 20/30:  68%|██████▊   | 363/534 [01:55<00:54,  3.14it/s][A
Train 20/30:  69%|██████▊   | 367/534 [01:56<00:53,  3.14it/s][A
Train 20/30:  69%|██████▉   | 371/534 [01:58<00:51,  3.14it/s][A
Train 20/30:  70%|███████   | 375/534 [01:59<00:50,  3.14it/s][A
Train 20/30:  71%|███████   | 379/534 [02:00<00:49,  3.14it/s][A
Train 20/30:  72%|███████▏  | 383/534 [02:02<00:48,  3.14it/s][A
Train 20/30:  72%|███████▏  | 387/534 [02:03<00:46,  3.14it/s][A
Train 20/30:  73%|███████▎  | 391/534 [02:04<00:45,  3.15it/s][A
Train 20/30:  74%|███████▍  | 395/534 [02:05<00:44,  3.14it/s][A
Train 20/30:  75%|███████▍  | 399/534 [02:07<00:42,  3.14it/s][A
Train 20/30:  75%|███████▌  | 403/534 [02:08<00:41,  3.14it/s][A
Train 20/30:  76%|███████▌  | 407/534 [02:09<00:40,  3.14it/s][A
Train 20/30:  77%|███████▋  | 411/534 [02:10<00:39,  3.14it/s][A
Train 20/30:  78%|███████▊  | 415/534 [02:12<00:37,  3.14it/s][A
Train 20/30:  78%|███████▊  | 419/534 [02:13<00:36,  3.15it/s][A
Train 20/30:  79%|███████▉  | 423/534 [02:14<00:35,  3.15it/s][A
Train 20/30:  80%|███████▉  | 427/534 [02:15<00:34,  3.15it/s][A
Train 20/30:  81%|████████  | 431/534 [02:17<00:32,  3.15it/s][A
Train 20/30:  81%|████████▏ | 435/534 [02:18<00:31,  3.15it/s][A
Train 20/30:  82%|████████▏ | 439/534 [02:19<00:30,  3.15it/s][A
Train 20/30:  83%|████████▎ | 443/534 [02:21<00:28,  3.15it/s][A
Train 20/30:  84%|████████▎ | 447/534 [02:22<00:27,  3.15it/s][A
Train 20/30:  84%|████████▍ | 451/534 [02:23<00:26,  3.15it/s][A
Train 20/30:  85%|████████▌ | 455/534 [02:24<00:25,  3.14it/s][A
Train 20/30:  86%|████████▌ | 459/534 [02:26<00:23,  3.15it/s][A
Train 20/30:  87%|████████▋ | 463/534 [02:27<00:22,  3.15it/s][A
Train 20/30:  87%|████████▋ | 467/534 [02:28<00:21,  3.15it/s][A
Train 20/30:  88%|████████▊ | 471/534 [02:29<00:20,  3.15it/s][A
Train 20/30:  89%|████████▉ | 475/534 [02:31<00:18,  3.15it/s][A
Train 20/30:  90%|████████▉ | 479/534 [02:32<00:17,  3.15it/s][A
Train 20/30:  90%|█████████ | 483/534 [02:33<00:16,  3.15it/s][A
Train 20/30:  91%|█████████ | 487/534 [02:35<00:14,  3.15it/s][A
Train 20/30:  92%|█████████▏| 491/534 [02:36<00:13,  3.15it/s][A
Train 20/30:  93%|█████████▎| 495/534 [02:37<00:12,  3.15it/s][A
Train 20/30:  93%|█████████▎| 499/534 [02:38<00:11,  3.15it/s][A
Train 20/30:  94%|█████████▍| 503/534 [02:40<00:09,  3.15it/s][A
Train 20/30:  95%|█████████▍| 507/534 [02:41<00:08,  3.15it/s][A
Train 20/30:  96%|█████████▌| 511/534 [02:42<00:07,  3.15it/s][A
Train 20/30:  96%|█████████▋| 515/534 [02:43<00:06,  3.15it/s][A
Train 20/30:  97%|█████████▋| 519/534 [02:45<00:04,  3.15it/s][A
Train 20/30:  98%|█████████▊| 523/534 [02:46<00:03,  3.16it/s][A
Train 20/30:  99%|█████████▊| 527/534 [02:47<00:02,  3.15it/s][A
Train 20/30:  99%|█████████▉| 531/534 [02:49<00:00,  3.15it/s][A
                                                              [A
Val:   0%|          | 0/29 [00:00<?, ?it/s][A
Val:  28%|██▊       | 8/29 [00:01<00:02,  7.78it/s][A
Val:  76%|███████▌  | 22/29 [00:02<00:00, 11.25it/s][A
                                                    [AEpochs:  63%|██████▎   | 19/30 [54:58<29:46, 162.41s/it, lat_cos=0.175, lr=3.00e-04, pstd=0.3607, train=0.003928, val=0.003867]Epoch 20 | train MSE: 0.003928 | val MSE: 0.003867 | latent_cos: 0.175 (<0.7=escaped) | pred_std: 0.3607 (>0.04=content) | train_clip_offset=5 | lr: 3.00e-04
                                                                                                                               Saved checkpoint to runs/gridworld-tok-v2/tokenizer.pt
Epochs:  63%|██████▎   | 19/30 [54:58<29:46, 162.41s/it, lat_cos=0.175, lr=3.00e-04, pstd=0.3607, train=0.003928, val=0.003867]Epochs:  67%|██████▋   | 20/30 [54:58<27:34, 165.46s/it, lat_cos=0.175, lr=3.00e-04, pstd=0.3607, train=0.003928, val=0.003867]
Train 21/30:   0%|          | 0/534 [00:00<?, ?it/s][A
Train 21/30:   0%|          | 2/534 [00:01<04:46,  1.86it/s][A
Train 21/30:   1%|          | 6/534 [00:02<03:17,  2.67it/s][A
Train 21/30:   2%|▏         | 10/534 [00:03<03:00,  2.90it/s][A
Train 21/30:   3%|▎         | 14/534 [00:04<02:53,  3.00it/s][A
Train 21/30:   3%|▎         | 18/534 [00:06<02:48,  3.06it/s][A
Train 21/30:   4%|▍         | 22/534 [00:07<02:45,  3.09it/s][A
Train 21/30:   5%|▍         | 26/534 [00:08<02:43,  3.11it/s][A
Train 21/30:   6%|▌         | 30/534 [00:09<02:41,  3.12it/s][A
Train 21/30:   6%|▋         | 34/534 [00:11<02:39,  3.13it/s][A
Train 21/30:   7%|▋         | 38/534 [00:12<02:38,  3.14it/s][A
Train 21/30:   8%|▊         | 42/534 [00:13<02:36,  3.14it/s][A
Train 21/30:   9%|▊         | 46/534 [00:15<02:35,  3.14it/s][A
Train 21/30:   9%|▉         | 50/534 [00:16<02:33,  3.14it/s][A
Train 21/30:  10%|█         | 54/534 [00:17<02:32,  3.14it/s][A
Train 21/30:  11%|█         | 58/534 [00:18<02:31,  3.15it/s][A
Train 21/30:  12%|█▏        | 62/534 [00:20<02:29,  3.15it/s][A
Train 21/30:  12%|█▏        | 66/534 [00:21<02:28,  3.15it/s][A
Train 21/30:  13%|█▎        | 70/534 [00:22<02:27,  3.15it/s][A
Train 21/30:  14%|█▍        | 74/534 [00:23<02:25,  3.15it/s][A
Train 21/30:  15%|█▍        | 78/534 [00:25<02:24,  3.15it/s][A
Train 21/30:  15%|█▌        | 82/534 [00:26<02:23,  3.15it/s][A
Train 21/30:  16%|█▌        | 86/534 [00:27<02:22,  3.15it/s][A
Train 21/30:  17%|█▋        | 90/534 [00:29<02:20,  3.15it/s][A
Train 21/30:  18%|█▊        | 94/534 [00:30<02:19,  3.15it/s][A
Train 21/30:  18%|█▊        | 98/534 [00:31<02:18,  3.15it/s][A
Train 21/30:  19%|█▉        | 102/534 [00:32<02:17,  3.15it/s][A
Train 21/30:  20%|█▉        | 106/534 [00:34<02:15,  3.15it/s][A
Train 21/30:  21%|██        | 110/534 [00:35<02:14,  3.15it/s][A
Train 21/30:  21%|██▏       | 114/534 [00:36<02:13,  3.15it/s][A
Train 21/30:  22%|██▏       | 118/534 [00:37<02:12,  3.15it/s][A
Train 21/30:  23%|██▎       | 122/534 [00:39<02:10,  3.15it/s][A
Train 21/30:  24%|██▎       | 126/534 [00:40<02:09,  3.15it/s][A
Train 21/30:  24%|██▍       | 130/534 [00:41<02:08,  3.15it/s][A
Train 21/30:  25%|██▌       | 134/534 [00:42<02:06,  3.15it/s][A
Train 21/30:  26%|██▌       | 138/534 [00:44<02:05,  3.15it/s][A
Train 21/30:  27%|██▋       | 142/534 [00:45<02:04,  3.15it/s][A
Train 21/30:  27%|██▋       | 146/534 [00:46<02:03,  3.15it/s][A
Train 21/30:  28%|██▊       | 150/534 [00:48<02:01,  3.15it/s][A
Train 21/30:  29%|██▉       | 154/534 [00:49<02:00,  3.15it/s][A
Train 21/30:  30%|██▉       | 158/534 [00:50<01:59,  3.15it/s][A
Train 21/30:  30%|███       | 162/534 [00:51<01:58,  3.15it/s][A
Train 21/30:  31%|███       | 166/534 [00:53<01:56,  3.15it/s][A
Train 21/30:  32%|███▏      | 170/534 [00:54<01:55,  3.15it/s][A
Train 21/30:  33%|███▎      | 174/534 [00:55<01:54,  3.15it/s][A
Train 21/30:  33%|███▎      | 178/534 [00:56<01:53,  3.15it/s][A
Train 21/30:  34%|███▍      | 182/534 [00:58<01:51,  3.15it/s][A
Train 21/30:  35%|███▍      | 186/534 [00:59<01:50,  3.15it/s][A
Train 21/30:  36%|███▌      | 190/534 [01:00<01:49,  3.15it/s][A
Train 21/30:  36%|███▋      | 194/534 [01:02<01:47,  3.15it/s][A
Train 21/30:  37%|███▋      | 198/534 [01:03<01:46,  3.15it/s][A
Train 21/30:  38%|███▊      | 202/534 [01:04<01:45,  3.15it/s][A
Train 21/30:  39%|███▊      | 206/534 [01:05<01:44,  3.15it/s][A
Train 21/30:  39%|███▉      | 210/534 [01:07<01:42,  3.15it/s][A
Train 21/30:  40%|████      | 214/534 [01:08<01:41,  3.15it/s][A
Train 21/30:  41%|████      | 218/534 [01:09<01:40,  3.15it/s][A
Train 21/30:  42%|████▏     | 222/534 [01:10<01:39,  3.15it/s][A
Train 21/30:  42%|████▏     | 226/534 [01:12<01:37,  3.15it/s][A
Train 21/30:  43%|████▎     | 230/534 [01:13<01:36,  3.15it/s][A
Train 21/30:  44%|████▍     | 234/534 [01:14<01:35,  3.15it/s][A
Train 21/30:  45%|████▍     | 238/534 [01:16<01:34,  3.15it/s][A
Train 21/30:  45%|████▌     | 242/534 [01:17<01:32,  3.15it/s][A
Train 21/30:  46%|████▌     | 246/534 [01:18<01:31,  3.15it/s][A
Train 21/30:  47%|████▋     | 250/534 [01:19<01:30,  3.15it/s][A
Train 21/30:  48%|████▊     | 254/534 [01:21<01:28,  3.15it/s][A
Train 21/30:  48%|████▊     | 258/534 [01:22<01:27,  3.15it/s][A
Train 21/30:  49%|████▉     | 262/534 [01:23<01:26,  3.15it/s][A
Train 21/30:  50%|████▉     | 266/534 [01:24<01:25,  3.15it/s][A
Train 21/30:  51%|█████     | 270/534 [01:26<01:23,  3.15it/s][A
Train 21/30:  51%|█████▏    | 274/534 [01:27<01:22,  3.15it/s][A
Train 21/30:  52%|█████▏    | 278/534 [01:28<01:21,  3.15it/s][A
Train 21/30:  53%|█████▎    | 282/534 [01:29<01:20,  3.15it/s][A
Train 21/30:  54%|█████▎    | 286/534 [01:31<01:18,  3.15it/s][A
Train 21/30:  54%|█████▍    | 290/534 [01:32<01:17,  3.14it/s][A
Train 21/30:  55%|█████▌    | 294/534 [01:33<01:16,  3.15it/s][A
Train 21/30:  56%|█████▌    | 298/534 [01:35<01:14,  3.15it/s][A
Train 21/30:  57%|█████▋    | 302/534 [01:36<01:13,  3.15it/s][A
Train 21/30:  57%|█████▋    | 306/534 [01:37<01:12,  3.15it/s][A
Train 21/30:  58%|█████▊    | 310/534 [01:38<01:11,  3.15it/s][A
Train 21/30:  59%|█████▉    | 314/534 [01:40<01:09,  3.15it/s][A
Train 21/30:  60%|█████▉    | 318/534 [01:41<01:08,  3.15it/s][A
Train 21/30:  60%|██████    | 322/534 [01:42<01:07,  3.15it/s][A
Train 21/30:  61%|██████    | 326/534 [01:43<01:06,  3.15it/s][A
Train 21/30:  62%|██████▏   | 330/534 [01:45<01:04,  3.15it/s][A
Train 21/30:  63%|██████▎   | 334/534 [01:46<01:03,  3.15it/s][A
Train 21/30:  63%|██████▎   | 338/534 [01:47<01:02,  3.15it/s][A
Train 21/30:  64%|██████▍   | 342/534 [01:49<01:00,  3.15it/s][A
Train 21/30:  65%|██████▍   | 346/534 [01:50<00:59,  3.15it/s][A
Train 21/30:  66%|██████▌   | 350/534 [01:51<00:58,  3.15it/s][A
Train 21/30:  66%|██████▋   | 354/534 [01:52<00:57,  3.15it/s][A
Train 21/30:  67%|██████▋   | 358/534 [01:54<00:55,  3.15it/s][A
Train 21/30:  68%|██████▊   | 362/534 [01:55<00:54,  3.15it/s][A
Train 21/30:  69%|██████▊   | 366/534 [01:56<00:53,  3.15it/s][A
Train 21/30:  69%|██████▉   | 370/534 [01:57<00:52,  3.15it/s][A
Train 21/30:  70%|███████   | 374/534 [01:59<00:50,  3.15it/s][A
Train 21/30:  71%|███████   | 378/534 [02:00<00:49,  3.15it/s][A
Train 21/30:  72%|███████▏  | 382/534 [02:01<00:48,  3.15it/s][A
Train 21/30:  72%|███████▏  | 386/534 [02:03<00:47,  3.14it/s][A
Train 21/30:  73%|███████▎  | 390/534 [02:04<00:45,  3.14it/s][A
Train 21/30:  74%|███████▍  | 394/534 [02:05<00:44,  3.14it/s][A
Train 21/30:  75%|███████▍  | 398/534 [02:06<00:43,  3.14it/s][A
Train 21/30:  75%|███████▌  | 402/534 [02:08<00:42,  3.14it/s][A
Train 21/30:  76%|███████▌  | 406/534 [02:09<00:40,  3.14it/s][A
Train 21/30:  77%|███████▋  | 410/534 [02:10<00:39,  3.14it/s][A
Train 21/30:  78%|███████▊  | 414/534 [02:11<00:38,  3.14it/s][A
Train 21/30:  78%|███████▊  | 418/534 [02:13<00:37,  3.13it/s][A
Train 21/30:  79%|███████▉  | 422/534 [02:14<00:35,  3.13it/s][A
Train 21/30:  80%|███████▉  | 426/534 [02:15<00:34,  3.13it/s][A
Train 21/30:  81%|████████  | 430/534 [02:17<00:33,  3.13it/s][A
Train 21/30:  81%|████████▏ | 434/534 [02:18<00:31,  3.13it/s][A
Train 21/30:  82%|████████▏ | 438/534 [02:19<00:30,  3.12it/s][A
Train 21/30:  83%|████████▎ | 442/534 [02:20<00:29,  3.12it/s][A
Train 21/30:  84%|████████▎ | 446/534 [02:22<00:28,  3.12it/s][A
Train 21/30:  84%|████████▍ | 450/534 [02:23<00:26,  3.11it/s][A
Train 21/30:  85%|████████▌ | 454/534 [02:24<00:25,  3.12it/s][A
Train 21/30:  86%|████████▌ | 458/534 [02:26<00:24,  3.12it/s][A
Train 21/30:  87%|████████▋ | 462/534 [02:27<00:23,  3.12it/s][A
Train 21/30:  87%|████████▋ | 466/534 [02:28<00:21,  3.12it/s][A
Train 21/30:  88%|████████▊ | 470/534 [02:29<00:20,  3.12it/s][A
Train 21/30:  89%|████████▉ | 474/534 [02:31<00:19,  3.12it/s][A
Train 21/30:  90%|████████▉ | 478/534 [02:32<00:17,  3.12it/s][A
Train 21/30:  90%|█████████ | 482/534 [02:33<00:16,  3.12it/s][A
Train 21/30:  91%|█████████ | 486/534 [02:35<00:15,  3.13it/s][A
Train 21/30:  92%|█████████▏| 490/534 [02:36<00:14,  3.13it/s][A
Train 21/30:  93%|█████████▎| 494/534 [02:37<00:12,  3.13it/s][A
Train 21/30:  93%|█████████▎| 498/534 [02:38<00:11,  3.13it/s][A
Train 21/30:  94%|█████████▍| 502/534 [02:40<00:10,  3.14it/s][A
Train 21/30:  95%|█████████▍| 506/534 [02:41<00:08,  3.14it/s][A
Train 21/30:  96%|█████████▌| 510/534 [02:42<00:07,  3.15it/s][A
Train 21/30:  96%|█████████▋| 514/534 [02:43<00:06,  3.15it/s][A
Train 21/30:  97%|█████████▋| 518/534 [02:45<00:05,  3.15it/s][A
Train 21/30:  98%|█████████▊| 522/534 [02:46<00:03,  3.15it/s][A
Train 21/30:  99%|█████████▊| 526/534 [02:47<00:02,  3.15it/s][A
Train 21/30:  99%|█████████▉| 530/534 [02:48<00:01,  3.15it/s][A
Train 21/30: 100%|██████████| 534/534 [02:50<00:00,  3.15it/s][A
                                                              [A
Val:   0%|          | 0/29 [00:00<?, ?it/s][A
Val:  28%|██▊       | 8/29 [00:01<00:02,  7.58it/s][A
Val:  76%|███████▌  | 22/29 [00:02<00:00, 11.13it/s][A
                                                    [AEpochs:  67%|██████▋   | 20/30 [57:51<27:34, 165.46s/it, lat_cos=0.226, lr=3.00e-04, pstd=0.3626, train=0.008595, val=0.003897]Epoch 21 | train MSE: 0.008595 | val MSE: 0.003897 | latent_cos: 0.226 (<0.7=escaped) | pred_std: 0.3626 (>0.04=content) | train_clip_offset=5 | lr: 3.00e-04
                                                                                                                               Saved checkpoint to runs/gridworld-tok-v2/tokenizer.pt
Epochs:  67%|██████▋   | 20/30 [57:51<27:34, 165.46s/it, lat_cos=0.226, lr=3.00e-04, pstd=0.3626, train=0.008595, val=0.003897]Epochs:  70%|███████   | 21/30 [57:51<25:09, 167.73s/it, lat_cos=0.226, lr=3.00e-04, pstd=0.3626, train=0.008595, val=0.003897]
Train 22/30:   0%|          | 0/534 [00:00<?, ?it/s][A
Train 22/30:   0%|          | 2/534 [00:01<05:31,  1.60it/s][A
Train 22/30:   1%|          | 6/534 [00:02<03:30,  2.51it/s][A
Train 22/30:   2%|▏         | 10/534 [00:03<03:06,  2.80it/s][A
Train 22/30:   3%|▎         | 14/534 [00:05<02:56,  2.94it/s][A
Train 22/30:   3%|▎         | 18/534 [00:06<02:51,  3.02it/s][A
Train 22/30:   4%|▍         | 22/534 [00:07<02:47,  3.06it/s][A
Train 22/30:   5%|▍         | 26/534 [00:08<02:44,  3.09it/s][A
Train 22/30:   6%|▌         | 30/534 [00:10<02:42,  3.11it/s][A
Train 22/30:   6%|▋         | 34/534 [00:11<02:40,  3.12it/s][A
Train 22/30:   7%|▋         | 38/534 [00:12<02:38,  3.13it/s][A
Train 22/30:   8%|▊         | 42/534 [00:13<02:36,  3.13it/s][A
Train 22/30:   9%|▊         | 46/534 [00:15<02:35,  3.14it/s][A
Train 22/30:   9%|▉         | 50/534 [00:16<02:34,  3.14it/s][A
Train 22/30:  10%|█         | 54/534 [00:17<02:32,  3.14it/s][A
Train 22/30:  11%|█         | 58/534 [00:19<02:31,  3.15it/s][A
Train 22/30:  12%|█▏        | 62/534 [00:20<02:30,  3.15it/s][A
Train 22/30:  12%|█▏        | 66/534 [00:21<02:28,  3.15it/s][A
Train 22/30:  13%|█▎        | 70/534 [00:22<02:27,  3.14it/s][A
Train 22/30:  14%|█▍        | 74/534 [00:24<02:26,  3.14it/s][A
Train 22/30:  15%|█▍        | 78/534 [00:25<02:24,  3.15it/s][A
Train 22/30:  15%|█▌        | 82/534 [00:26<02:23,  3.15it/s][A
Train 22/30:  16%|█▌        | 86/534 [00:27<02:22,  3.15it/s][A
Train 22/30:  17%|█▋        | 90/534 [00:29<02:21,  3.15it/s][A
Train 22/30:  18%|█▊        | 94/534 [00:30<02:19,  3.15it/s][A
Train 22/30:  18%|█▊        | 98/534 [00:31<02:18,  3.15it/s][A
Train 22/30:  19%|█▉        | 102/534 [00:33<02:17,  3.15it/s][A
Train 22/30:  20%|█▉        | 106/534 [00:34<02:15,  3.15it/s][A
Train 22/30:  21%|██        | 110/534 [00:35<02:14,  3.14it/s][A
Train 22/30:  21%|██▏       | 114/534 [00:36<02:13,  3.15it/s][A
Train 22/30:  22%|██▏       | 118/534 [00:38<02:12,  3.15it/s][A
Train 22/30:  23%|██▎       | 122/534 [00:39<02:10,  3.15it/s][A
Train 22/30:  24%|██▎       | 126/534 [00:40<02:09,  3.15it/s][A
Train 22/30:  24%|██▍       | 130/534 [00:41<02:08,  3.15it/s][A
Train 22/30:  25%|██▌       | 134/534 [00:43<02:06,  3.15it/s][A
Train 22/30:  26%|██▌       | 138/534 [00:44<02:05,  3.15it/s][A
Train 22/30:  27%|██▋       | 142/534 [00:45<02:04,  3.15it/s][A
Train 22/30:  27%|██▋       | 146/534 [00:47<02:03,  3.15it/s][A
Train 22/30:  28%|██▊       | 150/534 [00:48<02:02,  3.15it/s][A
Train 22/30:  29%|██▉       | 154/534 [00:49<02:00,  3.15it/s][A
Train 22/30:  30%|██▉       | 158/534 [00:50<01:59,  3.15it/s][A
Train 22/30:  30%|███       | 162/534 [00:52<01:59,  3.11it/s][A
Train 22/30:  31%|███       | 166/534 [00:53<01:58,  3.11it/s][A
Train 22/30:  32%|███▏      | 170/534 [00:54<01:56,  3.12it/s][A
Train 22/30:  33%|███▎      | 174/534 [00:55<01:55,  3.12it/s][A
Train 22/30:  33%|███▎      | 178/534 [00:57<01:54,  3.12it/s][A
Train 22/30:  34%|███▍      | 182/534 [00:58<01:53,  3.11it/s][A
Train 22/30:  35%|███▍      | 186/534 [00:59<01:51,  3.12it/s][A
Train 22/30:  36%|███▌      | 190/534 [01:01<01:49,  3.13it/s][A
Train 22/30:  36%|███▋      | 194/534 [01:02<01:48,  3.13it/s][A
Train 22/30:  37%|███▋      | 198/534 [01:03<01:47,  3.14it/s][A
Train 22/30:  38%|███▊      | 202/534 [01:04<01:45,  3.14it/s][A
Train 22/30:  39%|███▊      | 206/534 [01:06<01:44,  3.14it/s][A
Train 22/30:  39%|███▉      | 210/534 [01:07<01:43,  3.14it/s][A
Train 22/30:  40%|████      | 214/534 [01:08<01:41,  3.14it/s][A
Train 22/30:  41%|████      | 218/534 [01:10<01:40,  3.14it/s][A
Train 22/30:  42%|████▏     | 222/534 [01:11<01:39,  3.14it/s][A
Train 22/30:  42%|████▏     | 226/534 [01:12<01:37,  3.14it/s][A
Train 22/30:  43%|████▎     | 230/534 [01:13<01:36,  3.15it/s][A
Train 22/30:  44%|████▍     | 234/534 [01:15<01:35,  3.15it/s][A
Train 22/30:  45%|████▍     | 238/534 [01:16<01:34,  3.15it/s][A
Train 22/30:  45%|████▌     | 242/534 [01:17<01:32,  3.15it/s][A
Train 22/30:  46%|████▌     | 246/534 [01:18<01:31,  3.15it/s][A
Train 22/30:  47%|████▋     | 250/534 [01:20<01:30,  3.15it/s][A
Train 22/30:  48%|████▊     | 254/534 [01:21<01:29,  3.15it/s][A
Train 22/30:  48%|████▊     | 258/534 [01:22<01:27,  3.14it/s][A
Train 22/30:  49%|████▉     | 262/534 [01:23<01:26,  3.15it/s][A
Train 22/30:  50%|████▉     | 266/534 [01:25<01:25,  3.15it/s][A
Train 22/30:  51%|█████     | 270/534 [01:26<01:23,  3.15it/s][A
Train 22/30:  51%|█████▏    | 274/534 [01:27<01:22,  3.15it/s][A
Train 22/30:  52%|█████▏    | 278/534 [01:29<01:21,  3.14it/s][A
Train 22/30:  53%|█████▎    | 282/534 [01:30<01:20,  3.14it/s][A
Train 22/30:  54%|█████▎    | 286/534 [01:31<01:18,  3.14it/s][A
Train 22/30:  54%|█████▍    | 290/534 [01:32<01:17,  3.15it/s][A
Train 22/30:  55%|█████▌    | 294/534 [01:34<01:16,  3.15it/s][A
Train 22/30:  56%|█████▌    | 298/534 [01:35<01:15,  3.15it/s][A
Train 22/30:  57%|█████▋    | 302/534 [01:36<01:13,  3.15it/s][A
Train 22/30:  57%|█████▋    | 306/534 [01:37<01:12,  3.15it/s][A
Train 22/30:  58%|█████▊    | 310/534 [01:39<01:11,  3.15it/s][A
Train 22/30:  59%|█████▉    | 314/534 [01:40<01:09,  3.15it/s][A
Train 22/30:  60%|█████▉    | 318/534 [01:41<01:08,  3.14it/s][A
Train 22/30:  60%|██████    | 322/534 [01:43<01:07,  3.15it/s][A
Train 22/30:  61%|██████    | 326/534 [01:44<01:06,  3.15it/s][A
Train 22/30:  62%|██████▏   | 330/534 [01:45<01:04,  3.15it/s][A
Train 22/30:  63%|██████▎   | 334/534 [01:46<01:03,  3.14it/s][A
Train 22/30:  63%|██████▎   | 338/534 [01:48<01:02,  3.14it/s][A
Train 22/30:  64%|██████▍   | 342/534 [01:49<01:01,  3.14it/s][A
Train 22/30:  65%|██████▍   | 346/534 [01:50<00:59,  3.14it/s][A
Train 22/30:  66%|██████▌   | 350/534 [01:51<00:58,  3.14it/s][A
Train 22/30:  66%|██████▋   | 354/534 [01:53<00:57,  3.14it/s][A
Train 22/30:  67%|██████▋   | 358/534 [01:54<00:56,  3.14it/s][A
Train 22/30:  68%|██████▊   | 362/534 [01:55<00:54,  3.14it/s][A
Train 22/30:  69%|██████▊   | 366/534 [01:57<00:53,  3.14it/s][A
Train 22/30:  69%|██████▉   | 370/534 [01:58<00:52,  3.15it/s][A
Train 22/30:  70%|███████   | 374/534 [01:59<00:50,  3.15it/s][A
Train 22/30:  71%|███████   | 378/534 [02:00<00:49,  3.15it/s][A
Train 22/30:  72%|███████▏  | 382/534 [02:02<00:48,  3.15it/s][A
Train 22/30:  72%|███████▏  | 386/534 [02:03<00:46,  3.15it/s][A
Train 22/30:  73%|███████▎  | 390/534 [02:04<00:45,  3.15it/s][A
Train 22/30:  74%|███████▍  | 394/534 [02:05<00:44,  3.15it/s][A
Train 22/30:  75%|███████▍  | 398/534 [02:07<00:43,  3.14it/s][A
Train 22/30:  75%|███████▌  | 402/534 [02:08<00:42,  3.14it/s][A
Train 22/30:  76%|███████▌  | 406/534 [02:09<00:40,  3.14it/s][A
Train 22/30:  77%|███████▋  | 410/534 [02:11<00:39,  3.14it/s][A
Train 22/30:  78%|███████▊  | 414/534 [02:12<00:38,  3.14it/s][A
Train 22/30:  78%|███████▊  | 418/534 [02:13<00:36,  3.14it/s][A
Train 22/30:  79%|███████▉  | 422/534 [02:14<00:35,  3.14it/s][A
Train 22/30:  80%|███████▉  | 426/534 [02:16<00:34,  3.14it/s][A
Train 22/30:  81%|████████  | 430/534 [02:17<00:33,  3.14it/s][A
Train 22/30:  81%|████████▏ | 434/534 [02:18<00:31,  3.15it/s][A
Train 22/30:  82%|████████▏ | 438/534 [02:19<00:30,  3.15it/s][A
Train 22/30:  83%|████████▎ | 442/534 [02:21<00:29,  3.15it/s][A
Train 22/30:  84%|████████▎ | 446/534 [02:22<00:27,  3.15it/s][A
Train 22/30:  84%|████████▍ | 450/534 [02:23<00:26,  3.15it/s][A
Train 22/30:  85%|████████▌ | 454/534 [02:25<00:25,  3.15it/s][A
Train 22/30:  86%|████████▌ | 458/534 [02:26<00:24,  3.15it/s][A
Train 22/30:  87%|████████▋ | 462/534 [02:27<00:22,  3.15it/s][A
Train 22/30:  87%|████████▋ | 466/534 [02:28<00:21,  3.15it/s][A
Train 22/30:  88%|████████▊ | 470/534 [02:30<00:20,  3.15it/s][A
Train 22/30:  89%|████████▉ | 474/534 [02:31<00:19,  3.15it/s][A
Train 22/30:  90%|████████▉ | 478/534 [02:32<00:17,  3.15it/s][A
Train 22/30:  90%|█████████ | 482/534 [02:33<00:16,  3.14it/s][A
Train 22/30:  91%|█████████ | 486/534 [02:35<00:15,  3.14it/s][A
Train 22/30:  92%|█████████▏| 490/534 [02:36<00:14,  3.14it/s][A
Train 22/30:  93%|█████████▎| 494/534 [02:37<00:12,  3.14it/s][A
Train 22/30:  93%|█████████▎| 498/534 [02:39<00:11,  3.14it/s][A
Train 22/30:  94%|█████████▍| 502/534 [02:40<00:10,  3.14it/s][A
Train 22/30:  95%|█████████▍| 506/534 [02:41<00:08,  3.14it/s][A
Train 22/30:  96%|█████████▌| 510/534 [02:42<00:07,  3.14it/s][A
Train 22/30:  96%|█████████▋| 514/534 [02:44<00:06,  3.15it/s][A
Train 22/30:  97%|█████████▋| 518/534 [02:45<00:05,  3.15it/s][A
Train 22/30:  98%|█████████▊| 522/534 [02:46<00:03,  3.15it/s][A
Train 22/30:  99%|█████████▊| 526/534 [02:47<00:02,  3.15it/s][A
Train 22/30:  99%|█████████▉| 530/534 [02:49<00:01,  3.15it/s][A
Train 22/30: 100%|██████████| 534/534 [02:50<00:00,  3.15it/s][A
                                                              [A
Val:   0%|          | 0/29 [00:00<?, ?it/s][A
Val:  21%|██        | 6/29 [00:01<00:03,  5.93it/s][A
Val:  69%|██████▉   | 20/29 [00:02<00:00, 10.51it/s][A
                                                    [AEpochs:  70%|███████   | 21/30 [1:00:44<25:09, 167.73s/it, lat_cos=0.240, lr=3.00e-04, pstd=0.3624, train=0.003996, val=0.003815]Epoch 22 | train MSE: 0.003996 | val MSE: 0.003815 | latent_cos: 0.240 (<0.7=escaped) | pred_std: 0.3624 (>0.04=content) | train_clip_offset=4 | lr: 3.00e-04
                                                                                                                                 Saved checkpoint to runs/gridworld-tok-v2/tokenizer.pt
Epochs:  70%|███████   | 21/30 [1:00:45<25:09, 167.73s/it, lat_cos=0.240, lr=3.00e-04, pstd=0.3624, train=0.003996, val=0.003815]Epochs:  73%|███████▎  | 22/30 [1:00:45<22:34, 169.37s/it, lat_cos=0.240, lr=3.00e-04, pstd=0.3624, train=0.003996, val=0.003815]
Train 23/30:   0%|          | 0/489 [00:00<?, ?it/s][A
Train 23/30:   0%|          | 2/489 [00:01<04:08,  1.96it/s][A
Train 23/30:   1%|          | 6/489 [00:02<02:58,  2.71it/s][A
Train 23/30:   2%|▏         | 10/489 [00:03<02:44,  2.92it/s][A
Train 23/30:   3%|▎         | 14/489 [00:04<02:37,  3.01it/s][A
Train 23/30:   4%|▎         | 18/489 [00:06<02:34,  3.06it/s][A
Train 23/30:   4%|▍         | 22/489 [00:07<02:31,  3.09it/s][A
Train 23/30:   5%|▌         | 26/489 [00:08<02:29,  3.10it/s][A
Train 23/30:   6%|▌         | 30/489 [00:09<02:27,  3.12it/s][A
Train 23/30:   7%|▋         | 34/489 [00:11<02:25,  3.13it/s][A
Train 23/30:   8%|▊         | 38/489 [00:12<02:23,  3.13it/s][A
Train 23/30:   9%|▊         | 42/489 [00:13<02:22,  3.14it/s][A
Train 23/30:   9%|▉         | 46/489 [00:15<02:21,  3.14it/s][A
Train 23/30:  10%|█         | 50/489 [00:16<02:19,  3.14it/s][A
Train 23/30:  11%|█         | 54/489 [00:17<02:18,  3.14it/s][A
Train 23/30:  12%|█▏        | 58/489 [00:18<02:17,  3.15it/s][A
Train 23/30:  13%|█▎        | 62/489 [00:20<02:15,  3.14it/s][A
Train 23/30:  13%|█▎        | 66/489 [00:21<02:14,  3.15it/s][A
Train 23/30:  14%|█▍        | 70/489 [00:22<02:13,  3.15it/s][A
Train 23/30:  15%|█▌        | 74/489 [00:23<02:11,  3.15it/s][A
Train 23/30:  16%|█▌        | 78/489 [00:25<02:10,  3.15it/s][A
Train 23/30:  17%|█▋        | 82/489 [00:26<02:09,  3.15it/s][A
Train 23/30:  18%|█▊        | 86/489 [00:27<02:08,  3.13it/s][A
Train 23/30:  18%|█▊        | 90/489 [00:29<02:07,  3.14it/s][A
Train 23/30:  19%|█▉        | 94/489 [00:30<02:05,  3.14it/s][A
Train 23/30:  20%|██        | 98/489 [00:31<02:04,  3.14it/s][A
Train 23/30:  21%|██        | 102/489 [00:32<02:03,  3.14it/s][A
Train 23/30:  22%|██▏       | 106/489 [00:34<02:01,  3.14it/s][A
Train 23/30:  22%|██▏       | 110/489 [00:35<02:00,  3.15it/s][A
Train 23/30:  23%|██▎       | 114/489 [00:36<01:59,  3.15it/s][A
Train 23/30:  24%|██▍       | 118/489 [00:37<01:57,  3.15it/s][A
Train 23/30:  25%|██▍       | 122/489 [00:39<01:56,  3.15it/s][A
Train 23/30:  26%|██▌       | 126/489 [00:40<01:55,  3.15it/s][A
Train 23/30:  27%|██▋       | 130/489 [00:41<01:53,  3.15it/s][A
Train 23/30:  27%|██▋       | 134/489 [00:42<01:52,  3.15it/s][A
Train 23/30:  28%|██▊       | 138/489 [00:44<01:51,  3.15it/s][A
Train 23/30:  29%|██▉       | 142/489 [00:45<01:50,  3.15it/s][A
Train 23/30:  30%|██▉       | 146/489 [00:46<01:48,  3.15it/s][A
Train 23/30:  31%|███       | 150/489 [00:48<01:47,  3.15it/s][A
Train 23/30:  31%|███▏      | 154/489 [00:49<01:46,  3.15it/s][A
Train 23/30:  32%|███▏      | 158/489 [00:50<01:45,  3.15it/s][A
Train 23/30:  33%|███▎      | 162/489 [00:51<01:43,  3.15it/s][A
Train 23/30:  34%|███▍      | 166/489 [00:53<01:42,  3.15it/s][A
Train 23/30:  35%|███▍      | 170/489 [00:54<01:41,  3.15it/s][A
Train 23/30:  36%|███▌      | 174/489 [00:55<01:40,  3.15it/s][A
Train 23/30:  36%|███▋      | 178/489 [00:56<01:38,  3.15it/s][A
Train 23/30:  37%|███▋      | 182/489 [00:58<01:37,  3.15it/s][A
Train 23/30:  38%|███▊      | 186/489 [00:59<01:36,  3.15it/s][A
Train 23/30:  39%|███▉      | 190/489 [01:00<01:35,  3.15it/s][A
Train 23/30:  40%|███▉      | 194/489 [01:02<01:33,  3.14it/s][A
Train 23/30:  40%|████      | 198/489 [01:03<01:32,  3.14it/s][A
Train 23/30:  41%|████▏     | 202/489 [01:04<01:31,  3.15it/s][A
Train 23/30:  42%|████▏     | 206/489 [01:05<01:29,  3.15it/s][A
Train 23/30:  43%|████▎     | 210/489 [01:07<01:28,  3.15it/s][A
Train 23/30:  44%|████▍     | 214/489 [01:08<01:27,  3.15it/s][A
Train 23/30:  45%|████▍     | 218/489 [01:09<01:26,  3.15it/s][A
Train 23/30:  45%|████▌     | 222/489 [01:10<01:24,  3.15it/s][A
Train 23/30:  46%|████▌     | 226/489 [01:12<01:23,  3.15it/s][A
Train 23/30:  47%|████▋     | 230/489 [01:13<01:22,  3.15it/s][A
Train 23/30:  48%|████▊     | 234/489 [01:14<01:20,  3.15it/s][A
Train 23/30:  49%|████▊     | 238/489 [01:16<01:19,  3.15it/s][A
Train 23/30:  49%|████▉     | 242/489 [01:17<01:18,  3.14it/s][A
Train 23/30:  50%|█████     | 246/489 [01:18<01:17,  3.14it/s][A
Train 23/30:  51%|█████     | 250/489 [01:19<01:15,  3.15it/s][A
Train 23/30:  52%|█████▏    | 254/489 [01:21<01:14,  3.15it/s][A
Train 23/30:  53%|█████▎    | 258/489 [01:22<01:13,  3.15it/s][A
Train 23/30:  54%|█████▎    | 262/489 [01:23<01:12,  3.15it/s][A
Train 23/30:  54%|█████▍    | 266/489 [01:24<01:10,  3.15it/s][A
Train 23/30:  55%|█████▌    | 270/489 [01:26<01:09,  3.15it/s][A
Train 23/30:  56%|█████▌    | 274/489 [01:27<01:08,  3.15it/s][A
Train 23/30:  57%|█████▋    | 278/489 [01:28<01:07,  3.15it/s][A
Train 23/30:  58%|█████▊    | 282/489 [01:30<01:05,  3.15it/s][A
Train 23/30:  58%|█████▊    | 286/489 [01:31<01:04,  3.14it/s][A
Train 23/30:  59%|█████▉    | 290/489 [01:32<01:03,  3.15it/s][A
Train 23/30:  60%|██████    | 294/489 [01:33<01:01,  3.15it/s][A
Train 23/30:  61%|██████    | 298/489 [01:35<01:00,  3.15it/s][A
Train 23/30:  62%|██████▏   | 302/489 [01:36<00:59,  3.15it/s][A
Train 23/30:  63%|██████▎   | 306/489 [01:37<00:58,  3.14it/s][A
Train 23/30:  63%|██████▎   | 310/489 [01:38<00:56,  3.14it/s][A
Train 23/30:  64%|██████▍   | 314/489 [01:40<00:55,  3.14it/s][A
Train 23/30:  65%|██████▌   | 318/489 [01:41<00:54,  3.15it/s][A
Train 23/30:  66%|██████▌   | 322/489 [01:42<00:53,  3.15it/s][A
Train 23/30:  67%|██████▋   | 326/489 [01:43<00:51,  3.15it/s][A
Train 23/30:  67%|██████▋   | 330/489 [01:45<00:50,  3.15it/s][A
Train 23/30:  68%|██████▊   | 334/489 [01:46<00:49,  3.15it/s][A
Train 23/30:  69%|██████▉   | 338/489 [01:47<00:48,  3.15it/s][A
Train 23/30:  70%|██████▉   | 342/489 [01:49<00:46,  3.14it/s][A
Train 23/30:  71%|███████   | 346/489 [01:50<00:45,  3.14it/s][A
Train 23/30:  72%|███████▏  | 350/489 [01:51<00:44,  3.14it/s][A
Train 23/30:  72%|███████▏  | 354/489 [01:52<00:42,  3.14it/s][A
Train 23/30:  73%|███████▎  | 358/489 [01:54<00:41,  3.15it/s][A
Train 23/30:  74%|███████▍  | 362/489 [01:55<00:40,  3.15it/s][A
Train 23/30:  75%|███████▍  | 366/489 [01:56<00:39,  3.15it/s][A
Train 23/30:  76%|███████▌  | 370/489 [01:57<00:37,  3.15it/s][A
Train 23/30:  76%|███████▋  | 374/489 [01:59<00:36,  3.15it/s][A
Train 23/30:  77%|███████▋  | 378/489 [02:00<00:35,  3.15it/s][A
Train 23/30:  78%|███████▊  | 382/489 [02:01<00:33,  3.15it/s][A
Train 23/30:  79%|███████▉  | 386/489 [02:03<00:32,  3.15it/s][A
Train 23/30:  80%|███████▉  | 390/489 [02:04<00:31,  3.15it/s][A
Train 23/30:  81%|████████  | 394/489 [02:05<00:30,  3.15it/s][A
Train 23/30:  81%|████████▏ | 398/489 [02:06<00:28,  3.14it/s][A
Train 23/30:  82%|████████▏ | 402/489 [02:08<00:27,  3.15it/s][A
Train 23/30:  83%|████████▎ | 406/489 [02:09<00:26,  3.15it/s][A
Train 23/30:  84%|████████▍ | 410/489 [02:10<00:25,  3.15it/s][A
Train 23/30:  85%|████████▍ | 414/489 [02:11<00:23,  3.14it/s][A
Train 23/30:  85%|████████▌ | 418/489 [02:13<00:22,  3.14it/s][A
Train 23/30:  86%|████████▋ | 422/489 [02:14<00:21,  3.14it/s][A
Train 23/30:  87%|████████▋ | 426/489 [02:15<00:20,  3.15it/s][A
Train 23/30:  88%|████████▊ | 430/489 [02:17<00:18,  3.15it/s][A
Train 23/30:  89%|████████▉ | 434/489 [02:18<00:17,  3.14it/s][A
Train 23/30:  90%|████████▉ | 438/489 [02:19<00:16,  3.14it/s][A
Train 23/30:  90%|█████████ | 442/489 [02:20<00:14,  3.15it/s][A
Train 23/30:  91%|█████████ | 446/489 [02:22<00:13,  3.15it/s][A
Train 23/30:  92%|█████████▏| 450/489 [02:23<00:12,  3.15it/s][A
Train 23/30:  93%|█████████▎| 454/489 [02:24<00:11,  3.15it/s][A
Train 23/30:  94%|█████████▎| 458/489 [02:25<00:09,  3.14it/s][A
Train 23/30:  94%|█████████▍| 462/489 [02:27<00:08,  3.15it/s][A
Train 23/30:  95%|█████████▌| 466/489 [02:28<00:07,  3.15it/s][A
Train 23/30:  96%|█████████▌| 470/489 [02:29<00:06,  3.15it/s][A
Train 23/30:  97%|█████████▋| 474/489 [02:31<00:04,  3.15it/s][A
Train 23/30:  98%|█████████▊| 478/489 [02:32<00:03,  3.15it/s][A
Train 23/30:  99%|█████████▊| 482/489 [02:33<00:02,  3.15it/s][A
Train 23/30:  99%|█████████▉| 486/489 [02:34<00:00,  3.15it/s][A
                                                              [A
Val:   0%|          | 0/29 [00:00<?, ?it/s][A
Val:  28%|██▊       | 8/29 [00:01<00:02,  7.56it/s][A
Val:  76%|███████▌  | 22/29 [00:02<00:00, 11.12it/s][A
                                                    [AEpochs:  73%|███████▎  | 22/30 [1:03:23<22:34, 169.37s/it, lat_cos=0.235, lr=3.00e-04, pstd=0.3618, train=0.003944, val=0.003809]Epoch 23 | train MSE: 0.003944 | val MSE: 0.003809 | latent_cos: 0.235 (<0.7=escaped) | pred_std: 0.3618 (>0.04=content) | train_clip_offset=11 | lr: 3.00e-04
                                                                                                                                 Saved checkpoint to runs/gridworld-tok-v2/tokenizer.pt
Epochs:  73%|███████▎  | 22/30 [1:03:23<22:34, 169.37s/it, lat_cos=0.235, lr=3.00e-04, pstd=0.3618, train=0.003944, val=0.003809]Epochs:  77%|███████▋  | 23/30 [1:03:23<19:22, 166.09s/it, lat_cos=0.235, lr=3.00e-04, pstd=0.3618, train=0.003944, val=0.003809]
Train 24/30:   0%|          | 0/489 [00:00<?, ?it/s][A
Train 24/30:   0%|          | 2/489 [00:01<04:21,  1.86it/s][A
Train 24/30:   1%|          | 6/489 [00:02<03:00,  2.67it/s][A
Train 24/30:   2%|▏         | 10/489 [00:03<02:45,  2.90it/s][A
Train 24/30:   3%|▎         | 14/489 [00:04<02:38,  3.00it/s][A
Train 24/30:   4%|▎         | 18/489 [00:06<02:34,  3.06it/s][A
Train 24/30:   4%|▍         | 22/489 [00:07<02:31,  3.09it/s][A
Train 24/30:   5%|▌         | 26/489 [00:08<02:29,  3.10it/s][A
Train 24/30:   6%|▌         | 30/489 [00:09<02:27,  3.12it/s][A
Train 24/30:   7%|▋         | 34/489 [00:11<02:25,  3.13it/s][A
Train 24/30:   8%|▊         | 38/489 [00:12<02:23,  3.14it/s][A
Train 24/30:   9%|▊         | 42/489 [00:13<02:22,  3.14it/s][A
Train 24/30:   9%|▉         | 46/489 [00:15<02:20,  3.14it/s][A
Train 24/30:  10%|█         | 50/489 [00:16<02:19,  3.15it/s][A
Train 24/30:  11%|█         | 54/489 [00:17<02:18,  3.15it/s][A
Train 24/30:  12%|█▏        | 58/489 [00:18<02:16,  3.15it/s][A
Train 24/30:  13%|█▎        | 62/489 [00:20<02:15,  3.15it/s][A
Train 24/30:  13%|█▎        | 66/489 [00:21<02:14,  3.15it/s][A
Train 24/30:  14%|█▍        | 70/489 [00:22<02:13,  3.14it/s][A
Train 24/30:  15%|█▌        | 74/489 [00:23<02:12,  3.14it/s][A
Train 24/30:  16%|█▌        | 78/489 [00:25<02:10,  3.14it/s][A
Train 24/30:  17%|█▋        | 82/489 [00:26<02:09,  3.15it/s][A
Train 24/30:  18%|█▊        | 86/489 [00:27<02:08,  3.15it/s][A
Train 24/30:  18%|█▊        | 90/489 [00:29<02:06,  3.14it/s][A
Train 24/30:  19%|█▉        | 94/489 [00:30<02:05,  3.14it/s][A
Train 24/30:  20%|██        | 98/489 [00:31<02:04,  3.15it/s][A
Train 24/30:  21%|██        | 102/489 [00:32<02:03,  3.14it/s][A
Train 24/30:  22%|██▏       | 106/489 [00:34<02:01,  3.15it/s][A
Train 24/30:  22%|██▏       | 110/489 [00:35<02:00,  3.15it/s][A
Train 24/30:  23%|██▎       | 114/489 [00:36<01:59,  3.15it/s][A
Train 24/30:  24%|██▍       | 118/489 [00:37<01:57,  3.15it/s][A
Train 24/30:  25%|██▍       | 122/489 [00:39<01:56,  3.15it/s][A
Train 24/30:  26%|██▌       | 126/489 [00:40<01:55,  3.15it/s][A
Train 24/30:  27%|██▋       | 130/489 [00:41<01:53,  3.15it/s][A
Train 24/30:  27%|██▋       | 134/489 [00:43<01:52,  3.15it/s][A
Train 24/30:  28%|██▊       | 138/489 [00:44<01:51,  3.15it/s][A
Train 24/30:  29%|██▉       | 142/489 [00:45<01:50,  3.15it/s][A
Train 24/30:  30%|██▉       | 146/489 [00:46<01:48,  3.15it/s][A
Train 24/30:  31%|███       | 150/489 [00:48<01:47,  3.15it/s][A
Train 24/30:  31%|███▏      | 154/489 [00:49<01:46,  3.14it/s][A
Train 24/30:  32%|███▏      | 158/489 [00:50<01:45,  3.15it/s][A
Train 24/30:  33%|███▎      | 162/489 [00:51<01:43,  3.14it/s][A
Train 24/30:  34%|███▍      | 166/489 [00:53<01:42,  3.14it/s][A
Train 24/30:  35%|███▍      | 170/489 [00:54<01:41,  3.15it/s][A
Train 24/30:  36%|███▌      | 174/489 [00:55<01:40,  3.15it/s][A
Train 24/30:  36%|███▋      | 178/489 [00:56<01:38,  3.15it/s][A
Train 24/30:  37%|███▋      | 182/489 [00:58<01:37,  3.14it/s][A
Train 24/30:  38%|███▊      | 186/489 [00:59<01:36,  3.15it/s][A
Train 24/30:  39%|███▉      | 190/489 [01:00<01:35,  3.15it/s][A
Train 24/30:  40%|███▉      | 194/489 [01:02<01:33,  3.15it/s][A
Train 24/30:  40%|████      | 198/489 [01:03<01:32,  3.15it/s][A
Train 24/30:  41%|████▏     | 202/489 [01:04<01:31,  3.14it/s][A
Train 24/30:  42%|████▏     | 206/489 [01:05<01:30,  3.14it/s][A
Train 24/30:  43%|████▎     | 210/489 [01:07<01:28,  3.14it/s][A
Train 24/30:  44%|████▍     | 214/489 [01:08<01:27,  3.14it/s][A
Train 24/30:  45%|████▍     | 218/489 [01:09<01:26,  3.14it/s][A
Train 24/30:  45%|████▌     | 222/489 [01:10<01:24,  3.14it/s][A
Train 24/30:  46%|████▌     | 226/489 [01:12<01:23,  3.14it/s][A
Train 24/30:  47%|████▋     | 230/489 [01:13<01:22,  3.14it/s][A
Train 24/30:  48%|████▊     | 234/489 [01:14<01:21,  3.15it/s][A
Train 24/30:  49%|████▊     | 238/489 [01:16<01:19,  3.15it/s][A
Train 24/30:  49%|████▉     | 242/489 [01:17<01:18,  3.15it/s][A
Train 24/30:  50%|█████     | 246/489 [01:18<01:17,  3.15it/s][A
Train 24/30:  51%|█████     | 250/489 [01:19<01:15,  3.15it/s][A
Train 24/30:  52%|█████▏    | 254/489 [01:21<01:14,  3.15it/s][A
Train 24/30:  53%|█████▎    | 258/489 [01:22<01:13,  3.15it/s][A
Train 24/30:  54%|█████▎    | 262/489 [01:23<01:12,  3.15it/s][A
Train 24/30:  54%|█████▍    | 266/489 [01:24<01:10,  3.15it/s][A
Train 24/30:  55%|█████▌    | 270/489 [01:26<01:09,  3.15it/s][A
Train 24/30:  56%|█████▌    | 274/489 [01:27<01:08,  3.15it/s][A
Train 24/30:  57%|█████▋    | 278/489 [01:28<01:06,  3.15it/s][A
Train 24/30:  58%|█████▊    | 282/489 [01:30<01:05,  3.15it/s][A
Train 24/30:  58%|█████▊    | 286/489 [01:31<01:04,  3.15it/s][A
Train 24/30:  59%|█████▉    | 290/489 [01:32<01:03,  3.15it/s][A
Train 24/30:  60%|██████    | 294/489 [01:33<01:01,  3.15it/s][A
Train 24/30:  61%|██████    | 298/489 [01:35<01:00,  3.15it/s][A
Train 24/30:  62%|██████▏   | 302/489 [01:36<00:59,  3.15it/s][A
Train 24/30:  63%|██████▎   | 306/489 [01:37<00:58,  3.15it/s][A
Train 24/30:  63%|██████▎   | 310/489 [01:38<00:56,  3.15it/s][A
Train 24/30:  64%|██████▍   | 314/489 [01:40<00:55,  3.15it/s][A
Train 24/30:  65%|██████▌   | 318/489 [01:41<00:54,  3.15it/s][A
Train 24/30:  66%|██████▌   | 322/489 [01:42<00:53,  3.15it/s][A
Train 24/30:  67%|██████▋   | 326/489 [01:44<00:51,  3.15it/s][A
Train 24/30:  67%|██████▋   | 330/489 [01:45<00:50,  3.15it/s][A
Train 24/30:  68%|██████▊   | 334/489 [01:46<00:49,  3.15it/s][A
Train 24/30:  69%|██████▉   | 338/489 [01:47<00:47,  3.15it/s][A
Train 24/30:  70%|██████▉   | 342/489 [01:49<00:46,  3.15it/s][A
Train 24/30:  71%|███████   | 346/489 [01:50<00:45,  3.15it/s][A
Train 24/30:  72%|███████▏  | 350/489 [01:51<00:44,  3.15it/s][A
Train 24/30:  72%|███████▏  | 354/489 [01:52<00:42,  3.15it/s][A
Train 24/30:  73%|███████▎  | 358/489 [01:54<00:41,  3.15it/s][A
Train 24/30:  74%|███████▍  | 362/489 [01:55<00:40,  3.15it/s][A
Train 24/30:  75%|███████▍  | 366/489 [01:56<00:39,  3.15it/s][A
Train 24/30:  76%|███████▌  | 370/489 [01:58<00:37,  3.14it/s][A
Train 24/30:  76%|███████▋  | 374/489 [01:59<00:36,  3.14it/s][A
Train 24/30:  77%|███████▋  | 378/489 [02:00<00:35,  3.15it/s][A
Train 24/30:  78%|███████▊  | 382/489 [02:01<00:34,  3.15it/s][A
Train 24/30:  79%|███████▉  | 386/489 [02:03<00:32,  3.15it/s][A
Train 24/30:  80%|███████▉  | 390/489 [02:04<00:31,  3.15it/s][A
Train 24/30:  81%|████████  | 394/489 [02:05<00:30,  3.14it/s][A
Train 24/30:  81%|████████▏ | 398/489 [02:06<00:28,  3.14it/s][A
Train 24/30:  82%|████████▏ | 402/489 [02:08<00:27,  3.15it/s][A
Train 24/30:  83%|████████▎ | 406/489 [02:09<00:26,  3.15it/s][A
Train 24/30:  84%|████████▍ | 410/489 [02:10<00:25,  3.15it/s][A
Train 24/30:  85%|████████▍ | 414/489 [02:11<00:23,  3.15it/s][A
Train 24/30:  85%|████████▌ | 418/489 [02:13<00:22,  3.14it/s][A
Train 24/30:  86%|████████▋ | 422/489 [02:14<00:21,  3.15it/s][A
Train 24/30:  87%|████████▋ | 426/489 [02:15<00:20,  3.15it/s][A
Train 24/30:  88%|████████▊ | 430/489 [02:17<00:18,  3.15it/s][A
Train 24/30:  89%|████████▉ | 434/489 [02:18<00:17,  3.15it/s][A
Train 24/30:  90%|████████▉ | 438/489 [02:19<00:16,  3.15it/s][A
Train 24/30:  90%|█████████ | 442/489 [02:20<00:14,  3.15it/s][A
Train 24/30:  91%|█████████ | 446/489 [02:22<00:13,  3.15it/s][A
Train 24/30:  92%|█████████▏| 450/489 [02:23<00:12,  3.15it/s][A
Train 24/30:  93%|█████████▎| 454/489 [02:24<00:11,  3.15it/s][A
Train 24/30:  94%|█████████▎| 458/489 [02:25<00:09,  3.15it/s][A
Train 24/30:  94%|█████████▍| 462/489 [02:27<00:08,  3.15it/s][A
Train 24/30:  95%|█████████▌| 466/489 [02:28<00:07,  3.15it/s][A
Train 24/30:  96%|█████████▌| 470/489 [02:29<00:06,  3.15it/s][A
Train 24/30:  97%|█████████▋| 474/489 [02:31<00:04,  3.15it/s][A
Train 24/30:  98%|█████████▊| 478/489 [02:32<00:03,  3.15it/s][A
Train 24/30:  99%|█████████▊| 482/489 [02:33<00:02,  3.15it/s][A
Train 24/30:  99%|█████████▉| 486/489 [02:34<00:00,  3.15it/s][A
                                                              [A
Val:   0%|          | 0/29 [00:00<?, ?it/s][A
Val:  34%|███▍      | 10/29 [00:01<00:01,  9.57it/s][A
Val:  83%|████████▎ | 24/29 [00:02<00:00, 11.98it/s][A
                                                    [AEpochs:  77%|███████▋  | 23/30 [1:06:01<19:22, 166.09s/it, lat_cos=0.234, lr=2.97e-04, pstd=0.3621, train=0.003913, val=0.003813]Epoch 24 | train MSE: 0.003913 | val MSE: 0.003813 | latent_cos: 0.234 (<0.7=escaped) | pred_std: 0.3621 (>0.04=content) | train_clip_offset=16 | lr: 2.97e-04
                                                                                                                                 Saved checkpoint to runs/gridworld-tok-v2/tokenizer.pt
Epochs:  77%|███████▋  | 23/30 [1:06:01<19:22, 166.09s/it, lat_cos=0.234, lr=2.97e-04, pstd=0.3621, train=0.003913, val=0.003813]Epochs:  80%|████████  | 24/30 [1:06:01<16:22, 163.74s/it, lat_cos=0.234, lr=2.97e-04, pstd=0.3621, train=0.003913, val=0.003813]
Train 25/30:   0%|          | 0/489 [00:00<?, ?it/s][A
Train 25/30:   1%|          | 3/489 [00:01<03:17,  2.45it/s][A
Train 25/30:   1%|▏         | 7/489 [00:02<02:47,  2.87it/s][A
Train 25/30:   2%|▏         | 11/489 [00:03<02:39,  3.00it/s][A
Train 25/30:   3%|▎         | 15/489 [00:05<02:34,  3.06it/s][A
Train 25/30:   4%|▍         | 19/489 [00:06<02:31,  3.09it/s][A
Train 25/30:   5%|▍         | 23/489 [00:07<02:29,  3.11it/s][A
Train 25/30:   6%|▌         | 27/489 [00:08<02:27,  3.13it/s][A
Train 25/30:   6%|▋         | 31/489 [00:10<02:26,  3.14it/s][A
Train 25/30:   7%|▋         | 35/489 [00:11<02:24,  3.14it/s][A
Train 25/30:   8%|▊         | 39/489 [00:12<02:23,  3.14it/s][A
Train 25/30:   9%|▉         | 43/489 [00:13<02:21,  3.14it/s][A
Train 25/30:  10%|▉         | 47/489 [00:15<02:20,  3.14it/s][A
Train 25/30:  10%|█         | 51/489 [00:16<02:19,  3.14it/s][A
Train 25/30:  11%|█         | 55/489 [00:17<02:18,  3.14it/s][A
Train 25/30:  12%|█▏        | 59/489 [00:19<02:16,  3.14it/s][A
Train 25/30:  13%|█▎        | 63/489 [00:20<02:15,  3.15it/s][A
Train 25/30:  14%|█▎        | 67/489 [00:21<02:14,  3.14it/s][A
Train 25/30:  15%|█▍        | 71/489 [00:22<02:12,  3.14it/s][A
Train 25/30:  15%|█▌        | 75/489 [00:24<02:11,  3.14it/s][A
Train 25/30:  16%|█▌        | 79/489 [00:25<02:10,  3.15it/s][A
Train 25/30:  17%|█▋        | 83/489 [00:26<02:08,  3.15it/s][A
Train 25/30:  18%|█▊        | 87/489 [00:27<02:07,  3.15it/s][A
Train 25/30:  19%|█▊        | 91/489 [00:29<02:06,  3.15it/s][A
Train 25/30:  19%|█▉        | 95/489 [00:30<02:05,  3.14it/s][A
Train 25/30:  20%|██        | 99/489 [00:31<02:04,  3.14it/s][A
Train 25/30:  21%|██        | 103/489 [00:32<02:02,  3.15it/s][A
Train 25/30:  22%|██▏       | 107/489 [00:34<02:01,  3.15it/s][A
Train 25/30:  23%|██▎       | 111/489 [00:35<02:00,  3.15it/s][A
Train 25/30:  24%|██▎       | 115/489 [00:36<01:58,  3.15it/s][A
Train 25/30:  24%|██▍       | 119/489 [00:38<01:57,  3.15it/s][A
Train 25/30:  25%|██▌       | 123/489 [00:39<01:56,  3.15it/s][A
Train 25/30:  26%|██▌       | 127/489 [00:40<01:54,  3.15it/s][A
Train 25/30:  27%|██▋       | 131/489 [00:41<01:53,  3.15it/s][A
Train 25/30:  28%|██▊       | 135/489 [00:43<01:52,  3.15it/s][A
Train 25/30:  28%|██▊       | 139/489 [00:44<01:51,  3.15it/s][A
Train 25/30:  29%|██▉       | 143/489 [00:45<01:49,  3.15it/s][A
Train 25/30:  30%|███       | 147/489 [00:46<01:48,  3.15it/s][A
Train 25/30:  31%|███       | 151/489 [00:48<01:47,  3.15it/s][A
Train 25/30:  32%|███▏      | 155/489 [00:49<01:46,  3.15it/s][A
Train 25/30:  33%|███▎      | 159/489 [00:50<01:44,  3.15it/s][A
Train 25/30:  33%|███▎      | 163/489 [00:52<01:43,  3.15it/s][A
Train 25/30:  34%|███▍      | 167/489 [00:53<01:42,  3.15it/s][A
Train 25/30:  35%|███▍      | 171/489 [00:54<01:40,  3.15it/s][A
Train 25/30:  36%|███▌      | 175/489 [00:55<01:39,  3.15it/s][A
Train 25/30:  37%|███▋      | 179/489 [00:57<01:38,  3.15it/s][A
Train 25/30:  37%|███▋      | 183/489 [00:58<01:37,  3.15it/s][A
Train 25/30:  38%|███▊      | 187/489 [00:59<01:35,  3.15it/s][A
Train 25/30:  39%|███▉      | 191/489 [01:00<01:34,  3.15it/s][A
Train 25/30:  40%|███▉      | 195/489 [01:02<01:33,  3.15it/s][A
Train 25/30:  41%|████      | 199/489 [01:03<01:32,  3.15it/s][A
Train 25/30:  42%|████▏     | 203/489 [01:04<01:30,  3.15it/s][A
Train 25/30:  42%|████▏     | 207/489 [01:06<01:29,  3.15it/s][A
Train 25/30:  43%|████▎     | 211/489 [01:07<01:28,  3.15it/s][A
Train 25/30:  44%|████▍     | 215/489 [01:08<01:27,  3.15it/s][A
Train 25/30:  45%|████▍     | 219/489 [01:09<01:25,  3.15it/s][A
Train 25/30:  46%|████▌     | 223/489 [01:11<01:24,  3.14it/s][A
Train 25/30:  46%|████▋     | 227/489 [01:12<01:23,  3.15it/s][A
Train 25/30:  47%|████▋     | 231/489 [01:13<01:22,  3.15it/s][A
Train 25/30:  48%|████▊     | 235/489 [01:14<01:20,  3.15it/s][A
Train 25/30:  49%|████▉     | 239/489 [01:16<01:19,  3.14it/s][A
Train 25/30:  50%|████▉     | 243/489 [01:17<01:18,  3.14it/s][A
Train 25/30:  51%|█████     | 247/489 [01:18<01:16,  3.14it/s][A
Train 25/30:  51%|█████▏    | 251/489 [01:20<01:15,  3.15it/s][A
Train 25/30:  52%|█████▏    | 255/489 [01:21<01:14,  3.15it/s][A
Train 25/30:  53%|█████▎    | 259/489 [01:22<01:13,  3.15it/s][A
Train 25/30:  54%|█████▍    | 263/489 [01:23<01:11,  3.15it/s][A
Train 25/30:  55%|█████▍    | 267/489 [01:25<01:10,  3.15it/s][A
Train 25/30:  55%|█████▌    | 271/489 [01:26<01:09,  3.15it/s][A
Train 25/30:  56%|█████▌    | 275/489 [01:27<01:08,  3.15it/s][A
Train 25/30:  57%|█████▋    | 279/489 [01:28<01:06,  3.15it/s][A
Train 25/30:  58%|█████▊    | 283/489 [01:30<01:05,  3.15it/s][A
Train 25/30:  59%|█████▊    | 287/489 [01:31<01:04,  3.14it/s][A
Train 25/30:  60%|█████▉    | 291/489 [01:32<01:02,  3.14it/s][A
Train 25/30:  60%|██████    | 295/489 [01:33<01:01,  3.14it/s][A
Train 25/30:  61%|██████    | 299/489 [01:35<01:00,  3.14it/s][A
Train 25/30:  62%|██████▏   | 303/489 [01:36<00:59,  3.14it/s][A
Train 25/30:  63%|██████▎   | 307/489 [01:37<00:57,  3.14it/s][A
Train 25/30:  64%|██████▎   | 311/489 [01:39<00:56,  3.14it/s][A
Train 25/30:  64%|██████▍   | 315/489 [01:40<00:55,  3.15it/s][A
Train 25/30:  65%|██████▌   | 319/489 [01:41<00:54,  3.15it/s][A
Train 25/30:  66%|██████▌   | 323/489 [01:42<00:52,  3.15it/s][A
Train 25/30:  67%|██████▋   | 327/489 [01:44<00:51,  3.15it/s][A
Train 25/30:  68%|██████▊   | 331/489 [01:45<00:50,  3.14it/s][A
Train 25/30:  69%|██████▊   | 335/489 [01:46<00:48,  3.15it/s][A
Train 25/30:  69%|██████▉   | 339/489 [01:47<00:47,  3.15it/s][A
Train 25/30:  70%|███████   | 343/489 [01:49<00:46,  3.15it/s][A
Train 25/30:  71%|███████   | 347/489 [01:50<00:45,  3.15it/s][A
Train 25/30:  72%|███████▏  | 351/489 [01:51<00:43,  3.15it/s][A
Train 25/30:  73%|███████▎  | 355/489 [01:53<00:42,  3.14it/s][A
Train 25/30:  73%|███████▎  | 359/489 [01:54<00:41,  3.15it/s][A
Train 25/30:  74%|███████▍  | 363/489 [01:55<00:40,  3.15it/s][A
Train 25/30:  75%|███████▌  | 367/489 [01:56<00:38,  3.15it/s][A
Train 25/30:  76%|███████▌  | 371/489 [01:58<00:37,  3.15it/s][A
Train 25/30:  77%|███████▋  | 375/489 [01:59<00:36,  3.15it/s][A
Train 25/30:  78%|███████▊  | 379/489 [02:00<00:34,  3.15it/s][A
Train 25/30:  78%|███████▊  | 383/489 [02:01<00:33,  3.15it/s][A
Train 25/30:  79%|███████▉  | 387/489 [02:03<00:32,  3.15it/s][A
Train 25/30:  80%|███████▉  | 391/489 [02:04<00:31,  3.15it/s][A
Train 25/30:  81%|████████  | 395/489 [02:05<00:29,  3.14it/s][A
Train 25/30:  82%|████████▏ | 399/489 [02:07<00:28,  3.14it/s][A
Train 25/30:  82%|████████▏ | 403/489 [02:08<00:27,  3.14it/s][A
Train 25/30:  83%|████████▎ | 407/489 [02:09<00:26,  3.15it/s][A
Train 25/30:  84%|████████▍ | 411/489 [02:10<00:24,  3.14it/s][A
Train 25/30:  85%|████████▍ | 415/489 [02:12<00:23,  3.14it/s][A
Train 25/30:  86%|████████▌ | 419/489 [02:13<00:22,  3.14it/s][A
Train 25/30:  87%|████████▋ | 423/489 [02:14<00:21,  3.14it/s][A
Train 25/30:  87%|████████▋ | 427/489 [02:15<00:19,  3.14it/s][A
Train 25/30:  88%|████████▊ | 431/489 [02:17<00:18,  3.14it/s][A
Train 25/30:  89%|████████▉ | 435/489 [02:18<00:17,  3.14it/s][A
Train 25/30:  90%|████████▉ | 439/489 [02:19<00:15,  3.14it/s][A
Train 25/30:  91%|█████████ | 443/489 [02:21<00:14,  3.14it/s][A
Train 25/30:  91%|█████████▏| 447/489 [02:22<00:13,  3.14it/s][A
Train 25/30:  92%|█████████▏| 451/489 [02:23<00:12,  3.14it/s][A
Train 25/30:  93%|█████████▎| 455/489 [02:24<00:10,  3.14it/s][A
Train 25/30:  94%|█████████▍| 459/489 [02:26<00:09,  3.14it/s][A
Train 25/30:  95%|█████████▍| 463/489 [02:27<00:08,  3.14it/s][A
Train 25/30:  96%|█████████▌| 467/489 [02:28<00:06,  3.15it/s][A
Train 25/30:  96%|█████████▋| 471/489 [02:29<00:05,  3.15it/s][A
Train 25/30:  97%|█████████▋| 475/489 [02:31<00:04,  3.15it/s][A
Train 25/30:  98%|█████████▊| 479/489 [02:32<00:03,  3.15it/s][A
Train 25/30:  99%|█████████▉| 483/489 [02:33<00:01,  3.15it/s][A
Train 25/30: 100%|█████████▉| 487/489 [02:35<00:00,  3.15it/s][A
                                                              [A
Val:   0%|          | 0/29 [00:00<?, ?it/s][A
Val:  28%|██▊       | 8/29 [00:01<00:02,  7.74it/s][A
Val:  76%|███████▌  | 22/29 [00:02<00:00, 11.24it/s][A
                                                    [AEpochs:  80%|████████  | 24/30 [1:08:39<16:22, 163.74s/it, lat_cos=0.229, lr=2.75e-04, pstd=0.3620, train=0.003904, val=0.003815]Epoch 25 | train MSE: 0.003904 | val MSE: 0.003815 | latent_cos: 0.229 (<0.7=escaped) | pred_std: 0.3620 (>0.04=content) | train_clip_offset=16 | lr: 2.75e-04
                                                                                                                                 Saved checkpoint to runs/gridworld-tok-v2/tokenizer.pt
Epochs:  80%|████████  | 24/30 [1:08:40<16:22, 163.74s/it, lat_cos=0.229, lr=2.75e-04, pstd=0.3620, train=0.003904, val=0.003815]Epochs:  83%|████████▎ | 25/30 [1:08:40<13:30, 162.10s/it, lat_cos=0.229, lr=2.75e-04, pstd=0.3620, train=0.003904, val=0.003815]
Train 26/30:   0%|          | 0/534 [00:00<?, ?it/s][A
Train 26/30:   1%|          | 3/534 [00:01<03:50,  2.31it/s][A
Train 26/30:   1%|▏         | 7/534 [00:02<03:08,  2.80it/s][A
Train 26/30:   2%|▏         | 11/534 [00:03<02:56,  2.96it/s][A
Train 26/30:   3%|▎         | 15/534 [00:05<02:51,  3.03it/s][A
Train 26/30:   4%|▎         | 19/534 [00:06<02:47,  3.08it/s][A
Train 26/30:   4%|▍         | 23/534 [00:07<02:44,  3.10it/s][A
Train 26/30:   5%|▌         | 27/534 [00:08<02:42,  3.11it/s][A
Train 26/30:   6%|▌         | 31/534 [00:10<02:41,  3.12it/s][A
Train 26/30:   7%|▋         | 35/534 [00:11<02:39,  3.13it/s][A
Train 26/30:   7%|▋         | 39/534 [00:12<02:37,  3.14it/s][A
Train 26/30:   8%|▊         | 43/534 [00:14<02:36,  3.14it/s][A
Train 26/30:   9%|▉         | 47/534 [00:15<02:34,  3.15it/s][A
Train 26/30:  10%|▉         | 51/534 [00:16<02:33,  3.15it/s][A
Train 26/30:  10%|█         | 55/534 [00:17<02:32,  3.15it/s][A
Train 26/30:  11%|█         | 59/534 [00:19<02:30,  3.15it/s][A
Train 26/30:  12%|█▏        | 63/534 [00:20<02:29,  3.15it/s][A
Train 26/30:  13%|█▎        | 67/534 [00:21<02:28,  3.15it/s][A
Train 26/30:  13%|█▎        | 71/534 [00:22<02:27,  3.15it/s][A
Train 26/30:  14%|█▍        | 75/534 [00:24<02:25,  3.15it/s][A
Train 26/30:  15%|█▍        | 79/534 [00:25<02:24,  3.15it/s][A
Train 26/30:  16%|█▌        | 83/534 [00:26<02:23,  3.15it/s][A
Train 26/30:  16%|█▋        | 87/534 [00:27<02:21,  3.15it/s][A
Train 26/30:  17%|█▋        | 91/534 [00:29<02:20,  3.15it/s][A
Train 26/30:  18%|█▊        | 95/534 [00:30<02:19,  3.15it/s][A
Train 26/30:  19%|█▊        | 99/534 [00:31<02:18,  3.15it/s][A
Train 26/30:  19%|█▉        | 103/534 [00:33<02:16,  3.15it/s][A
Train 26/30:  20%|██        | 107/534 [00:34<02:15,  3.15it/s][A
Train 26/30:  21%|██        | 111/534 [00:35<02:14,  3.15it/s][A
Train 26/30:  22%|██▏       | 115/534 [00:36<02:13,  3.15it/s][A
Train 26/30:  22%|██▏       | 119/534 [00:38<02:11,  3.14it/s][A
Train 26/30:  23%|██▎       | 123/534 [00:39<02:10,  3.14it/s][A
Train 26/30:  24%|██▍       | 127/534 [00:40<02:09,  3.15it/s][A
Train 26/30:  25%|██▍       | 131/534 [00:41<02:08,  3.15it/s][A
Train 26/30:  25%|██▌       | 135/534 [00:43<02:06,  3.15it/s][A
Train 26/30:  26%|██▌       | 139/534 [00:44<02:05,  3.15it/s][A
Train 26/30:  27%|██▋       | 143/534 [00:45<02:04,  3.15it/s][A
Train 26/30:  28%|██▊       | 147/534 [00:47<02:02,  3.15it/s][A
Train 26/30:  28%|██▊       | 151/534 [00:48<02:01,  3.15it/s][A
Train 26/30:  29%|██▉       | 155/534 [00:49<02:00,  3.15it/s][A
Train 26/30:  30%|██▉       | 159/534 [00:50<01:59,  3.15it/s][A
Train 26/30:  31%|███       | 163/534 [00:52<01:57,  3.15it/s][A
Train 26/30:  31%|███▏      | 167/534 [00:53<01:56,  3.14it/s][A
Train 26/30:  32%|███▏      | 171/534 [00:54<01:55,  3.14it/s][A
Train 26/30:  33%|███▎      | 175/534 [00:55<01:54,  3.14it/s][A
Train 26/30:  34%|███▎      | 179/534 [00:57<01:52,  3.15it/s][A
Train 26/30:  34%|███▍      | 183/534 [00:58<01:51,  3.14it/s][A
Train 26/30:  35%|███▌      | 187/534 [00:59<01:50,  3.14it/s][A
Train 26/30:  36%|███▌      | 191/534 [01:01<01:49,  3.15it/s][A
Train 26/30:  37%|███▋      | 195/534 [01:02<01:47,  3.15it/s][A
Train 26/30:  37%|███▋      | 199/534 [01:03<01:46,  3.15it/s][A
Train 26/30:  38%|███▊      | 203/534 [01:04<01:45,  3.15it/s][A
Train 26/30:  39%|███▉      | 207/534 [01:06<01:43,  3.15it/s][A
Train 26/30:  40%|███▉      | 211/534 [01:07<01:42,  3.15it/s][A
Train 26/30:  40%|████      | 215/534 [01:08<01:41,  3.15it/s][A
Train 26/30:  41%|████      | 219/534 [01:09<01:39,  3.15it/s][A
Train 26/30:  42%|████▏     | 223/534 [01:11<01:38,  3.15it/s][A
Train 26/30:  43%|████▎     | 227/534 [01:12<01:37,  3.15it/s][A
Train 26/30:  43%|████▎     | 231/534 [01:13<01:36,  3.15it/s][A
Train 26/30:  44%|████▍     | 235/534 [01:15<01:34,  3.15it/s][A
Train 26/30:  45%|████▍     | 239/534 [01:16<01:33,  3.15it/s][A
Train 26/30:  46%|████▌     | 243/534 [01:17<01:32,  3.15it/s][A
Train 26/30:  46%|████▋     | 247/534 [01:18<01:31,  3.15it/s][A
Train 26/30:  47%|████▋     | 251/534 [01:20<01:29,  3.15it/s][A
Train 26/30:  48%|████▊     | 255/534 [01:21<01:28,  3.15it/s][A
Train 26/30:  49%|████▊     | 259/534 [01:22<01:27,  3.15it/s][A
Train 26/30:  49%|████▉     | 263/534 [01:23<01:26,  3.15it/s][A
Train 26/30:  50%|█████     | 267/534 [01:25<01:24,  3.15it/s][A
Train 26/30:  51%|█████     | 271/534 [01:26<01:23,  3.15it/s][A
Train 26/30:  51%|█████▏    | 275/534 [01:27<01:22,  3.14it/s][A
Train 26/30:  52%|█████▏    | 279/534 [01:28<01:21,  3.15it/s][A
Train 26/30:  53%|█████▎    | 283/534 [01:30<01:19,  3.15it/s][A
Train 26/30:  54%|█████▎    | 287/534 [01:31<01:18,  3.14it/s][A
Train 26/30:  54%|█████▍    | 291/534 [01:32<01:17,  3.14it/s][A
Train 26/30:  55%|█████▌    | 295/534 [01:34<01:16,  3.14it/s][A
Train 26/30:  56%|█████▌    | 299/534 [01:35<01:14,  3.14it/s][A
Train 26/30:  57%|█████▋    | 303/534 [01:36<01:13,  3.15it/s][A
Train 26/30:  57%|█████▋    | 307/534 [01:37<01:12,  3.15it/s][A
Train 26/30:  58%|█████▊    | 311/534 [01:39<01:10,  3.15it/s][A
Train 26/30:  59%|█████▉    | 315/534 [01:40<01:09,  3.15it/s][A
Train 26/30:  60%|█████▉    | 319/534 [01:41<01:08,  3.15it/s][A
Train 26/30:  60%|██████    | 323/534 [01:42<01:07,  3.15it/s][A
Train 26/30:  61%|██████    | 327/534 [01:44<01:05,  3.15it/s][A
Train 26/30:  62%|██████▏   | 331/534 [01:45<01:04,  3.15it/s][A
Train 26/30:  63%|██████▎   | 335/534 [01:46<01:03,  3.15it/s][A
Train 26/30:  63%|██████▎   | 339/534 [01:48<01:01,  3.15it/s][A
Train 26/30:  64%|██████▍   | 343/534 [01:49<01:00,  3.15it/s][A
Train 26/30:  65%|██████▍   | 347/534 [01:50<00:59,  3.15it/s][A
Train 26/30:  66%|██████▌   | 351/534 [01:51<00:58,  3.15it/s][A
Train 26/30:  66%|██████▋   | 355/534 [01:53<00:56,  3.14it/s][A
Train 26/30:  67%|██████▋   | 359/534 [01:54<00:55,  3.14it/s][A
Train 26/30:  68%|██████▊   | 363/534 [01:55<00:54,  3.15it/s][A
Train 26/30:  69%|██████▊   | 367/534 [01:56<00:53,  3.15it/s][A
Train 26/30:  69%|██████▉   | 371/534 [01:58<00:51,  3.15it/s][A
Train 26/30:  70%|███████   | 375/534 [01:59<00:50,  3.15it/s][A
Train 26/30:  71%|███████   | 379/534 [02:00<00:49,  3.15it/s][A
Train 26/30:  72%|███████▏  | 383/534 [02:02<00:47,  3.15it/s][A
Train 26/30:  72%|███████▏  | 387/534 [02:03<00:46,  3.15it/s][A
Train 26/30:  73%|███████▎  | 391/534 [02:04<00:45,  3.15it/s][A
Train 26/30:  74%|███████▍  | 395/534 [02:05<00:44,  3.15it/s][A
Train 26/30:  75%|███████▍  | 399/534 [02:07<00:42,  3.14it/s][A
Train 26/30:  75%|███████▌  | 403/534 [02:08<00:41,  3.15it/s][A
Train 26/30:  76%|███████▌  | 407/534 [02:09<00:40,  3.15it/s][A
Train 26/30:  77%|███████▋  | 411/534 [02:10<00:39,  3.15it/s][A
Train 26/30:  78%|███████▊  | 415/534 [02:12<00:37,  3.15it/s][A
Train 26/30:  78%|███████▊  | 419/534 [02:13<00:36,  3.15it/s][A
Train 26/30:  79%|███████▉  | 423/534 [02:14<00:35,  3.15it/s][A
Train 26/30:  80%|███████▉  | 427/534 [02:16<00:34,  3.15it/s][A
Train 26/30:  81%|████████  | 431/534 [02:17<00:32,  3.15it/s][A
Train 26/30:  81%|████████▏ | 435/534 [02:18<00:31,  3.15it/s][A
Train 26/30:  82%|████████▏ | 439/534 [02:19<00:30,  3.14it/s][A
Train 26/30:  83%|████████▎ | 443/534 [02:21<00:28,  3.14it/s][A
Train 26/30:  84%|████████▎ | 447/534 [02:22<00:27,  3.14it/s][A
Train 26/30:  84%|████████▍ | 451/534 [02:23<00:26,  3.14it/s][A
Train 26/30:  85%|████████▌ | 455/534 [02:24<00:25,  3.14it/s][A
Train 26/30:  86%|████████▌ | 459/534 [02:26<00:23,  3.14it/s][A
Train 26/30:  87%|████████▋ | 463/534 [02:27<00:22,  3.14it/s][A
Train 26/30:  87%|████████▋ | 467/534 [02:28<00:21,  3.14it/s][A
Train 26/30:  88%|████████▊ | 471/534 [02:30<00:20,  3.15it/s][A
Train 26/30:  89%|████████▉ | 475/534 [02:31<00:18,  3.15it/s][A
Train 26/30:  90%|████████▉ | 479/534 [02:32<00:17,  3.15it/s][A
Train 26/30:  90%|█████████ | 483/534 [02:33<00:16,  3.15it/s][A
Train 26/30:  91%|█████████ | 487/534 [02:35<00:14,  3.15it/s][A
Train 26/30:  92%|█████████▏| 491/534 [02:36<00:13,  3.15it/s][A
Train 26/30:  93%|█████████▎| 495/534 [02:37<00:12,  3.15it/s][A
Train 26/30:  93%|█████████▎| 499/534 [02:38<00:11,  3.15it/s][A
Train 26/30:  94%|█████████▍| 503/534 [02:40<00:09,  3.14it/s][A
Train 26/30:  95%|█████████▍| 507/534 [02:41<00:08,  3.15it/s][A
Train 26/30:  96%|█████████▌| 511/534 [02:42<00:07,  3.15it/s][A
Train 26/30:  96%|█████████▋| 515/534 [02:43<00:06,  3.15it/s][A
Train 26/30:  97%|█████████▋| 519/534 [02:45<00:04,  3.15it/s][A
Train 26/30:  98%|█████████▊| 523/534 [02:46<00:03,  3.15it/s][A
Train 26/30:  99%|█████████▊| 527/534 [02:47<00:02,  3.15it/s][A
Train 26/30:  99%|█████████▉| 531/534 [02:49<00:00,  3.15it/s][A
                                                              [A
Val:   0%|          | 0/29 [00:00<?, ?it/s][A
Val:  34%|███▍      | 10/29 [00:01<00:01,  9.89it/s][A
Val:  83%|████████▎ | 24/29 [00:02<00:00, 12.14it/s][A
                                                    [AEpochs:  83%|████████▎ | 25/30 [1:11:32<13:30, 162.10s/it, lat_cos=0.223, lr=2.30e-04, pstd=0.3614, train=0.003881, val=0.003811]Epoch 26 | train MSE: 0.003881 | val MSE: 0.003811 | latent_cos: 0.223 (<0.7=escaped) | pred_std: 0.3614 (>0.04=content) | train_clip_offset=5 | lr: 2.30e-04
                                                                                                                                 Saved checkpoint to runs/gridworld-tok-v2/tokenizer.pt
Epochs:  83%|████████▎ | 25/30 [1:11:32<13:30, 162.10s/it, lat_cos=0.223, lr=2.30e-04, pstd=0.3614, train=0.003881, val=0.003811]Epochs:  87%|████████▋ | 26/30 [1:11:32<11:00, 165.21s/it, lat_cos=0.223, lr=2.30e-04, pstd=0.3614, train=0.003881, val=0.003811]
Train 27/30:   0%|          | 0/534 [00:00<?, ?it/s][A
Train 27/30:   1%|          | 3/534 [00:01<03:50,  2.31it/s][A
Train 27/30:   1%|▏         | 7/534 [00:02<03:08,  2.79it/s][A
Train 27/30:   2%|▏         | 11/534 [00:03<02:57,  2.95it/s][A
Train 27/30:   3%|▎         | 15/534 [00:05<02:51,  3.03it/s][A
Train 27/30:   4%|▎         | 19/534 [00:06<02:47,  3.07it/s][A
Train 27/30:   4%|▍         | 23/534 [00:07<02:44,  3.10it/s][A
Train 27/30:   5%|▌         | 27/534 [00:08<02:42,  3.12it/s][A
Train 27/30:   6%|▌         | 31/534 [00:10<02:41,  3.12it/s][A
Train 27/30:   7%|▋         | 35/534 [00:11<02:39,  3.13it/s][A
Train 27/30:   7%|▋         | 39/534 [00:12<02:37,  3.14it/s][A
Train 27/30:   8%|▊         | 43/534 [00:14<02:36,  3.14it/s][A
Train 27/30:   9%|▉         | 47/534 [00:15<02:34,  3.14it/s][A
Train 27/30:  10%|▉         | 51/534 [00:16<02:33,  3.14it/s][A
Train 27/30:  10%|█         | 55/534 [00:17<02:32,  3.15it/s][A
Train 27/30:  11%|█         | 59/534 [00:19<02:31,  3.15it/s][A
Train 27/30:  12%|█▏        | 63/534 [00:20<02:29,  3.15it/s][A
Train 27/30:  13%|█▎        | 67/534 [00:21<02:28,  3.15it/s][A
Train 27/30:  13%|█▎        | 71/534 [00:22<02:27,  3.15it/s][A
Train 27/30:  14%|█▍        | 75/534 [00:24<02:25,  3.15it/s][A
Train 27/30:  15%|█▍        | 79/534 [00:25<02:24,  3.15it/s][A
Train 27/30:  16%|█▌        | 83/534 [00:26<02:23,  3.15it/s][A
Train 27/30:  16%|█▋        | 87/534 [00:27<02:21,  3.15it/s][A
Train 27/30:  17%|█▋        | 91/534 [00:29<02:20,  3.15it/s][A
Train 27/30:  18%|█▊        | 95/534 [00:30<02:19,  3.15it/s][A
Train 27/30:  19%|█▊        | 99/534 [00:31<02:18,  3.15it/s][A
Train 27/30:  19%|█▉        | 103/534 [00:33<02:16,  3.15it/s][A
Train 27/30:  20%|██        | 107/534 [00:34<02:15,  3.15it/s][A
Train 27/30:  21%|██        | 111/534 [00:35<02:14,  3.15it/s][A
Train 27/30:  22%|██▏       | 115/534 [00:36<02:13,  3.15it/s][A
Train 27/30:  22%|██▏       | 119/534 [00:38<02:11,  3.15it/s][A
Train 27/30:  23%|██▎       | 123/534 [00:39<02:10,  3.15it/s][A
Train 27/30:  24%|██▍       | 127/534 [00:40<02:09,  3.15it/s][A
Train 27/30:  25%|██▍       | 131/534 [00:41<02:08,  3.15it/s][A
Train 27/30:  25%|██▌       | 135/534 [00:43<02:06,  3.14it/s][A
Train 27/30:  26%|██▌       | 139/534 [00:44<02:05,  3.15it/s][A
Train 27/30:  27%|██▋       | 143/534 [00:45<02:04,  3.15it/s][A
Train 27/30:  28%|██▊       | 147/534 [00:47<02:03,  3.15it/s][A
Train 27/30:  28%|██▊       | 151/534 [00:48<02:01,  3.15it/s][A
Train 27/30:  29%|██▉       | 155/534 [00:49<02:00,  3.15it/s][A
Train 27/30:  30%|██▉       | 159/534 [00:50<01:59,  3.15it/s][A
Train 27/30:  31%|███       | 163/534 [00:52<01:58,  3.14it/s][A
Train 27/30:  31%|███▏      | 167/534 [00:53<01:56,  3.15it/s][A
Train 27/30:  32%|███▏      | 171/534 [00:54<01:55,  3.15it/s][A
Train 27/30:  33%|███▎      | 175/534 [00:55<01:53,  3.15it/s][A
Train 27/30:  34%|███▎      | 179/534 [00:57<01:52,  3.15it/s][A
Train 27/30:  34%|███▍      | 183/534 [00:58<01:51,  3.15it/s][A
Train 27/30:  35%|███▌      | 187/534 [00:59<01:50,  3.15it/s][A
Train 27/30:  36%|███▌      | 191/534 [01:01<01:48,  3.15it/s][A
Train 27/30:  37%|███▋      | 195/534 [01:02<01:47,  3.15it/s][A
Train 27/30:  37%|███▋      | 199/534 [01:03<01:46,  3.15it/s][A
Train 27/30:  38%|███▊      | 203/534 [01:04<01:45,  3.15it/s][A
Train 27/30:  39%|███▉      | 207/534 [01:06<01:43,  3.15it/s][A
Train 27/30:  40%|███▉      | 211/534 [01:07<01:42,  3.15it/s][A
Train 27/30:  40%|████      | 215/534 [01:08<01:41,  3.15it/s][A
Train 27/30:  41%|████      | 219/534 [01:09<01:40,  3.15it/s][A
Train 27/30:  42%|████▏     | 223/534 [01:11<01:38,  3.15it/s][A
Train 27/30:  43%|████▎     | 227/534 [01:12<01:37,  3.14it/s][A
Train 27/30:  43%|████▎     | 231/534 [01:13<01:36,  3.15it/s][A
Train 27/30:  44%|████▍     | 235/534 [01:15<01:35,  3.15it/s][A
Train 27/30:  45%|████▍     | 239/534 [01:16<01:33,  3.15it/s][A
Train 27/30:  46%|████▌     | 243/534 [01:17<01:32,  3.14it/s][A
Train 27/30:  46%|████▋     | 247/534 [01:18<01:31,  3.14it/s][A
Train 27/30:  47%|████▋     | 251/534 [01:20<01:29,  3.15it/s][A
Train 27/30:  48%|████▊     | 255/534 [01:21<01:28,  3.15it/s][A
Train 27/30:  49%|████▊     | 259/534 [01:22<01:27,  3.15it/s][A
Train 27/30:  49%|████▉     | 263/534 [01:23<01:26,  3.15it/s][A
Train 27/30:  50%|█████     | 267/534 [01:25<01:24,  3.15it/s][A
Train 27/30:  51%|█████     | 271/534 [01:26<01:23,  3.15it/s][A
Train 27/30:  51%|█████▏    | 275/534 [01:27<01:22,  3.15it/s][A
Train 27/30:  52%|█████▏    | 279/534 [01:28<01:20,  3.15it/s][A
Train 27/30:  53%|█████▎    | 283/534 [01:30<01:19,  3.15it/s][A
Train 27/30:  54%|█████▎    | 287/534 [01:31<01:18,  3.15it/s][A
Train 27/30:  54%|█████▍    | 291/534 [01:32<01:17,  3.15it/s][A
Train 27/30:  55%|█████▌    | 295/534 [01:34<01:15,  3.15it/s][A
Train 27/30:  56%|█████▌    | 299/534 [01:35<01:14,  3.15it/s][A
Train 27/30:  57%|█████▋    | 303/534 [01:36<01:13,  3.15it/s][A
Train 27/30:  57%|█████▋    | 307/534 [01:37<01:12,  3.15it/s][A
Train 27/30:  58%|█████▊    | 311/534 [01:39<01:10,  3.15it/s][A
Train 27/30:  59%|█████▉    | 315/534 [01:40<01:09,  3.15it/s][A
Train 27/30:  60%|█████▉    | 319/534 [01:41<01:08,  3.15it/s][A
Train 27/30:  60%|██████    | 323/534 [01:42<01:06,  3.15it/s][A
Train 27/30:  61%|██████    | 327/534 [01:44<01:05,  3.15it/s][A
Train 27/30:  62%|██████▏   | 331/534 [01:45<01:04,  3.15it/s][A
Train 27/30:  63%|██████▎   | 335/534 [01:46<01:03,  3.15it/s][A
Train 27/30:  63%|██████▎   | 339/534 [01:48<01:01,  3.15it/s][A
Train 27/30:  64%|██████▍   | 343/534 [01:49<01:00,  3.15it/s][A
Train 27/30:  65%|██████▍   | 347/534 [01:50<00:59,  3.15it/s][A
Train 27/30:  66%|██████▌   | 351/534 [01:51<00:58,  3.15it/s][A
Train 27/30:  66%|██████▋   | 355/534 [01:53<00:56,  3.14it/s][A
Train 27/30:  67%|██████▋   | 359/534 [01:54<00:55,  3.15it/s][A
Train 27/30:  68%|██████▊   | 363/534 [01:55<00:54,  3.15it/s][A
Train 27/30:  69%|██████▊   | 367/534 [01:56<00:52,  3.15it/s][A
Train 27/30:  69%|██████▉   | 371/534 [01:58<00:51,  3.15it/s][A
Train 27/30:  70%|███████   | 375/534 [01:59<00:50,  3.15it/s][A
Train 27/30:  71%|███████   | 379/534 [02:00<00:49,  3.15it/s][A
Train 27/30:  72%|███████▏  | 383/534 [02:02<00:47,  3.15it/s][A
Train 27/30:  72%|███████▏  | 387/534 [02:03<00:46,  3.15it/s][A
Train 27/30:  73%|███████▎  | 391/534 [02:04<00:45,  3.15it/s][A
Train 27/30:  74%|███████▍  | 395/534 [02:05<00:44,  3.15it/s][A
Train 27/30:  75%|███████▍  | 399/534 [02:07<00:42,  3.15it/s][A
Train 27/30:  75%|███████▌  | 403/534 [02:08<00:41,  3.15it/s][A
Train 27/30:  76%|███████▌  | 407/534 [02:09<00:40,  3.15it/s][A
Train 27/30:  77%|███████▋  | 411/534 [02:10<00:39,  3.15it/s][A
Train 27/30:  78%|███████▊  | 415/534 [02:12<00:37,  3.15it/s][A
Train 27/30:  78%|███████▊  | 419/534 [02:13<00:36,  3.15it/s][A
Train 27/30:  79%|███████▉  | 423/534 [02:14<00:35,  3.15it/s][A
Train 27/30:  80%|███████▉  | 427/534 [02:15<00:34,  3.15it/s][A
Train 27/30:  81%|████████  | 431/534 [02:17<00:32,  3.15it/s][A
Train 27/30:  81%|████████▏ | 435/534 [02:18<00:31,  3.15it/s][A
Train 27/30:  82%|████████▏ | 439/534 [02:19<00:30,  3.14it/s][A
Train 27/30:  83%|████████▎ | 443/534 [02:21<00:28,  3.14it/s][A
Train 27/30:  84%|████████▎ | 447/534 [02:22<00:27,  3.14it/s][A
Train 27/30:  84%|████████▍ | 451/534 [02:23<00:26,  3.15it/s][A
Train 27/30:  85%|████████▌ | 455/534 [02:24<00:25,  3.14it/s][A
Train 27/30:  86%|████████▌ | 459/534 [02:26<00:23,  3.15it/s][A
Train 27/30:  87%|████████▋ | 463/534 [02:27<00:22,  3.15it/s][A
Train 27/30:  87%|████████▋ | 467/534 [02:28<00:21,  3.15it/s][A
Train 27/30:  88%|████████▊ | 471/534 [02:29<00:20,  3.14it/s][A
Train 27/30:  89%|████████▉ | 475/534 [02:31<00:18,  3.14it/s][A
Train 27/30:  90%|████████▉ | 479/534 [02:32<00:17,  3.15it/s][A
Train 27/30:  90%|█████████ | 483/534 [02:33<00:16,  3.14it/s][A
Train 27/30:  91%|█████████ | 487/534 [02:35<00:14,  3.14it/s][A
Train 27/30:  92%|█████████▏| 491/534 [02:36<00:13,  3.15it/s][A
Train 27/30:  93%|█████████▎| 495/534 [02:37<00:12,  3.15it/s][A
Train 27/30:  93%|█████████▎| 499/534 [02:38<00:11,  3.15it/s][A
Train 27/30:  94%|█████████▍| 503/534 [02:40<00:09,  3.14it/s][A
Train 27/30:  95%|█████████▍| 507/534 [02:41<00:08,  3.14it/s][A
Train 27/30:  96%|█████████▌| 511/534 [02:42<00:07,  3.15it/s][A
Train 27/30:  96%|█████████▋| 515/534 [02:43<00:06,  3.15it/s][A
Train 27/30:  97%|█████████▋| 519/534 [02:45<00:04,  3.15it/s][A
Train 27/30:  98%|█████████▊| 523/534 [02:46<00:03,  3.15it/s][A
Train 27/30:  99%|█████████▊| 527/534 [02:47<00:02,  3.15it/s][A
Train 27/30:  99%|█████████▉| 531/534 [02:49<00:00,  3.15it/s][A
                                                              [A
Val:   0%|          | 0/29 [00:00<?, ?it/s][A
Val:  28%|██▊       | 8/29 [00:01<00:02,  7.80it/s][A
Val:  76%|███████▌  | 22/29 [00:02<00:00, 11.26it/s][A
                                                    [AEpochs:  87%|████████▋ | 26/30 [1:14:25<11:00, 165.21s/it, lat_cos=0.219, lr=1.72e-04, pstd=0.3613, train=0.003866, val=0.003761]Epoch 27 | train MSE: 0.003866 | val MSE: 0.003761 | latent_cos: 0.219 (<0.7=escaped) | pred_std: 0.3613 (>0.04=content) | train_clip_offset=8 | lr: 1.72e-04
                                                                                                                                 Saved checkpoint to runs/gridworld-tok-v2/tokenizer.pt
Epochs:  87%|████████▋ | 26/30 [1:14:25<11:00, 165.21s/it, lat_cos=0.219, lr=1.72e-04, pstd=0.3613, train=0.003866, val=0.003761]Epochs:  90%|█████████ | 27/30 [1:14:25<08:22, 167.46s/it, lat_cos=0.219, lr=1.72e-04, pstd=0.3613, train=0.003866, val=0.003761]
Train 28/30:   0%|          | 0/489 [00:00<?, ?it/s][A
Train 28/30:   1%|          | 3/489 [00:01<03:28,  2.33it/s][A
Train 28/30:   1%|▏         | 7/489 [00:02<02:51,  2.81it/s][A
Train 28/30:   2%|▏         | 11/489 [00:03<02:41,  2.96it/s][A
Train 28/30:   3%|▎         | 15/489 [00:05<02:36,  3.04it/s][A
Train 28/30:   4%|▍         | 19/489 [00:06<02:32,  3.08it/s][A
Train 28/30:   5%|▍         | 23/489 [00:07<02:30,  3.10it/s][A
Train 28/30:   6%|▌         | 27/489 [00:08<02:28,  3.12it/s][A
Train 28/30:   6%|▋         | 31/489 [00:10<02:26,  3.12it/s][A
Train 28/30:   7%|▋         | 35/489 [00:11<02:24,  3.13it/s][A
Train 28/30:   8%|▊         | 39/489 [00:12<02:23,  3.14it/s][A
Train 28/30:   9%|▉         | 43/489 [00:13<02:22,  3.14it/s][A
Train 28/30:  10%|▉         | 47/489 [00:15<02:20,  3.14it/s][A
Train 28/30:  10%|█         | 51/489 [00:16<02:19,  3.14it/s][A
Train 28/30:  11%|█         | 55/489 [00:17<02:17,  3.15it/s][A
Train 28/30:  12%|█▏        | 59/489 [00:19<02:16,  3.14it/s][A
Train 28/30:  13%|█▎        | 63/489 [00:20<02:15,  3.15it/s][A
Train 28/30:  14%|█▎        | 67/489 [00:21<02:14,  3.15it/s][A
Train 28/30:  15%|█▍        | 71/489 [00:22<02:12,  3.14it/s][A
Train 28/30:  15%|█▌        | 75/489 [00:24<02:11,  3.14it/s][A
Train 28/30:  16%|█▌        | 79/489 [00:25<02:10,  3.14it/s][A
Train 28/30:  17%|█▋        | 83/489 [00:26<02:09,  3.14it/s][A
Train 28/30:  18%|█▊        | 87/489 [00:27<02:07,  3.14it/s][A
Train 28/30:  19%|█▊        | 91/489 [00:29<02:06,  3.14it/s][A
Train 28/30:  19%|█▉        | 95/489 [00:30<02:05,  3.14it/s][A
Train 28/30:  20%|██        | 99/489 [00:31<02:04,  3.14it/s][A
Train 28/30:  21%|██        | 103/489 [00:33<02:02,  3.14it/s][A
Train 28/30:  22%|██▏       | 107/489 [00:34<02:01,  3.15it/s][A
Train 28/30:  23%|██▎       | 111/489 [00:35<02:00,  3.15it/s][A
Train 28/30:  24%|██▎       | 115/489 [00:36<01:58,  3.15it/s][A
Train 28/30:  24%|██▍       | 119/489 [00:38<01:57,  3.15it/s][A
Train 28/30:  25%|██▌       | 123/489 [00:39<01:56,  3.15it/s][A
Train 28/30:  26%|██▌       | 127/489 [00:40<01:55,  3.15it/s][A
Train 28/30:  27%|██▋       | 131/489 [00:41<01:53,  3.15it/s][A
Train 28/30:  28%|██▊       | 135/489 [00:43<01:52,  3.15it/s][A
Train 28/30:  28%|██▊       | 139/489 [00:44<01:51,  3.15it/s][A
Train 28/30:  29%|██▉       | 143/489 [00:45<01:50,  3.15it/s][A
Train 28/30:  30%|███       | 147/489 [00:47<01:48,  3.15it/s][A
Train 28/30:  31%|███       | 151/489 [00:48<01:47,  3.15it/s][A
Train 28/30:  32%|███▏      | 155/489 [00:49<01:46,  3.15it/s][A
Train 28/30:  33%|███▎      | 159/489 [00:50<01:44,  3.14it/s][A
Train 28/30:  33%|███▎      | 163/489 [00:52<01:43,  3.14it/s][A
Train 28/30:  34%|███▍      | 167/489 [00:53<01:42,  3.14it/s][A
Train 28/30:  35%|███▍      | 171/489 [00:54<01:41,  3.14it/s][A
Train 28/30:  36%|███▌      | 175/489 [00:55<01:39,  3.15it/s][A
Train 28/30:  37%|███▋      | 179/489 [00:57<01:38,  3.14it/s][A
Train 28/30:  37%|███▋      | 183/489 [00:58<01:37,  3.14it/s][A
Train 28/30:  38%|███▊      | 187/489 [00:59<01:36,  3.15it/s][A
Train 28/30:  39%|███▉      | 191/489 [01:01<01:34,  3.14it/s][A
Train 28/30:  40%|███▉      | 195/489 [01:02<01:33,  3.15it/s][A
Train 28/30:  41%|████      | 199/489 [01:03<01:32,  3.15it/s][A
Train 28/30:  42%|████▏     | 203/489 [01:04<01:30,  3.15it/s][A
Train 28/30:  42%|████▏     | 207/489 [01:06<01:29,  3.15it/s][A
Train 28/30:  43%|████▎     | 211/489 [01:07<01:28,  3.15it/s][A
Train 28/30:  44%|████▍     | 215/489 [01:08<01:27,  3.15it/s][A
Train 28/30:  45%|████▍     | 219/489 [01:09<01:25,  3.15it/s][A
Train 28/30:  46%|████▌     | 223/489 [01:11<01:24,  3.15it/s][A
Train 28/30:  46%|████▋     | 227/489 [01:12<01:23,  3.15it/s][A
Train 28/30:  47%|████▋     | 231/489 [01:13<01:21,  3.15it/s][A
Train 28/30:  48%|████▊     | 235/489 [01:15<01:20,  3.15it/s][A
Train 28/30:  49%|████▉     | 239/489 [01:16<01:19,  3.15it/s][A
Train 28/30:  50%|████▉     | 243/489 [01:17<01:18,  3.15it/s][A
Train 28/30:  51%|█████     | 247/489 [01:18<01:16,  3.15it/s][A
Train 28/30:  51%|█████▏    | 251/489 [01:20<01:15,  3.15it/s][A
Train 28/30:  52%|█████▏    | 255/489 [01:21<01:14,  3.15it/s][A
Train 28/30:  53%|█████▎    | 259/489 [01:22<01:13,  3.15it/s][A
Train 28/30:  54%|█████▍    | 263/489 [01:23<01:11,  3.15it/s][A
Train 28/30:  55%|█████▍    | 267/489 [01:25<01:10,  3.15it/s][A
Train 28/30:  55%|█████▌    | 271/489 [01:26<01:09,  3.16it/s][A
Train 28/30:  56%|█████▌    | 275/489 [01:27<01:07,  3.15it/s][A
Train 28/30:  57%|█████▋    | 279/489 [01:28<01:06,  3.15it/s][A
Train 28/30:  58%|█████▊    | 283/489 [01:30<01:05,  3.15it/s][A
Train 28/30:  59%|█████▊    | 287/489 [01:31<01:04,  3.15it/s][A
Train 28/30:  60%|█████▉    | 291/489 [01:32<01:02,  3.15it/s][A
Train 28/30:  60%|██████    | 295/489 [01:34<01:01,  3.15it/s][A
Train 28/30:  61%|██████    | 299/489 [01:35<01:00,  3.15it/s][A
Train 28/30:  62%|██████▏   | 303/489 [01:36<00:58,  3.15it/s][A
Train 28/30:  63%|██████▎   | 307/489 [01:37<00:57,  3.15it/s][A
Train 28/30:  64%|██████▎   | 311/489 [01:39<00:56,  3.15it/s][A
Train 28/30:  64%|██████▍   | 315/489 [01:40<00:55,  3.15it/s][A
Train 28/30:  65%|██████▌   | 319/489 [01:41<00:53,  3.15it/s][A
Train 28/30:  66%|██████▌   | 323/489 [01:42<00:52,  3.15it/s][A
Train 28/30:  67%|██████▋   | 327/489 [01:44<00:51,  3.15it/s][A
Train 28/30:  68%|██████▊   | 331/489 [01:45<00:50,  3.15it/s][A
Train 28/30:  69%|██████▊   | 335/489 [01:46<00:48,  3.15it/s][A
Train 28/30:  69%|██████▉   | 339/489 [01:48<00:47,  3.15it/s][A
Train 28/30:  70%|███████   | 343/489 [01:49<00:46,  3.15it/s][A
Train 28/30:  71%|███████   | 347/489 [01:50<00:45,  3.15it/s][A
Train 28/30:  72%|███████▏  | 351/489 [01:51<00:43,  3.15it/s][A
Train 28/30:  73%|███████▎  | 355/489 [01:53<00:42,  3.15it/s][A
Train 28/30:  73%|███████▎  | 359/489 [01:54<00:41,  3.15it/s][A
Train 28/30:  74%|███████▍  | 363/489 [01:55<00:40,  3.15it/s][A
Train 28/30:  75%|███████▌  | 367/489 [01:56<00:38,  3.15it/s][A
Train 28/30:  76%|███████▌  | 371/489 [01:58<00:37,  3.15it/s][A
Train 28/30:  77%|███████▋  | 375/489 [01:59<00:36,  3.14it/s][A
Train 28/30:  78%|███████▊  | 379/489 [02:00<00:34,  3.14it/s][A
Train 28/30:  78%|███████▊  | 383/489 [02:02<00:33,  3.15it/s][A
Train 28/30:  79%|███████▉  | 387/489 [02:03<00:32,  3.14it/s][A
Train 28/30:  80%|███████▉  | 391/489 [02:04<00:31,  3.15it/s][A
Train 28/30:  81%|████████  | 395/489 [02:05<00:29,  3.14it/s][A
Train 28/30:  82%|████████▏ | 399/489 [02:07<00:28,  3.14it/s][A
Train 28/30:  82%|████████▏ | 403/489 [02:08<00:27,  3.15it/s][A
Train 28/30:  83%|████████▎ | 407/489 [02:09<00:26,  3.15it/s][A
Train 28/30:  84%|████████▍ | 411/489 [02:10<00:24,  3.15it/s][A
Train 28/30:  85%|████████▍ | 415/489 [02:12<00:23,  3.15it/s][A
Train 28/30:  86%|████████▌ | 419/489 [02:13<00:22,  3.15it/s][A
Train 28/30:  87%|████████▋ | 423/489 [02:14<00:20,  3.15it/s][A
Train 28/30:  87%|████████▋ | 427/489 [02:16<00:19,  3.15it/s][A
Train 28/30:  88%|████████▊ | 431/489 [02:17<00:18,  3.15it/s][A
Train 28/30:  89%|████████▉ | 435/489 [02:18<00:17,  3.15it/s][A
Train 28/30:  90%|████████▉ | 439/489 [02:19<00:15,  3.15it/s][A
Train 28/30:  91%|█████████ | 443/489 [02:21<00:14,  3.15it/s][A
Train 28/30:  91%|█████████▏| 447/489 [02:22<00:13,  3.15it/s][A
Train 28/30:  92%|█████████▏| 451/489 [02:23<00:12,  3.15it/s][A
Train 28/30:  93%|█████████▎| 455/489 [02:24<00:10,  3.15it/s][A
Train 28/30:  94%|█████████▍| 459/489 [02:26<00:09,  3.15it/s][A
Train 28/30:  95%|█████████▍| 463/489 [02:27<00:08,  3.15it/s][A
Train 28/30:  96%|█████████▌| 467/489 [02:28<00:06,  3.15it/s][A
Train 28/30:  96%|█████████▋| 471/489 [02:29<00:05,  3.15it/s][A
Train 28/30:  97%|█████████▋| 475/489 [02:31<00:04,  3.15it/s][A
Train 28/30:  98%|█████████▊| 479/489 [02:32<00:03,  3.15it/s][A
Train 28/30:  99%|█████████▉| 483/489 [02:33<00:01,  3.15it/s][A
Train 28/30: 100%|█████████▉| 487/489 [02:35<00:00,  3.15it/s][A
                                                              [A
Val:   0%|          | 0/29 [00:00<?, ?it/s][A
Val:  34%|███▍      | 10/29 [00:01<00:02,  9.46it/s][A
Val:  83%|████████▎ | 24/29 [00:02<00:00, 11.92it/s][A
                                                    [AEpochs:  90%|█████████ | 27/30 [1:17:03<08:22, 167.46s/it, lat_cos=0.215, lr=1.15e-04, pstd=0.3614, train=0.003848, val=0.003726]Epoch 28 | train MSE: 0.003848 | val MSE: 0.003726 | latent_cos: 0.215 (<0.7=escaped) | pred_std: 0.3614 (>0.04=content) | train_clip_offset=9 | lr: 1.15e-04
                                                                                                                                 Saved checkpoint to runs/gridworld-tok-v2/tokenizer.pt
Epochs:  90%|█████████ | 27/30 [1:17:03<08:22, 167.46s/it, lat_cos=0.215, lr=1.15e-04, pstd=0.3614, train=0.003848, val=0.003726]Epochs:  93%|█████████▎| 28/30 [1:17:03<05:29, 164.67s/it, lat_cos=0.215, lr=1.15e-04, pstd=0.3614, train=0.003848, val=0.003726]
Train 29/30:   0%|          | 0/534 [00:00<?, ?it/s][A
Train 29/30:   0%|          | 2/534 [00:01<04:34,  1.94it/s][A
Train 29/30:   1%|          | 6/534 [00:02<03:15,  2.70it/s][A
Train 29/30:   2%|▏         | 10/534 [00:03<02:59,  2.91it/s][A
Train 29/30:   3%|▎         | 14/534 [00:04<02:52,  3.01it/s][A
Train 29/30:   3%|▎         | 18/534 [00:06<02:48,  3.06it/s][A
Train 29/30:   4%|▍         | 22/534 [00:07<02:45,  3.09it/s][A
Train 29/30:   5%|▍         | 26/534 [00:08<02:43,  3.11it/s][A
Train 29/30:   6%|▌         | 30/534 [00:09<02:41,  3.13it/s][A
Train 29/30:   6%|▋         | 34/534 [00:11<02:39,  3.14it/s][A
Train 29/30:   7%|▋         | 38/534 [00:12<02:37,  3.14it/s][A
Train 29/30:   8%|▊         | 42/534 [00:13<02:36,  3.15it/s][A
Train 29/30:   9%|▊         | 46/534 [00:14<02:34,  3.15it/s][A
Train 29/30:   9%|▉         | 50/534 [00:16<02:33,  3.15it/s][A
Train 29/30:  10%|█         | 54/534 [00:17<02:32,  3.15it/s][A
Train 29/30:  11%|█         | 58/534 [00:18<02:30,  3.15it/s][A
Train 29/30:  12%|█▏        | 62/534 [00:20<02:29,  3.16it/s][A
Train 29/30:  12%|█▏        | 66/534 [00:21<02:28,  3.15it/s][A
Train 29/30:  13%|█▎        | 70/534 [00:22<02:27,  3.15it/s][A
Train 29/30:  14%|█▍        | 74/534 [00:23<02:26,  3.15it/s][A
Train 29/30:  15%|█▍        | 78/534 [00:25<02:24,  3.15it/s][A
Train 29/30:  15%|█▌        | 82/534 [00:26<02:23,  3.15it/s][A
Train 29/30:  16%|█▌        | 86/534 [00:27<02:22,  3.15it/s][A
Train 29/30:  17%|█▋        | 90/534 [00:28<02:21,  3.15it/s][A
Train 29/30:  18%|█▊        | 94/534 [00:30<02:19,  3.15it/s][A
Train 29/30:  18%|█▊        | 98/534 [00:31<02:18,  3.15it/s][A
Train 29/30:  19%|█▉        | 102/534 [00:32<02:17,  3.15it/s][A
Train 29/30:  20%|█▉        | 106/534 [00:34<02:15,  3.15it/s][A
Train 29/30:  21%|██        | 110/534 [00:35<02:14,  3.15it/s][A
Train 29/30:  21%|██▏       | 114/534 [00:36<02:13,  3.15it/s][A
Train 29/30:  22%|██▏       | 118/534 [00:37<02:12,  3.15it/s][A
Train 29/30:  23%|██▎       | 122/534 [00:39<02:10,  3.15it/s][A
Train 29/30:  24%|██▎       | 126/534 [00:40<02:09,  3.15it/s][A
Train 29/30:  24%|██▍       | 130/534 [00:41<02:08,  3.15it/s][A
Train 29/30:  25%|██▌       | 134/534 [00:42<02:06,  3.15it/s][A
Train 29/30:  26%|██▌       | 138/534 [00:44<02:05,  3.15it/s][A
Train 29/30:  27%|██▋       | 142/534 [00:45<02:04,  3.15it/s][A
Train 29/30:  27%|██▋       | 146/534 [00:46<02:03,  3.15it/s][A
Train 29/30:  28%|██▊       | 150/534 [00:48<02:01,  3.15it/s][A
Train 29/30:  29%|██▉       | 154/534 [00:49<02:00,  3.15it/s][A
Train 29/30:  30%|██▉       | 158/534 [00:50<01:59,  3.15it/s][A
Train 29/30:  30%|███       | 162/534 [00:51<01:58,  3.15it/s][A
Train 29/30:  31%|███       | 166/534 [00:53<01:56,  3.15it/s][A
Train 29/30:  32%|███▏      | 170/534 [00:54<01:55,  3.15it/s][A
Train 29/30:  33%|███▎      | 174/534 [00:55<01:54,  3.15it/s][A
Train 29/30:  33%|███▎      | 178/534 [00:56<01:53,  3.15it/s][A
Train 29/30:  34%|███▍      | 182/534 [00:58<01:51,  3.15it/s][A
Train 29/30:  35%|███▍      | 186/534 [00:59<01:50,  3.15it/s][A
Train 29/30:  36%|███▌      | 190/534 [01:00<01:49,  3.15it/s][A
Train 29/30:  36%|███▋      | 194/534 [01:01<01:47,  3.15it/s][A
Train 29/30:  37%|███▋      | 198/534 [01:03<01:46,  3.15it/s][A
Train 29/30:  38%|███▊      | 202/534 [01:04<01:45,  3.15it/s][A
Train 29/30:  39%|███▊      | 206/534 [01:05<01:44,  3.15it/s][A
Train 29/30:  39%|███▉      | 210/534 [01:07<01:43,  3.14it/s][A
Train 29/30:  40%|████      | 214/534 [01:08<01:41,  3.15it/s][A
Train 29/30:  41%|████      | 218/534 [01:09<01:40,  3.15it/s][A
Train 29/30:  42%|████▏     | 222/534 [01:10<01:39,  3.15it/s][A
Train 29/30:  42%|████▏     | 226/534 [01:12<01:37,  3.15it/s][A
Train 29/30:  43%|████▎     | 230/534 [01:13<01:36,  3.15it/s][A
Train 29/30:  44%|████▍     | 234/534 [01:14<01:35,  3.15it/s][A
Train 29/30:  45%|████▍     | 238/534 [01:15<01:33,  3.15it/s][A
Train 29/30:  45%|████▌     | 242/534 [01:17<01:32,  3.16it/s][A
Train 29/30:  46%|████▌     | 246/534 [01:18<01:31,  3.15it/s][A
Train 29/30:  47%|████▋     | 250/534 [01:19<01:30,  3.15it/s][A
Train 29/30:  48%|████▊     | 254/534 [01:21<01:28,  3.15it/s][A
Train 29/30:  48%|████▊     | 258/534 [01:22<01:27,  3.15it/s][A
Train 29/30:  49%|████▉     | 262/534 [01:23<01:26,  3.15it/s][A
Train 29/30:  50%|████▉     | 266/534 [01:24<01:25,  3.15it/s][A
Train 29/30:  51%|█████     | 270/534 [01:26<01:23,  3.15it/s][A
Train 29/30:  51%|█████▏    | 274/534 [01:27<01:22,  3.15it/s][A
Train 29/30:  52%|█████▏    | 278/534 [01:28<01:21,  3.15it/s][A
Train 29/30:  53%|█████▎    | 282/534 [01:29<01:20,  3.15it/s][A
Train 29/30:  54%|█████▎    | 286/534 [01:31<01:18,  3.15it/s][A
Train 29/30:  54%|█████▍    | 290/534 [01:32<01:17,  3.15it/s][A
Train 29/30:  55%|█████▌    | 294/534 [01:33<01:16,  3.15it/s][A
Train 29/30:  56%|█████▌    | 298/534 [01:35<01:14,  3.15it/s][A
Train 29/30:  57%|█████▋    | 302/534 [01:36<01:13,  3.15it/s][A
Train 29/30:  57%|█████▋    | 306/534 [01:37<01:12,  3.15it/s][A
Train 29/30:  58%|█████▊    | 310/534 [01:38<01:11,  3.15it/s][A
Train 29/30:  59%|█████▉    | 314/534 [01:40<01:09,  3.15it/s][A
Train 29/30:  60%|█████▉    | 318/534 [01:41<01:08,  3.15it/s][A
Train 29/30:  60%|██████    | 322/534 [01:42<01:07,  3.14it/s][A
Train 29/30:  61%|██████    | 326/534 [01:43<01:06,  3.15it/s][A
Train 29/30:  62%|██████▏   | 330/534 [01:45<01:04,  3.15it/s][A
Train 29/30:  63%|██████▎   | 334/534 [01:46<01:03,  3.15it/s][A
Train 29/30:  63%|██████▎   | 338/534 [01:47<01:02,  3.15it/s][A
Train 29/30:  64%|██████▍   | 342/534 [01:48<01:01,  3.15it/s][A
Train 29/30:  65%|██████▍   | 346/534 [01:50<00:59,  3.15it/s][A
Train 29/30:  66%|██████▌   | 350/534 [01:51<00:58,  3.15it/s][A
Train 29/30:  66%|██████▋   | 354/534 [01:52<00:57,  3.15it/s][A
Train 29/30:  67%|██████▋   | 358/534 [01:54<00:55,  3.15it/s][A
Train 29/30:  68%|██████▊   | 362/534 [01:55<00:54,  3.15it/s][A
Train 29/30:  69%|██████▊   | 366/534 [01:56<00:53,  3.15it/s][A
Train 29/30:  69%|██████▉   | 370/534 [01:57<00:52,  3.15it/s][A
Train 29/30:  70%|███████   | 374/534 [01:59<00:50,  3.15it/s][A
Train 29/30:  71%|███████   | 378/534 [02:00<00:49,  3.15it/s][A
Train 29/30:  72%|███████▏  | 382/534 [02:01<00:48,  3.15it/s][A
Train 29/30:  72%|███████▏  | 386/534 [02:02<00:46,  3.15it/s][A
Train 29/30:  73%|███████▎  | 390/534 [02:04<00:45,  3.15it/s][A
Train 29/30:  74%|███████▍  | 394/534 [02:05<00:44,  3.15it/s][A
Train 29/30:  75%|███████▍  | 398/534 [02:06<00:43,  3.15it/s][A
Train 29/30:  75%|███████▌  | 402/534 [02:08<00:41,  3.15it/s][A
Train 29/30:  76%|███████▌  | 406/534 [02:09<00:40,  3.15it/s][A
Train 29/30:  77%|███████▋  | 410/534 [02:10<00:39,  3.15it/s][A
Train 29/30:  78%|███████▊  | 414/534 [02:11<00:38,  3.15it/s][A
Train 29/30:  78%|███████▊  | 418/534 [02:13<00:36,  3.15it/s][A
Train 29/30:  79%|███████▉  | 422/534 [02:14<00:35,  3.15it/s][A
Train 29/30:  80%|███████▉  | 426/534 [02:15<00:34,  3.15it/s][A
Train 29/30:  81%|████████  | 430/534 [02:16<00:33,  3.15it/s][A
Train 29/30:  81%|████████▏ | 434/534 [02:18<00:31,  3.15it/s][A
Train 29/30:  82%|████████▏ | 438/534 [02:19<00:30,  3.15it/s][A
Train 29/30:  83%|████████▎ | 442/534 [02:20<00:29,  3.15it/s][A
Train 29/30:  84%|████████▎ | 446/534 [02:22<00:27,  3.15it/s][A
Train 29/30:  84%|████████▍ | 450/534 [02:23<00:26,  3.15it/s][A
Train 29/30:  85%|████████▌ | 454/534 [02:24<00:25,  3.15it/s][A
Train 29/30:  86%|████████▌ | 458/534 [02:25<00:24,  3.15it/s][A
Train 29/30:  87%|████████▋ | 462/534 [02:27<00:22,  3.15it/s][A
Train 29/30:  87%|████████▋ | 466/534 [02:28<00:21,  3.15it/s][A
Train 29/30:  88%|████████▊ | 470/534 [02:29<00:20,  3.15it/s][A
Train 29/30:  89%|████████▉ | 474/534 [02:30<00:19,  3.15it/s][A
Train 29/30:  90%|████████▉ | 478/534 [02:32<00:17,  3.15it/s][A
Train 29/30:  90%|█████████ | 482/534 [02:33<00:16,  3.15it/s][A
Train 29/30:  91%|█████████ | 486/534 [02:34<00:15,  3.15it/s][A
Train 29/30:  92%|█████████▏| 490/534 [02:35<00:13,  3.15it/s][A
Train 29/30:  93%|█████████▎| 494/534 [02:37<00:12,  3.15it/s][A
Train 29/30:  93%|█████████▎| 498/534 [02:38<00:11,  3.15it/s][A
Train 29/30:  94%|█████████▍| 502/534 [02:39<00:10,  3.15it/s][A
Train 29/30:  95%|█████████▍| 506/534 [02:41<00:08,  3.15it/s][A
Train 29/30:  96%|█████████▌| 510/534 [02:42<00:07,  3.15it/s][A
Train 29/30:  96%|█████████▋| 514/534 [02:43<00:06,  3.15it/s][A
Train 29/30:  97%|█████████▋| 518/534 [02:44<00:05,  3.15it/s][A
Train 29/30:  98%|█████████▊| 522/534 [02:46<00:03,  3.15it/s][A
Train 29/30:  99%|█████████▊| 526/534 [02:47<00:02,  3.15it/s][A
Train 29/30:  99%|█████████▉| 530/534 [02:48<00:01,  3.15it/s][A
Train 29/30: 100%|██████████| 534/534 [02:49<00:00,  3.15it/s][A
                                                              [A
Val:   0%|          | 0/29 [00:00<?, ?it/s][A
Val:  28%|██▊       | 8/29 [00:01<00:02,  7.51it/s][A
Val:  76%|███████▌  | 22/29 [00:02<00:00, 11.08it/s][A
                                                    [AEpochs:  93%|█████████▎| 28/30 [1:19:55<05:29, 164.67s/it, lat_cos=0.212, lr=5.91e-05, pstd=0.3618, train=0.003814, val=0.003677]Epoch 29 | train MSE: 0.003814 | val MSE: 0.003677 | latent_cos: 0.212 (<0.7=escaped) | pred_std: 0.3618 (>0.04=content) | train_clip_offset=0 | lr: 5.91e-05
                                                                                                                                 Saved checkpoint to runs/gridworld-tok-v2/tokenizer.pt
Epochs:  93%|█████████▎| 28/30 [1:19:55<05:29, 164.67s/it, lat_cos=0.212, lr=5.91e-05, pstd=0.3618, train=0.003814, val=0.003677]Epochs:  97%|█████████▋| 29/30 [1:19:55<02:47, 167.04s/it, lat_cos=0.212, lr=5.91e-05, pstd=0.3618, train=0.003814, val=0.003677]
Train 30/30:   0%|          | 0/489 [00:00<?, ?it/s][A
Train 30/30:   1%|          | 3/489 [00:01<03:09,  2.56it/s][A
Train 30/30:   1%|▏         | 7/489 [00:02<02:45,  2.92it/s][A
Train 30/30:   2%|▏         | 11/489 [00:03<02:38,  3.02it/s][A
Train 30/30:   3%|▎         | 15/489 [00:04<02:34,  3.08it/s][A
Train 30/30:   4%|▍         | 19/489 [00:06<02:31,  3.10it/s][A
Train 30/30:   5%|▍         | 23/489 [00:07<02:29,  3.12it/s][A
Train 30/30:   6%|▌         | 27/489 [00:08<02:27,  3.13it/s][A
Train 30/30:   6%|▋         | 31/489 [00:10<02:26,  3.13it/s][A
Train 30/30:   7%|▋         | 35/489 [00:11<02:24,  3.14it/s][A
Train 30/30:   8%|▊         | 39/489 [00:12<02:23,  3.14it/s][A
Train 30/30:   9%|▉         | 43/489 [00:13<02:21,  3.15it/s][A
Train 30/30:  10%|▉         | 47/489 [00:15<02:20,  3.15it/s][A
Train 30/30:  10%|█         | 51/489 [00:16<02:19,  3.15it/s][A
Train 30/30:  11%|█         | 55/489 [00:17<02:17,  3.15it/s][A
Train 30/30:  12%|█▏        | 59/489 [00:18<02:16,  3.15it/s][A
Train 30/30:  13%|█▎        | 63/489 [00:20<02:15,  3.15it/s][A
Train 30/30:  14%|█▎        | 67/489 [00:21<02:14,  3.15it/s][A
Train 30/30:  15%|█▍        | 71/489 [00:22<02:12,  3.15it/s][A
Train 30/30:  15%|█▌        | 75/489 [00:24<02:11,  3.15it/s][A
Train 30/30:  16%|█▌        | 79/489 [00:25<02:10,  3.15it/s][A
Train 30/30:  17%|█▋        | 83/489 [00:26<02:08,  3.15it/s][A
Train 30/30:  18%|█▊        | 87/489 [00:27<02:07,  3.15it/s][A
Train 30/30:  19%|█▊        | 91/489 [00:29<02:06,  3.15it/s][A
Train 30/30:  19%|█▉        | 95/489 [00:30<02:05,  3.15it/s][A
Train 30/30:  20%|██        | 99/489 [00:31<02:03,  3.15it/s][A
Train 30/30:  21%|██        | 103/489 [00:32<02:02,  3.15it/s][A
Train 30/30:  22%|██▏       | 107/489 [00:34<02:01,  3.15it/s][A
Train 30/30:  23%|██▎       | 111/489 [00:35<02:00,  3.15it/s][A
Train 30/30:  24%|██▎       | 115/489 [00:36<01:58,  3.15it/s][A
Train 30/30:  24%|██▍       | 119/489 [00:38<01:57,  3.15it/s][A
Train 30/30:  25%|██▌       | 123/489 [00:39<01:56,  3.15it/s][A
Train 30/30:  26%|██▌       | 127/489 [00:40<01:54,  3.15it/s][A
Train 30/30:  27%|██▋       | 131/489 [00:41<01:53,  3.15it/s][A
Train 30/30:  28%|██▊       | 135/489 [00:43<01:52,  3.15it/s][A
Train 30/30:  28%|██▊       | 139/489 [00:44<01:51,  3.15it/s][A
Train 30/30:  29%|██▉       | 143/489 [00:45<01:49,  3.15it/s][A
Train 30/30:  30%|███       | 147/489 [00:46<01:48,  3.15it/s][A
Train 30/30:  31%|███       | 151/489 [00:48<01:47,  3.15it/s][A
Train 30/30:  32%|███▏      | 155/489 [00:49<01:45,  3.15it/s][A
Train 30/30:  33%|███▎      | 159/489 [00:50<01:44,  3.15it/s][A
Train 30/30:  33%|███▎      | 163/489 [00:51<01:43,  3.15it/s][A
Train 30/30:  34%|███▍      | 167/489 [00:53<01:42,  3.15it/s][A
Train 30/30:  35%|███▍      | 171/489 [00:54<01:40,  3.15it/s][A
Train 30/30:  36%|███▌      | 175/489 [00:55<01:39,  3.15it/s][A
Train 30/30:  37%|███▋      | 179/489 [00:57<01:38,  3.15it/s][A
Train 30/30:  37%|███▋      | 183/489 [00:58<01:37,  3.15it/s][A
Train 30/30:  38%|███▊      | 187/489 [00:59<01:35,  3.15it/s][A
Train 30/30:  39%|███▉      | 191/489 [01:00<01:34,  3.15it/s][A
Train 30/30:  40%|███▉      | 195/489 [01:02<01:33,  3.15it/s][A
Train 30/30:  41%|████      | 199/489 [01:03<01:31,  3.15it/s][A
Train 30/30:  42%|████▏     | 203/489 [01:04<01:30,  3.15it/s][A
Train 30/30:  42%|████▏     | 207/489 [01:05<01:29,  3.15it/s][A
Train 30/30:  43%|████▎     | 211/489 [01:07<01:28,  3.15it/s][A
Train 30/30:  44%|████▍     | 215/489 [01:08<01:26,  3.15it/s][A
Train 30/30:  45%|████▍     | 219/489 [01:09<01:25,  3.15it/s][A
Train 30/30:  46%|████▌     | 223/489 [01:11<01:24,  3.15it/s][A
Train 30/30:  46%|████▋     | 227/489 [01:12<01:23,  3.15it/s][A
Train 30/30:  47%|████▋     | 231/489 [01:13<01:21,  3.15it/s][A
Train 30/30:  48%|████▊     | 235/489 [01:14<01:20,  3.15it/s][A
Train 30/30:  49%|████▉     | 239/489 [01:16<01:19,  3.15it/s][A
Train 30/30:  50%|████▉     | 243/489 [01:17<01:18,  3.15it/s][A
Train 30/30:  51%|█████     | 247/489 [01:18<01:16,  3.15it/s][A
Train 30/30:  51%|█████▏    | 251/489 [01:19<01:15,  3.15it/s][A
Train 30/30:  52%|█████▏    | 255/489 [01:21<01:14,  3.15it/s][A
Train 30/30:  53%|█████▎    | 259/489 [01:22<01:12,  3.15it/s][A
Train 30/30:  54%|█████▍    | 263/489 [01:23<01:11,  3.15it/s][A
Train 30/30:  55%|█████▍    | 267/489 [01:24<01:10,  3.15it/s][A
Train 30/30:  55%|█████▌    | 271/489 [01:26<01:09,  3.15it/s][A
Train 30/30:  56%|█████▌    | 275/489 [01:27<01:07,  3.15it/s][A
Train 30/30:  57%|█████▋    | 279/489 [01:28<01:06,  3.15it/s][A
Train 30/30:  58%|█████▊    | 283/489 [01:30<01:05,  3.15it/s][A
Train 30/30:  59%|█████▊    | 287/489 [01:31<01:04,  3.15it/s][A
Train 30/30:  60%|█████▉    | 291/489 [01:32<01:02,  3.15it/s][A
Train 30/30:  60%|██████    | 295/489 [01:33<01:01,  3.15it/s][A
Train 30/30:  61%|██████    | 299/489 [01:35<01:00,  3.15it/s][A
Train 30/30:  62%|██████▏   | 303/489 [01:36<00:58,  3.15it/s][A
Train 30/30:  63%|██████▎   | 307/489 [01:37<00:57,  3.15it/s][A
Train 30/30:  64%|██████▎   | 311/489 [01:38<00:56,  3.15it/s][A
Train 30/30:  64%|██████▍   | 315/489 [01:40<00:55,  3.15it/s][A
Train 30/30:  65%|██████▌   | 319/489 [01:41<00:53,  3.15it/s][A
Train 30/30:  66%|██████▌   | 323/489 [01:42<00:52,  3.15it/s][A
Train 30/30:  67%|██████▋   | 327/489 [01:44<00:51,  3.15it/s][A
Train 30/30:  68%|██████▊   | 331/489 [01:45<00:50,  3.15it/s][A
Train 30/30:  69%|██████▊   | 335/489 [01:46<00:48,  3.15it/s][A
Train 30/30:  69%|██████▉   | 339/489 [01:47<00:47,  3.15it/s][A
Train 30/30:  70%|███████   | 343/489 [01:49<00:46,  3.15it/s][A
Train 30/30:  71%|███████   | 347/489 [01:50<00:45,  3.15it/s][A
Train 30/30:  72%|███████▏  | 351/489 [01:51<00:43,  3.15it/s][A
Train 30/30:  73%|███████▎  | 355/489 [01:52<00:42,  3.15it/s][A
Train 30/30:  73%|███████▎  | 359/489 [01:54<00:41,  3.15it/s][A
Train 30/30:  74%|███████▍  | 363/489 [01:55<00:40,  3.15it/s][A
Train 30/30:  75%|███████▌  | 367/489 [01:56<00:38,  3.15it/s][A
Train 30/30:  76%|███████▌  | 371/489 [01:57<00:37,  3.15it/s][A
Train 30/30:  77%|███████▋  | 375/489 [01:59<00:36,  3.15it/s][A
Train 30/30:  78%|███████▊  | 379/489 [02:00<00:34,  3.15it/s][A
Train 30/30:  78%|███████▊  | 383/489 [02:01<00:33,  3.15it/s][A
Train 30/30:  79%|███████▉  | 387/489 [02:03<00:32,  3.15it/s][A
Train 30/30:  80%|███████▉  | 391/489 [02:04<00:31,  3.15it/s][A
Train 30/30:  81%|████████  | 395/489 [02:05<00:29,  3.15it/s][A
Train 30/30:  82%|████████▏ | 399/489 [02:06<00:28,  3.15it/s][A
Train 30/30:  82%|████████▏ | 403/489 [02:08<00:27,  3.15it/s][A
Train 30/30:  83%|████████▎ | 407/489 [02:09<00:26,  3.15it/s][A
Train 30/30:  84%|████████▍ | 411/489 [02:10<00:24,  3.15it/s][A
Train 30/30:  85%|████████▍ | 415/489 [02:11<00:23,  3.15it/s][A
Train 30/30:  86%|████████▌ | 419/489 [02:13<00:22,  3.15it/s][A
Train 30/30:  87%|████████▋ | 423/489 [02:14<00:20,  3.15it/s][A
Train 30/30:  87%|████████▋ | 427/489 [02:15<00:19,  3.14it/s][A
Train 30/30:  88%|████████▊ | 431/489 [02:17<00:18,  3.14it/s][A
Train 30/30:  89%|████████▉ | 435/489 [02:18<00:17,  3.14it/s][A
Train 30/30:  90%|████████▉ | 439/489 [02:19<00:15,  3.14it/s][A
Train 30/30:  91%|█████████ | 443/489 [02:20<00:14,  3.14it/s][A
Train 30/30:  91%|█████████▏| 447/489 [02:22<00:13,  3.14it/s][A
Train 30/30:  92%|█████████▏| 451/489 [02:23<00:12,  3.14it/s][A
Train 30/30:  93%|█████████▎| 455/489 [02:24<00:10,  3.14it/s][A
Train 30/30:  94%|█████████▍| 459/489 [02:25<00:09,  3.15it/s][A
Train 30/30:  95%|█████████▍| 463/489 [02:27<00:08,  3.15it/s][A
Train 30/30:  96%|█████████▌| 467/489 [02:28<00:06,  3.15it/s][A
Train 30/30:  96%|█████████▋| 471/489 [02:29<00:05,  3.15it/s][A
Train 30/30:  97%|█████████▋| 475/489 [02:31<00:04,  3.15it/s][A
Train 30/30:  98%|█████████▊| 479/489 [02:32<00:03,  3.15it/s][A
Train 30/30:  99%|█████████▉| 483/489 [02:33<00:01,  3.15it/s][A
Train 30/30: 100%|█████████▉| 487/489 [02:34<00:00,  3.15it/s][A
                                                              [A
Val:   0%|          | 0/29 [00:00<?, ?it/s][A
Val:  21%|██        | 6/29 [00:01<00:03,  5.75it/s][A
Val:  69%|██████▉   | 20/29 [00:02<00:00, 10.39it/s][A
                                                    [AEpochs:  97%|█████████▋| 29/30 [1:22:34<02:47, 167.04s/it, lat_cos=0.217, lr=2.15e-05, pstd=0.3618, train=0.003789, val=0.003640]Epoch 30 | train MSE: 0.003789 | val MSE: 0.003640 | latent_cos: 0.217 (<0.7=escaped) | pred_std: 0.3618 (>0.04=content) | train_clip_offset=16 | lr: 2.15e-05
                                                                                                                                 Saved checkpoint to runs/gridworld-tok-v2/tokenizer.pt
Epochs:  97%|█████████▋| 29/30 [1:22:34<02:47, 167.04s/it, lat_cos=0.217, lr=2.15e-05, pstd=0.3618, train=0.003789, val=0.003640]Epochs: 100%|██████████| 30/30 [1:22:34<00:00, 164.41s/it, lat_cos=0.217, lr=2.15e-05, pstd=0.3618, train=0.003789, val=0.003640]Epochs: 100%|██████████| 30/30 [1:22:34<00:00, 165.14s/it, lat_cos=0.217, lr=2.15e-05, pstd=0.3618, train=0.003789, val=0.003640]
wandb: updating run metadata
wandb: uploading history steps 28-29, summary, console lines 67-68
wandb: 
wandb: Run history:
wandb:         latent_cos █████▇▇▆▅▃▁▂▂▂▂▁▂▂▂▂▂▃▃▃▂▂▂▂▂▂
wandb:                 lr ▅███████████████████████▇▆▅▃▂▁
wandb: perf/samples_per_s ▁▆▆█▆▇▇█▇▇▇█▇█▇▇▇▆▆▅▅▄▅▅▅▅▅▅▅▆
wandb:  perf/train_time_s █▁▇▇▇▇▁▁▇▁▇▁▁▁▇▁▁▇▁▇▇█▁▁▁▇▇▁▇▁
wandb:           pred_std ▇█████████▁▄████▇▇▇▇██▇██▇▇▇▇▇
wandb:        train/lpips █▅▅▄▄▄▄▄▃▃▆▅▅▃▃▃▃▃▃▂▃▂▂▂▂▂▁▁▁▁
wandb:  train/lpips_scale ▃▁▁▁▁▁▁▁▁▁▃▃▁▁▁▁▁▁▁▁▁▂▂▂▂▂▄▆██
wandb:          train/mse █▂▁▁▁▁▁▁▁▁▅▃▂▁▁▁▁▁▁▁▂▁▁▁▁▁▁▁▁▁
wandb:  train_clip_offset ▂▇▁▂▂▂▅▆▅▇▄▆▆█▁▆▅▁█▃▃▃▆██▃▅▅▁█
wandb:            val/mse ▃▂▂▂▂▂▂▂▁▁█▅▂▂▂▂▂▂▂▂▂▂▂▂▂▂▂▂▂▂
wandb: 
wandb: Run summary:
wandb:         latent_cos 0.21747
wandb:                 lr 2e-05
wandb: perf/samples_per_s 201.26542
wandb:  perf/train_time_s 155.49616
wandb:           pred_std 0.3618
wandb:        train/lpips 0.01295
wandb:  train/lpips_scale 0.29363
wandb:          train/mse 0.00379
wandb:  train_clip_offset 16
wandb:            val/mse 0.00364
wandb: 
wandb: 🚀 View run gridworld-tok-v2 at: https://wandb.ai/models-eberhard-karls-universit-t-t-bingen/transformer-C-tokenizer/runs/5d38b2nc
wandb: ⭐️ View project at: https://wandb.ai/models-eberhard-karls-universit-t-t-bingen/transformer-C-tokenizer
wandb: Synced 5 W&B file(s), 0 media file(s), 0 artifact file(s) and 0 other file(s)
wandb: Find logs at: ./wandb/run-20260618_142046-5d38b2nc/logs
Saved 6 input/recon strips (L=16) to runs/gridworld-tok-v2/recon.png  | mean per-pixel MSE over rendered clips: 0.00370
=== done gridworld-tok-v2 rc=0 Thu Jun 18 15:43:30 CEST 2026 ===
