=== job gridworld-tok-v2 on mlcbm003 | jobid 405623 | Thu Jun 18 13:54:55 CEST 2026 ===
NVIDIA H100 80GB HBM3, 81559 MiB
=== commit: cf0a8e1b3055681c462cb82bd903c39662823e5c ===
=== reusing cached venv /weka/martius/mot936/venvs/venv-b05c6eb3f672f99e ===
=== running: bash -lc set -e; python -u src/datagen/generate_gridworld.py --n_episodes 3000 --n_frames 200 --out gridworld.npy && python -u src/training/train_tokenizer.py --frames gridworld.npy --epochs 30 --batch-size 32 --lr 3e-4 --lpips --lpips-net vgg --fresh --checkpoint runs/gridworld-tok-v2/tokenizer.pt --wandb --wandb-project transformer-C-tokenizer --wandb-name gridworld-tok-v2 && python -u src/training/train_tokenizer.py --frames gridworld.npy --checkpoint runs/gridworld-tok-v2/tokenizer.pt --save-recon runs/gridworld-tok-v2/recon.png --n-samples 6 ===
BASH=/usr/bin/bash
BASHOPTS=checkwinsize:cmdhist:complete_fullquote:extquote:force_fignore:globasciiranges:hostcomplete:interactive_comments:login_shell:progcomp:promptvars:sourcepath
BASHRCSOURCED=Y
BASH_ALIASES=()
BASH_ARGC=([0]="0")
BASH_ARGV=()
BASH_CMDS=()
BASH_EXECUTION_STRING=set
BASH_LINENO=()
BASH_REMATCH=([0]="/home/martius/mot936/.local/bin:/home/martius/mot936/bin:")
BASH_SOURCE=()
BASH_VERSINFO=([0]="5" [1]="1" [2]="8" [3]="1" [4]="release" [5]="x86_64-redhat-linux-gnu")
BASH_VERSION='5.1.8(1)-release'
CONDA_EXE=/usr/bin/conda
CONDA_SHLVL=0
CUDA_VISIBLE_DEVICES=0
DBUS_SESSION_BUS_ADDRESS=unix:path=/run/user/5283/bus
DEBUGINFOD_IMA_CERT_PATH=/etc/keys/ima:
DEBUGINFOD_URLS='https://debuginfod.rockylinux.org/ '
DIRSTACK=()
ENVIRONMENT=BATCH
EUID=5283
GPU_DEVICE_ORDINAL=0
GROUPS=()
HISTCONTROL=ignoredups
HISTSIZE=1000
HOME=/home/martius/mot936
HOSTNAME=mlcbm003
HOSTTYPE=x86_64
HYDRA_BOOTSTRAP=slurm
HYDRA_LAUNCHER_EXTRA_ARGS=--external-launcher
IFS=$' \t\n'
I_MPI_HYDRA_BOOTSTRAP=slurm
I_MPI_HYDRA_BOOTSTRAP_EXEC_EXTRA_ARGS=--external-launcher
LANG=C.UTF-8
LC_ALL=en_US.UTF-8
LESSOPEN='||/usr/bin/lesspipe.sh %s'
LOADEDMODULES=
LOGNAME=mot936
MACHTYPE=x86_64-redhat-linux-gnu
MAIL=/var/spool/mail/mot936
MANPATH=/usr/share/man:
MODULEPATH=/etc/scl/modulefiles:/etc/scl/modulefiles:/usr/share/Modules/modulefiles:/etc/modulefiles:/usr/share/modulefiles
MODULESHOME=/usr/share/Modules
MODULES_CMD=/usr/share/Modules/libexec/modulecmd.tcl
MODULES_RUN_QUARANTINE='LD_LIBRARY_PATH LD_PRELOAD'
MOTD_SHOWN=pam
OLDPWD=/weka/martius/mot936
OMPI_MCA_plm_slurm_args=--external-launcher
OPTERR=1
OPTIND=1
OSTYPE=linux-gnu
PATH=/weka/martius/mot936/venvs/venv-b05c6eb3f672f99e/bin:/home/martius/mot936/.local/bin:/home/martius/mot936/bin:/usr/share/Modules/bin:/usr/condabin:/usr/local/bin:/usr/bin:/usr/local/sbin:/usr/sbin
PIPESTATUS=([0]="0")
PIP_CACHE_DIR=/scratch_local/mot936-405623/.cache/pip
PPID=880980
PRTE_MCA_plm_slurm_args=--external-launcher
PS4='+ '
PWD=/weka/martius/mot936/dreamerv4-tests
ROCR_VISIBLE_DEVICES=0
SCRATCH=/scratch_local/mot936-405623
SHELL=/bin/bash
SHELLNAME=bash
SHELLOPTS=braceexpand:hashall:interactive-comments
SHLVL=2
SINGULARITY_CACHEDIR=/scratch_local/mot936-405623/.cache/singularity
SLURMD_NODENAME=mlcbm003
SLURM_CLUSTER_NAME=ferranti
SLURM_CONF=/var/spool/slurmd/conf-cache/slurm.conf
SLURM_CPUS_ON_NODE=2
SLURM_GPUS_ON_NODE=1
SLURM_GTIDS=0
SLURM_JOBID=405623
SLURM_JOB_ACCOUNT=martius
SLURM_JOB_CPUS_PER_NODE=2
SLURM_JOB_END_TIME=1781805294
SLURM_JOB_GID=4062
SLURM_JOB_GPUS=1
SLURM_JOB_ID=405623
SLURM_JOB_NAME=gridworld-tok-v2
SLURM_JOB_NODELIST=mlcbm003
SLURM_JOB_NUM_NODES=1
SLURM_JOB_PARTITION=h100-ferranti
SLURM_JOB_QOS=normal
SLURM_JOB_START_TIME=1781783694
SLURM_JOB_UID=5283
SLURM_JOB_USER=mot936
SLURM_LOCALID=0
SLURM_MEM_PER_CPU=2000
SLURM_NNODES=1
SLURM_NODEID=0
SLURM_NODELIST=mlcbm003
SLURM_OOM_KILL_STEP=0
SLURM_PRIO_PROCESS=0
SLURM_PROCID=0
SLURM_SCRIPT_CONTEXT=prolog_task
SLURM_SUBMIT_DIR=/weka/martius/mot936
SLURM_SUBMIT_HOST=ferranti-login001
SLURM_TASKS_PER_NODE=2
SLURM_TASK_PID=880980
SLURM_TOPOLOGY_ADDR=mlcbm003
SLURM_TOPOLOGY_ADDR_PATTERN=node
SSH_CLIENT='134.2.250.2 64068 22'
SSH_CONNECTION='134.2.250.2 64068 134.2.168.202 22'
S_COLORS=auto
TERM=dumb
TMPDIR=/scratch_local/mot936-405623/tmp
UID=5283
USER=mot936
WANDB_ENTITY=models-eberhard-karls-universit-t-t-bingen
XDG_DATA_DIRS=/home/martius/mot936/.local/share/flatpak/exports/share:/var/lib/flatpak/exports/share:/usr/local/share:/usr/share
XDG_RUNTIME_DIR=/run/user/5283
XDG_SESSION_CLASS=user
XDG_SESSION_ID=78969
XDG_SESSION_TYPE=tty
ZE_AFFINITY_MASK=0
_=/home/martius/mot936/.bashrc
__MODULES_LMINIT='module use --append /usr/share/Modules/modulefiles:module use --append /etc/modulefiles:module use --append /usr/share/modulefiles'
__MODULES_SHARE_MANPATH=:1
new_dirs=
shell=bash
which_declare='declare -f'
which_opt=-f
__add_sys_prefix_to_path () 
{ 
    if [ -n "${_CE_CONDA}" ] && [ -n "${WINDIR+x}" ]; then
        SYSP=$(\dirname "${CONDA_EXE}");
    else
        SYSP=$(\dirname "${CONDA_EXE}");
        SYSP=$(\dirname "${SYSP}");
    fi;
    if [ -n "${WINDIR+x}" ]; then
        PATH="${SYSP}/bin:${PATH}";
        PATH="${SYSP}/Scripts:${PATH}";
        PATH="${SYSP}/Library/bin:${PATH}";
        PATH="${SYSP}/Library/usr/bin:${PATH}";
        PATH="${SYSP}/Library/mingw-w64/bin:${PATH}";
        PATH="${SYSP}:${PATH}";
    else
        PATH="${SYSP}/bin:${PATH}";
    fi;
    \export PATH
}
__conda_activate () 
{ 
    if [ -n "${CONDA_PS1_BACKUP:+x}" ]; then
        PS1="$CONDA_PS1_BACKUP";
        \unset CONDA_PS1_BACKUP;
    fi;
    \local ask_conda;
    ask_conda="$(PS1="${PS1:-}" __conda_exe shell.posix "$@")" || \return;
    \eval "$ask_conda";
    __conda_hashr
}
__conda_exe () 
{ 
    ( __add_sys_prefix_to_path;
    "$CONDA_EXE" $_CE_M $_CE_CONDA "$@" )
}
__conda_hashr () 
{ 
    if [ -n "${ZSH_VERSION:+x}" ]; then
        \rehash;
    else
        if [ -n "${POSH_VERSION:+x}" ]; then
            :;
        else
            \hash -r;
        fi;
    fi
}
__conda_reactivate () 
{ 
    \local ask_conda;
    ask_conda="$(PS1="${PS1:-}" __conda_exe shell.posix reactivate)" || \return;
    \eval "$ask_conda";
    __conda_hashr
}
_module_raw () 
{ 
    eval "$(/usr/bin/tclsh '/usr/share/Modules/libexec/modulecmd.tcl' bash "$@")";
    _mlstatus=$?;
    return $_mlstatus
}
_weka () 
{ 
    local i;
    local weka_words=("--agent" "abort" "accepted-versions" "access-group" "access-point-naming-convention" "activate" "ad" "add" "agent" "alerts" "allow-protocols" "apply" "assign" "assignment" "assume-role" "attach" "audit" "audit-webhook" "auto-remove-timeout" "autocomplete" "bandwidth" "base-port" "blacklist" "bucket" "buckets" "build" "ca-cert" "callhome" "capacity" "cert" "change-role" "checksum" "clear-failure" "client" "client-group" "client-target-version" "clients" "cloud" "cluster" "collect" "config" "container" "containers" "copy" "cores" "cors-trusted-sites" "create" "current" "custom-options" "dataserv" "dataservice" "deactivate" "deactivation-check" "debug" "debug-level" "dedicate" "default-net" "delete" "describe" "destroy" "detach" "diags" "disable" "dist" "dns" "domain" "download" "drain" "drive" "driver" "drop" "drop-dirty-cache" "dump" "dumper-iops" "duplicate" "enable" "envoy" "error" "event" "events" "exec" "expand-process-limit" "export" "export-openldap" "exports" "factory-reset" "failure-domain" "fetch" "file" "fix-backpointers" "flock" "fqdn" "freeze" "fs" "generate" "generate-token" "get" "get-json" "global-config" "group" "host-access" "hot-spare" "import" "import-openldap" "info" "info-hw" "install" "install-agent" "integrity-check" "interface-group" "ip" "ip-range" "join" "join-ips" "join-secret" "join-token" "jrpc" "kerberos" "kernel" "kms" "kms-rewrap" "kv" "layers" "ldap" "leave" "level" "license" "lifecycle-rule" "limits" "links" "list" "list-default" "list-keys" "list-local" "list-overrides" "list-types" "lists" "local" "location" "lockout-config" "log-level" "login" "login-banner" "logout" "lsof" "management-ips" "manhole" "memory" "minimal-backend-version" "monitoring" "mount" "mount-defaults" "mute" "net" "nfs" "node" "notification" "notification-target" "obs" "ocp-smart" "off" "old-ios" "old-progress" "on" "ops" "org" "override" "pack" "passwd" "pause" "payg" "pdsh" "peers" "performance" "periodic-scan" "permission" "policy" "port" "ports" "prepare" "process" "profile" "protection" "proxy" "ps" "publish" "purge-old-secrets" "quota" "raw" "ready" "realtime" "rearm" "rebuild" "recompress" "reduction" "refresh" "registration" "release" "remote-endpoint" "remove" "remove-all" "rename" "requested-action" "reserve" "reset" "reset-data" "resolve-inode" "resolve-paths" "resources" "restart" "restore" "restore-default" "resume" "retention" "revision" "revoke-tokens" "rewrap" "rm" "rules" "run" "run-once" "s3" "scan" "security" "servers" "service" "service-account" "services" "set" "set-conf-extra" "set-custom" "set-default" "set-electable-mode" "set-max-cluster-size" "set-operations" "set-quota" "setup" "setup-ad" "setup-ad-nokrb" "setup-mit" "setup-onhostldap" "setup-openldap" "shards" "share" "share-status" "show" "sign" "smart" "smb" "snapshot" "snapshot-policy" "splunk" "start" "start-io" "stats" "status" "status-old" "stop" "stop-io" "strictness" "sts" "supported-features" "task" "taskmon" "telemetry" "test" "throttle" "tier" "tls" "token-expiry" "traces" "trigger-event" "trusted-domains" "types" "umount" "undrain" "uninstall" "unmute" "unset" "unset-default" "update" "update-containers" "upgrade" "upload" "upload-rate" "user" "vector" "version" "version-signature" "view" "viewer" "wait" "wait-for-balance" "weka" "whoami" "writable" "weka");
    local cmd=();
    local flags=();
    local non_repeating_flags=();
    local complete_words=();
    local complete_repeatable_flags=();
    local complete_long_flags=();
    local only_flags=false;
    for ((i = 0; i < COMP_CWORD; i++))
    do
        if [[ " ${weka_words[@]} " =~ " ${COMP_WORDS[i]} " && "$only_flags" != true ]]; then
            cmd+=("${COMP_WORDS[i]}");
        else
            if [[ "${COMP_WORDS[i]}" == -* ]]; then
                flags+=("${COMP_WORDS[i]}");
                only_flags=true;
            else
                only_flags=true;
            fi;
        fi;
    done;
    case "${cmd[@]}" in 
        "weka")
            complete_words=(access-group agent alerts cloud cluster dataservice diags driver events fs interface-group local mount nfs org s3 security smb stats status umount upgrade user version);
            complete_arguments=();
            complete_repeatable_flags=();
            complete_long_flags=(--agent --color --help --build --version --legal)
        ;;
        "weka --agent")
            complete_words=();
            complete_arguments=();
            complete_repeatable_flags=();
            complete_long_flags=(--color --help)
        ;;
        "weka access-group")
            complete_words=(disable enable status);
            complete_arguments=();
            complete_repeatable_flags=();
            complete_long_flags=(--color --help)
        ;;
        "weka access-group disable")
            complete_words=();
            complete_arguments=();
            complete_repeatable_flags=();
            complete_long_flags=(--color --HOST --PORT --CONNECT-TIMEOUT --TIMEOUT --profile --help --json)
        ;;
        "weka access-group enable")
            complete_words=();
            complete_arguments=();
            complete_repeatable_flags=();
            complete_long_flags=(--color --HOST --PORT --CONNECT-TIMEOUT --TIMEOUT --profile --help --json)
        ;;
        "weka access-group status")
            complete_words=();
            complete_arguments=();
            complete_repeatable_flags=();
            complete_long_flags=(--color --HOST --PORT --CONNECT-TIMEOUT --TIMEOUT --profile --help --json)
        ;;
        "weka agent")
            complete_words=(autocomplete install-agent restart uninstall update-containers);
            complete_arguments=();
            complete_repeatable_flags=();
            complete_long_flags=(--color --help)
        ;;
        "weka agent autocomplete")
            complete_words=(export install uninstall);
            complete_arguments=();
            complete_repeatable_flags=();
            complete_long_flags=(--color --help)
        ;;
        "weka agent autocomplete export")
            complete_words=();
            complete_arguments=();
            complete_repeatable_flags=();
            complete_long_flags=(--color --help)
        ;;
        "weka agent autocomplete install")
            complete_words=();
            complete_arguments=();
            complete_repeatable_flags=();
            complete_long_flags=(--color --help)
        ;;
        "weka agent autocomplete uninstall")
            complete_words=();
            complete_arguments=();
            complete_repeatable_flags=();
            complete_long_flags=(--color --help)
        ;;
        "weka agent install-agent")
            complete_words=();
            complete_arguments=();
            complete_repeatable_flags=();
            complete_long_flags=(--color --no-update --no-start --help)
        ;;
        "weka agent restart")
            complete_words=();
            complete_arguments=();
            complete_repeatable_flags=();
            complete_long_flags=(--color --help)
        ;;
        "weka agent uninstall")
            complete_words=();
            complete_arguments=();
            complete_repeatable_flags=();
            complete_long_flags=(--color --force --ignore-wekafs-mounts --keep-files --help)
        ;;
        "weka agent update-containers")
            complete_words=();
            complete_arguments=();
            complete_repeatable_flags=();
            complete_long_flags=(--color --help)
        ;;
        "weka alerts")
            complete_words=(describe mute types unmute);
            complete_arguments=();
            complete_repeatable_flags=(--output --sort --filter --filter-color);
            complete_long_flags=(--severity --color --HOST --PORT --CONNECT-TIMEOUT --TIMEOUT --profile --format --output --sort --filter --filter-color --muted --inactive --help --no-header --verbose)
        ;;
        "weka alerts describe")
            complete_words=();
            complete_arguments=();
            complete_repeatable_flags=(--output --sort --filter --filter-color);
            complete_long_flags=(--color --HOST --PORT --CONNECT-TIMEOUT --TIMEOUT --profile --format --output --sort --filter --filter-color --help --no-header --verbose)
        ;;
        "weka alerts mute")
            complete_words=();
            complete_arguments=(alert-type duration);
            complete_repeatable_flags=();
            complete_long_flags=(--color --HOST --PORT --CONNECT-TIMEOUT --TIMEOUT --profile --help)
        ;;
        "weka alerts types")
            complete_words=();
            complete_arguments=();
            complete_repeatable_flags=();
            complete_long_flags=(--color --HOST --PORT --CONNECT-TIMEOUT --TIMEOUT --profile --help --json)
        ;;
        "weka alerts unmute")
            complete_words=();
            complete_arguments=(alert-type);
            complete_repeatable_flags=();
            complete_long_flags=(--color --HOST --PORT --CONNECT-TIMEOUT --TIMEOUT --profile --help)
        ;;
        "weka audit")
            complete_words=(cluster fs view);
            complete_arguments=();
            complete_repeatable_flags=();
            complete_long_flags=(--color --help)
        ;;
        "weka audit cluster")
            complete_words=(disable enable resolve-paths set-operations status);
            complete_arguments=();
            complete_repeatable_flags=();
            complete_long_flags=(--color --help)
        ;;
        "weka audit cluster disable")
            complete_words=();
            complete_arguments=();
            complete_repeatable_flags=();
            complete_long_flags=(--color --HOST --PORT --CONNECT-TIMEOUT --TIMEOUT --profile --help --json)
        ;;
        "weka audit cluster enable")
            complete_words=();
            complete_arguments=();
            complete_repeatable_flags=();
            complete_long_flags=(--color --HOST --PORT --CONNECT-TIMEOUT --TIMEOUT --profile --help --json)
        ;;
        "weka audit cluster resolve-paths")
            complete_words=(disable enable);
            complete_arguments=();
            complete_repeatable_flags=();
            complete_long_flags=(--color --help)
        ;;
        "weka audit cluster resolve-paths disable")
            complete_words=();
            complete_arguments=();
            complete_repeatable_flags=();
            complete_long_flags=(--color --HOST --PORT --CONNECT-TIMEOUT --TIMEOUT --profile --help --json)
        ;;
        "weka audit cluster resolve-paths enable")
            complete_words=();
            complete_arguments=();
            complete_repeatable_flags=();
            complete_long_flags=(--color --HOST --PORT --CONNECT-TIMEOUT --TIMEOUT --profile --help --json)
        ;;
        "weka audit cluster set-operations")
            complete_words=();
            complete_arguments=(operations);
            complete_repeatable_flags=();
            complete_long_flags=(--color --HOST --PORT --CONNECT-TIMEOUT --TIMEOUT --profile --help --json)
        ;;
        "weka audit cluster status")
            complete_words=();
            complete_arguments=();
            complete_repeatable_flags=();
            complete_long_flags=(--color --HOST --PORT --CONNECT-TIMEOUT --TIMEOUT --profile --help --json)
        ;;
        "weka audit fs")
            complete_words=(disable enable status);
            complete_arguments=();
            complete_repeatable_flags=();
            complete_long_flags=(--color --help)
        ;;
        "weka audit fs disable")
            complete_words=();
            complete_arguments=(name);
            complete_repeatable_flags=();
            complete_long_flags=(--color --HOST --PORT --CONNECT-TIMEOUT --TIMEOUT --profile --help)
        ;;
        "weka audit fs enable")
            complete_words=();
            complete_arguments=(name);
            complete_repeatable_flags=();
            complete_long_flags=(--color --HOST --PORT --CONNECT-TIMEOUT --TIMEOUT --profile --help)
        ;;
        "weka audit fs status")
            complete_words=();
            complete_arguments=();
            complete_repeatable_flags=(--output --sort --filter --filter-color);
            complete_long_flags=(--name --color --HOST --PORT --CONNECT-TIMEOUT --TIMEOUT --profile --format --output --sort --filter --filter-color --help --raw-units --UTC --no-header --verbose)
        ;;
        "weka audit view")
            complete_words=();
            complete_arguments=();
            complete_repeatable_flags=(--environment);
            complete_long_flags=(--container --color --environment --help)
        ;;
        "weka cloud")
            complete_words=(disable enable proxy status update upload-rate);
            complete_arguments=();
            complete_repeatable_flags=();
            complete_long_flags=(--color --help)
        ;;
        "weka cloud disable")
            complete_words=();
            complete_arguments=();
            complete_repeatable_flags=();
            complete_long_flags=(--color --HOST --PORT --CONNECT-TIMEOUT --TIMEOUT --profile --help)
        ;;
        "weka cloud enable")
            complete_words=();
            complete_arguments=();
            complete_repeatable_flags=();
            complete_long_flags=(--cloud-url --cloud-stats --color --HOST --PORT --CONNECT-TIMEOUT --TIMEOUT --profile --help)
        ;;
        "weka cloud proxy")
            complete_words=();
            complete_arguments=();
            complete_repeatable_flags=();
            complete_long_flags=(--color --HOST --PORT --CONNECT-TIMEOUT --TIMEOUT --profile --set --help --json --unset)
        ;;
        "weka cloud status")
            complete_words=();
            complete_arguments=();
            complete_repeatable_flags=(--output --sort --filter --filter-color);
            complete_long_flags=(--color --HOST --PORT --CONNECT-TIMEOUT --TIMEOUT --profile --format --output --sort --filter --filter-color --help --no-header --verbose)
        ;;
        "weka cloud update")
            complete_words=();
            complete_arguments=(bucket-name region access-key-id secret-key);
            complete_repeatable_flags=();
            complete_long_flags=(--session-token --bucket-prefix --proxy --bytes-per-second --color --HOST --PORT --CONNECT-TIMEOUT --TIMEOUT --profile --help)
        ;;
        "weka cloud upload-rate")
            complete_words=(set);
            complete_arguments=();
            complete_repeatable_flags=();
            complete_long_flags=(--color --HOST --PORT --CONNECT-TIMEOUT --TIMEOUT --profile --help --json)
        ;;
        "weka cloud upload-rate set")
            complete_words=();
            complete_arguments=();
            complete_repeatable_flags=();
            complete_long_flags=(--bytes-per-second --color --HOST --PORT --CONNECT-TIMEOUT --TIMEOUT --profile --help)
        ;;
        "weka cluster")
            complete_words=(add bucket client-target-version container default-net drive failure-domain hot-spare license mount-defaults process servers start-io stop-io task update);
            complete_arguments=();
            complete_repeatable_flags=();
            complete_long_flags=(--color --help)
        ;;
        "weka cluster bucket")
            complete_words=();
            complete_arguments=(bucket-ids);
            complete_repeatable_flags=(--output --sort --filter --filter-color);
            complete_long_flags=(--color --HOST --PORT --CONNECT-TIMEOUT --TIMEOUT --profile --format --output --sort --filter --filter-color --help --raw-units --UTC --no-header --verbose)
        ;;
        "weka cluster client-target-version")
            complete_words=(reset set show);
            complete_arguments=();
            complete_repeatable_flags=();
            complete_long_flags=(--color --help)
        ;;
        "weka cluster client-target-version reset")
            complete_words=();
            complete_arguments=();
            complete_repeatable_flags=();
            complete_long_flags=(--color --HOST --PORT --CONNECT-TIMEOUT --TIMEOUT --profile --help)
        ;;
        "weka cluster client-target-version set")
            complete_words=();
            complete_arguments=(version-name);
            complete_repeatable_flags=();
            complete_long_flags=(--color --HOST --PORT --CONNECT-TIMEOUT --TIMEOUT --profile --help)
        ;;
        "weka cluster client-target-version show")
            complete_words=();
            complete_arguments=();
            complete_repeatable_flags=();
            complete_long_flags=(--color --HOST --PORT --CONNECT-TIMEOUT --TIMEOUT --profile --help)
        ;;
        "weka cluster container")
            complete_words=(activate add apply auto-remove-timeout bandwidth clear-failure cores deactivate deactivation-check dedicate failure-domain info-hw join-secret management-ips memory net remove requested-action resources restore);
            complete_arguments=(container-ids);
            complete_repeatable_flags=(--output --sort --filter --filter-color);
            complete_long_flags=(--color --HOST --PORT --CONNECT-TIMEOUT --TIMEOUT --profile --format --output --sort --filter --filter-color --local --backends --clients --leadership --leader --help --raw-units --UTC --no-header --verbose)
        ;;
        "weka cluster container activate")
            complete_words=();
            complete_arguments=(container-ids);
            complete_repeatable_flags=();
            complete_long_flags=(--color --HOST --PORT --CONNECT-TIMEOUT --TIMEOUT --profile --no-wait --skip-resource-validation --skip-activate-drives --help)
        ;;
        "weka cluster container add")
            complete_words=();
            complete_arguments=(hostname);
            complete_repeatable_flags=();
            complete_long_flags=(--ip --host-fqdn --color --HOST --PORT --CONNECT-TIMEOUT --TIMEOUT --profile --no-wait --help --json --raw-units --UTC)
        ;;
        "weka cluster container apply")
            complete_words=();
            complete_arguments=(container-ids);
            complete_repeatable_flags=();
            complete_long_flags=(--color --HOST --PORT --CONNECT-TIMEOUT --TIMEOUT --profile --skip-resource-validation --all --force --help)
        ;;
        "weka cluster container auto-remove-timeout")
            complete_words=();
            complete_arguments=(container-id auto-remove-timeout);
            complete_repeatable_flags=();
            complete_long_flags=(--color --HOST --PORT --CONNECT-TIMEOUT --TIMEOUT --profile --help)
        ;;
        "weka cluster container bandwidth")
            complete_words=();
            complete_arguments=(container-id bandwidth);
            complete_repeatable_flags=();
            complete_long_flags=(--color --HOST --PORT --CONNECT-TIMEOUT --TIMEOUT --profile --help)
        ;;
        "weka cluster container clear-failure")
            complete_words=();
            complete_arguments=(container-ids);
            complete_repeatable_flags=();
            complete_long_flags=(--color --HOST --PORT --CONNECT-TIMEOUT --TIMEOUT --profile --help)
        ;;
        "weka cluster container cores")
            complete_words=();
            complete_arguments=(container-id cores);
            complete_repeatable_flags=(--core-ids);
            complete_long_flags=(--frontend-dedicated-cores --drives-dedicated-cores --compute-dedicated-cores --color --HOST --PORT --CONNECT-TIMEOUT --TIMEOUT --profile --core-ids --no-frontends --only-drives-cores --only-compute-cores --only-frontend-cores --allow-mix-setting --help)
        ;;
        "weka cluster container deactivate")
            complete_words=();
            complete_arguments=(container-ids);
            complete_repeatable_flags=();
            complete_long_flags=(--color --HOST --PORT --CONNECT-TIMEOUT --TIMEOUT --profile --no-wait --skip-resource-validation --allow-unavailable --skip-resilience-check --help)
        ;;
        "weka cluster container deactivation-check")
            complete_words=();
            complete_arguments=(container-ids);
            complete_repeatable_flags=();
            complete_long_flags=(--color --HOST --PORT --CONNECT-TIMEOUT --TIMEOUT --profile --help --json)
        ;;
        "weka cluster container dedicate")
            complete_words=();
            complete_arguments=(container-id on);
            complete_repeatable_flags=();
            complete_long_flags=(--color --HOST --PORT --CONNECT-TIMEOUT --TIMEOUT --profile --help)
        ;;
        "weka cluster container factory-reset")
            complete_words=();
            complete_arguments=(guid container-names-or-ips);
            complete_repeatable_flags=();
            complete_long_flags=(--color --HOST --PORT --CONNECT-TIMEOUT --TIMEOUT --profile --force --help --json --raw-units --UTC)
        ;;
        "weka cluster container failure-domain")
            complete_words=();
            complete_arguments=(container-id);
            complete_repeatable_flags=();
            complete_long_flags=(--name --color --HOST --PORT --CONNECT-TIMEOUT --TIMEOUT --profile --auto --help)
        ;;
        "weka cluster container info-hw")
            complete_words=();
            complete_arguments=(hostnames);
            complete_repeatable_flags=(--info-type);
            complete_long_flags=(--color --HOST --PORT --CONNECT-TIMEOUT --TIMEOUT --profile --info-type --help --json --raw-units --UTC)
        ;;
        "weka cluster container join-secret")
            complete_words=();
            complete_arguments=(container-id secret);
            complete_repeatable_flags=();
            complete_long_flags=(--color --HOST --PORT --CONNECT-TIMEOUT --TIMEOUT --profile --help)
        ;;
        "weka cluster container join-token")
            complete_words=();
            complete_arguments=(container-id token);
            complete_repeatable_flags=();
            complete_long_flags=(--color --HOST --PORT --CONNECT-TIMEOUT --TIMEOUT --profile --help)
        ;;
        "weka cluster container management-ips")
            complete_words=();
            complete_arguments=(container-id management-ips);
            complete_repeatable_flags=();
            complete_long_flags=(--color --HOST --PORT --CONNECT-TIMEOUT --TIMEOUT --profile --help)
        ;;
        "weka cluster container memory")
            complete_words=();
            complete_arguments=(container-id memory);
            complete_repeatable_flags=();
            complete_long_flags=(--color --HOST --PORT --CONNECT-TIMEOUT --TIMEOUT --profile --help)
        ;;
        "weka cluster container net")
            complete_words=(add remove);
            complete_arguments=(container-ids);
            complete_repeatable_flags=(--output --sort --filter --filter-color);
            complete_long_flags=(--color --HOST --PORT --CONNECT-TIMEOUT --TIMEOUT --profile --format --output --sort --filter --filter-color --help --raw-units --UTC --no-header --verbose)
        ;;
        "weka cluster container net add")
            complete_words=();
            complete_arguments=(container-id device);
            complete_repeatable_flags=(--ips);
            complete_long_flags=(--ips-type --gateway --netmask --name --label --color --HOST --PORT --CONNECT-TIMEOUT --TIMEOUT --profile --ips --help --json --raw-units --UTC)
        ;;
        "weka cluster container net remove")
            complete_words=();
            complete_arguments=(container-id name);
            complete_repeatable_flags=();
            complete_long_flags=(--color --HOST --PORT --CONNECT-TIMEOUT --TIMEOUT --profile --help)
        ;;
        "weka cluster container purge-old-secrets")
            complete_words=();
            complete_arguments=(container-id);
            complete_repeatable_flags=();
            complete_long_flags=(--color --HOST --PORT --CONNECT-TIMEOUT --TIMEOUT --profile --help)
        ;;
        "weka cluster container remove")
            complete_words=();
            complete_arguments=(container-id);
            complete_repeatable_flags=();
            complete_long_flags=(--color --HOST --PORT --CONNECT-TIMEOUT --TIMEOUT --profile --no-wait --no-unimprint --help)
        ;;
        "weka cluster container requested-action")
            complete_words=();
            complete_arguments=(requested_action container-ids);
            complete_repeatable_flags=();
            complete_long_flags=(--color --HOST --PORT --CONNECT-TIMEOUT --TIMEOUT --profile --help)
        ;;
        "weka cluster container resources")
            complete_words=();
            complete_arguments=(container-id);
            complete_repeatable_flags=();
            complete_long_flags=(--color --HOST --PORT --CONNECT-TIMEOUT --TIMEOUT --profile --stable --help --json --raw-units --UTC)
        ;;
        "weka cluster container restore")
            complete_words=();
            complete_arguments=(container-ids);
            complete_repeatable_flags=();
            complete_long_flags=(--color --HOST --PORT --CONNECT-TIMEOUT --TIMEOUT --profile --all --help)
        ;;
        "weka cluster add")
            complete_words=();
            complete_arguments=(host-hostnames);
            complete_repeatable_flags=(--host-ips --host-fqdn);
            complete_long_flags=(--admin-password --join-secret --color --HOST --PORT --CONNECT-TIMEOUT --TIMEOUT --profile --host-ips --host-fqdn --overwrite_resource_ips --help --json)
        ;;
        "weka cluster default-net")
            complete_words=(reset set update);
            complete_arguments=();
            complete_repeatable_flags=();
            complete_long_flags=(--color --HOST --PORT --CONNECT-TIMEOUT --TIMEOUT --profile --help --json --raw-units --UTC)
        ;;
        "weka cluster default-net reset")
            complete_words=();
            complete_arguments=();
            complete_repeatable_flags=();
            complete_long_flags=(--color --HOST --PORT --CONNECT-TIMEOUT --TIMEOUT --profile --help)
        ;;
        "weka cluster default-net set")
            complete_words=();
            complete_arguments=();
            complete_repeatable_flags=();
            complete_long_flags=(--range --gateway --netmask-bits --color --HOST --PORT --CONNECT-TIMEOUT --TIMEOUT --profile --help)
        ;;
        "weka cluster default-net update")
            complete_words=();
            complete_arguments=();
            complete_repeatable_flags=();
            complete_long_flags=(--range --gateway --netmask-bits --color --HOST --PORT --CONNECT-TIMEOUT --TIMEOUT --profile --help)
        ;;
        "weka cluster drive")
            complete_words=(activate add deactivate remove scan);
            complete_arguments=(uuids);
            complete_repeatable_flags=(--container --output --sort --filter --filter-color);
            complete_long_flags=(--color --HOST --PORT --CONNECT-TIMEOUT --TIMEOUT --profile --format --container --output --sort --filter --filter-color --show-removed --help --raw-units --UTC --no-header --verbose)
        ;;
        "weka cluster drive activate")
            complete_words=();
            complete_arguments=(uuids);
            complete_repeatable_flags=();
            complete_long_flags=(--color --HOST --PORT --CONNECT-TIMEOUT --TIMEOUT --profile --help --raw-units --UTC)
        ;;
        "weka cluster drive add")
            complete_words=();
            complete_arguments=(container-id device-paths);
            complete_repeatable_flags=(--output --sort --filter --filter-color);
            complete_long_flags=(--color --HOST --PORT --CONNECT-TIMEOUT --TIMEOUT --profile --format --output --sort --filter --filter-color --force --allow-format-non-wekafs-drives --help --raw-units --UTC --no-header --verbose)
        ;;
        "weka cluster drive deactivate")
            complete_words=();
            complete_arguments=(uuids);
            complete_repeatable_flags=();
            complete_long_flags=(--color --HOST --PORT --CONNECT-TIMEOUT --TIMEOUT --profile --skip-resource-validation --hard --force --help)
        ;;
        "weka cluster drive remove")
            complete_words=();
            complete_arguments=(uuids);
            complete_repeatable_flags=();
            complete_long_flags=(--color --HOST --PORT --CONNECT-TIMEOUT --TIMEOUT --profile --force --help)
        ;;
        "weka cluster drive scan")
            complete_words=();
            complete_arguments=(container-ids);
            complete_repeatable_flags=();
            complete_long_flags=(--color --HOST --PORT --CONNECT-TIMEOUT --TIMEOUT --profile --help --raw-units --UTC)
        ;;
        "weka cluster expand-process-limit")
            complete_words=(enable show);
            complete_arguments=();
            complete_repeatable_flags=();
            complete_long_flags=(--color --help)
        ;;
        "weka cluster expand-process-limit enable")
            complete_words=();
            complete_arguments=();
            complete_repeatable_flags=();
            complete_long_flags=(--color --HOST --PORT --CONNECT-TIMEOUT --TIMEOUT --profile --help)
        ;;
        "weka cluster expand-process-limit show")
            complete_words=();
            complete_arguments=();
            complete_repeatable_flags=();
            complete_long_flags=(--color --HOST --PORT --CONNECT-TIMEOUT --TIMEOUT --profile --help)
        ;;
        "weka cluster failure-domain")
            complete_words=();
            complete_arguments=();
            complete_repeatable_flags=(--output --sort --filter --filter-color);
            complete_long_flags=(--color --HOST --PORT --CONNECT-TIMEOUT --TIMEOUT --profile --format --output --sort --filter --filter-color --show-removed --help --raw-units --UTC --no-header --verbose)
        ;;
        "weka cluster hot-spare")
            complete_words=();
            complete_arguments=(count);
            complete_repeatable_flags=();
            complete_long_flags=(--color --HOST --PORT --CONNECT-TIMEOUT --TIMEOUT --profile --skip-resource-validation --help --json --raw-units --UTC)
        ;;
        "weka cluster join-token")
            complete_words=();
            complete_arguments=();
            complete_repeatable_flags=();
            complete_long_flags=(--color --help)
        ;;
        "weka cluster join-token generate")
            complete_words=();
            complete_arguments=();
            complete_repeatable_flags=(--ips);
            complete_long_flags=(--access-token-timeout --color --HOST --PORT --CONNECT-TIMEOUT --TIMEOUT --profile --ips --json --help)
        ;;
        "weka cluster license")
            complete_words=(reset set);
            complete_arguments=();
            complete_repeatable_flags=();
            complete_long_flags=(--color --HOST --PORT --CONNECT-TIMEOUT --TIMEOUT --profile --help --json --raw-units --UTC)
        ;;
        "weka cluster license payg")
            complete_words=();
            complete_arguments=(plan-id secret-key);
            complete_repeatable_flags=();
            complete_long_flags=(--color --HOST --PORT --CONNECT-TIMEOUT --TIMEOUT --profile --help)
        ;;
        "weka cluster license reset")
            complete_words=();
            complete_arguments=();
            complete_repeatable_flags=();
            complete_long_flags=(--color --HOST --PORT --CONNECT-TIMEOUT --TIMEOUT --profile --help)
        ;;
        "weka cluster license set")
            complete_words=();
            complete_arguments=(license);
            complete_repeatable_flags=();
            complete_long_flags=(--color --HOST --PORT --CONNECT-TIMEOUT --TIMEOUT --profile --help)
        ;;
        "weka cluster mount-defaults")
            complete_words=(reset set show);
            complete_arguments=();
            complete_repeatable_flags=();
            complete_long_flags=(--color --help)
        ;;
        "weka cluster mount-defaults reset")
            complete_words=();
            complete_arguments=();
            complete_repeatable_flags=();
            complete_long_flags=(--color --HOST --PORT --CONNECT-TIMEOUT --TIMEOUT --profile --qos-max-throughput --qos-preferred-throughput --qos-max-ops --help)
        ;;
        "weka cluster mount-defaults set")
            complete_words=();
            complete_arguments=();
            complete_repeatable_flags=();
            complete_long_flags=(--qos-max-throughput --qos-preferred-throughput --qos-max-ops --color --HOST --PORT --CONNECT-TIMEOUT --TIMEOUT --profile --help)
        ;;
        "weka cluster mount-defaults show")
            complete_words=();
            complete_arguments=();
            complete_repeatable_flags=();
            complete_long_flags=(--color --HOST --PORT --CONNECT-TIMEOUT --TIMEOUT --profile --json --help)
        ;;
        "weka cluster process")
            complete_words=();
            complete_arguments=(process-ids);
            complete_repeatable_flags=(--container --role --output --sort --filter --filter-color);
            complete_long_flags=(--color --HOST --PORT --CONNECT-TIMEOUT --TIMEOUT --profile --format --container --role --output --sort --filter --filter-color --local --backends --clients --leadership --leader --help --raw-units --UTC --no-header --verbose)
        ;;
        "weka cluster servers")
            complete_words=(list show);
            complete_arguments=();
            complete_repeatable_flags=();
            complete_long_flags=(--color --help)
        ;;
        "weka cluster servers list")
            complete_words=();
            complete_arguments=();
            complete_repeatable_flags=(--role --output --sort --filter --filter-color);
            complete_long_flags=(--color --HOST --PORT --CONNECT-TIMEOUT --TIMEOUT --profile --format --role --output --sort --filter --filter-color --help --raw-units --UTC --no-header --verbose)
        ;;
        "weka cluster servers show")
            complete_words=();
            complete_arguments=(uid);
            complete_repeatable_flags=();
            complete_long_flags=(--color --HOST --PORT --CONNECT-TIMEOUT --TIMEOUT --profile --json --help)
        ;;
        "weka cluster start-io")
            complete_words=();
            complete_arguments=();
            complete_repeatable_flags=();
            complete_long_flags=(--color --HOST --PORT --CONNECT-TIMEOUT --TIMEOUT --profile --help --json)
        ;;
        "weka cluster status")
            complete_words=();
            complete_arguments=();
            complete_repeatable_flags=();
            complete_long_flags=(--color --HOST --PORT --CONNECT-TIMEOUT --TIMEOUT --profile --detailed-capacity --help --json --raw-units --UTC)
        ;;
        "weka cluster stop-io")
            complete_words=();
            complete_arguments=();
            complete_repeatable_flags=();
            complete_long_flags=(--color --HOST --PORT --CONNECT-TIMEOUT --TIMEOUT --profile --brutal-no-flush --keep-external-containers --force --help --json)
        ;;
        "weka cluster task")
            complete_words=(abort bucket limits pause resume throttle);
            complete_arguments=();
            complete_repeatable_flags=(--output --sort --filter --filter-color);
            complete_long_flags=(--color --HOST --PORT --CONNECT-TIMEOUT --TIMEOUT --profile --format --output --sort --filter --filter-color --show-waiting --help --raw-units --UTC --no-header --verbose)
        ;;
        "weka cluster task abort")
            complete_words=();
            complete_arguments=(task-id);
            complete_repeatable_flags=();
            complete_long_flags=(--color --HOST --PORT --CONNECT-TIMEOUT --TIMEOUT --profile --help)
        ;;
        "weka cluster task bucket")
            complete_words=();
            complete_arguments=();
            complete_repeatable_flags=(--task --bucket --output --sort --filter --filter-color);
            complete_long_flags=(--color --HOST --PORT --CONNECT-TIMEOUT --TIMEOUT --profile --format --task --bucket --output --sort --filter --filter-color --help --raw-units --UTC --no-header --verbose)
        ;;
        "weka cluster task limits")
            complete_words=(set);
            complete_arguments=();
            complete_repeatable_flags=();
            complete_long_flags=(--color --HOST --PORT --CONNECT-TIMEOUT --TIMEOUT --profile --help --json)
        ;;
        "weka cluster task limits set")
            complete_words=();
            complete_arguments=();
            complete_repeatable_flags=();
            complete_long_flags=(--cpu-limit --color --HOST --PORT --CONNECT-TIMEOUT --TIMEOUT --profile --help)
        ;;
        "weka cluster task limits throttle")
            complete_words=();
            complete_arguments=(task-type);
            complete_repeatable_flags=();
            complete_long_flags=(--throttle --color --HOST --PORT --CONNECT-TIMEOUT --TIMEOUT --profile --help)
        ;;
        "weka cluster task pause")
            complete_words=();
            complete_arguments=(task-id);
            complete_repeatable_flags=();
            complete_long_flags=(--color --HOST --PORT --CONNECT-TIMEOUT --TIMEOUT --profile --help)
        ;;
        "weka cluster task resume")
            complete_words=();
            complete_arguments=(task-id);
            complete_repeatable_flags=();
            complete_long_flags=(--color --HOST --PORT --CONNECT-TIMEOUT --TIMEOUT --profile --help)
        ;;
        "weka cluster task throttle")
            complete_words=();
            complete_arguments=(task-id);
            complete_repeatable_flags=();
            complete_long_flags=(--throttle --color --HOST --PORT --CONNECT-TIMEOUT --TIMEOUT --profile --help)
        ;;
        "weka cluster update")
            complete_words=();
            complete_arguments=();
            complete_repeatable_flags=();
            complete_long_flags=(--cluster-name --data-drives --parity-drives --scrubber-bytes-per-sec --bucket-raft-size --color --HOST --PORT --CONNECT-TIMEOUT --TIMEOUT --profile --help)
        ;;
        "weka dataservice")
            complete_words=(global-config);
            complete_arguments=();
            complete_repeatable_flags=();
            complete_long_flags=(--color --help)
        ;;
        "weka dataservice global-config")
            complete_words=(set show);
            complete_arguments=();
            complete_repeatable_flags=();
            complete_long_flags=(--color --help)
        ;;
        "weka dataservice global-config set")
            complete_words=();
            complete_arguments=();
            complete_repeatable_flags=();
            complete_long_flags=(--config-fs --color --HOST --PORT --CONNECT-TIMEOUT --TIMEOUT --profile --help)
        ;;
        "weka dataservice global-config show")
            complete_words=();
            complete_arguments=();
            complete_repeatable_flags=();
            complete_long_flags=(--color --HOST --PORT --CONNECT-TIMEOUT --TIMEOUT --profile --help --json)
        ;;
        "weka debug")
            complete_words=(buckets callhome config dataserv denylist drive flock fs jrpc manhole net override pdsh performance process revision s3 smb task traces upgrade viewer);
            complete_arguments=();
            complete_repeatable_flags=();
            complete_long_flags=(--color --help)
        ;;
        "weka debug denylist")
            complete_words=(add list remove);
            complete_arguments=();
            complete_repeatable_flags=();
            complete_long_flags=(--color --help)
        ;;
        "weka debug denylist add")
            complete_words=();
            complete_arguments=();
            complete_repeatable_flags=(--process --container);
            complete_long_flags=(--comment --color --HOST --PORT --CONNECT-TIMEOUT --TIMEOUT --profile --process --container --all-clients --help --force)
        ;;
        "weka debug denylist list")
            complete_words=();
            complete_arguments=(process-ids);
            complete_repeatable_flags=(--output --sort --filter --filter-color);
            complete_long_flags=(--color --HOST --PORT --CONNECT-TIMEOUT --TIMEOUT --profile --format --output --sort --filter --filter-color --help --raw-units --UTC --no-header --verbose)
        ;;
        "weka debug denylist remove")
            complete_words=();
            complete_arguments=();
            complete_repeatable_flags=(--process --container);
            complete_long_flags=(--color --HOST --PORT --CONNECT-TIMEOUT --TIMEOUT --profile --process --container --all --all-clients --help)
        ;;
        "weka debug buckets")
            complete_words=(dist restart set-electable-mode);
            complete_arguments=();
            complete_repeatable_flags=();
            complete_long_flags=(--color --help)
        ;;
        "weka debug buckets dist")
            complete_words=(wait-for-balance);
            complete_arguments=(process-ids);
            complete_repeatable_flags=(--bucket --output --sort --filter --filter-color);
            complete_long_flags=(--color --HOST --PORT --CONNECT-TIMEOUT --TIMEOUT --profile --format --bucket --output --sort --filter --filter-color --help --raw-units --UTC --no-header --verbose)
        ;;
        "weka debug buckets dist wait-for-balance")
            complete_words=();
            complete_arguments=();
            complete_repeatable_flags=();
            complete_long_flags=(--poll-interval --color --HOST --PORT --CONNECT-TIMEOUT --TIMEOUT --profile --help)
        ;;
        "weka debug buckets restart")
            complete_words=();
            complete_arguments=();
            complete_repeatable_flags=(--bucket --node --host --ignore-event);
            complete_long_flags=(--batch-size --sleep --poll-interval --color --HOST --PORT --CONNECT-TIMEOUT --TIMEOUT --profile --bucket --node --host --ignore-event --all --yes --ungraceful --skip-wait-up --wait-for-balance --monitor-events --verbose --help)
        ;;
        "weka debug buckets set-electable-mode")
            complete_words=();
            complete_arguments=();
            complete_repeatable_flags=(--bucket);
            complete_long_flags=(--color --HOST --PORT --CONNECT-TIMEOUT --TIMEOUT --profile --bucket --source --non-source --all --help --json)
        ;;
        "weka debug callhome")
            complete_words=();
            complete_arguments=();
            complete_repeatable_flags=();
            complete_long_flags=(--enable --color --HOST --PORT --CONNECT-TIMEOUT --TIMEOUT --profile --help --json)
        ;;
        "weka debug config")
            complete_words=(attach dump list-overrides override show);
            complete_arguments=();
            complete_repeatable_flags=();
            complete_long_flags=(--color --help)
        ;;
        "weka debug config attach")
            complete_words=();
            complete_arguments=(key assignment);
            complete_repeatable_flags=();
            complete_long_flags=(--color --HOST --PORT --CONNECT-TIMEOUT --TIMEOUT --profile --help --json)
        ;;
        "weka debug config dump")
            complete_words=();
            complete_arguments=();
            complete_repeatable_flags=();
            complete_long_flags=(--container --color --no-secrets --help --json)
        ;;
        "weka debug config list-overrides")
            complete_words=();
            complete_arguments=();
            complete_repeatable_flags=();
            complete_long_flags=(--color --HOST --PORT --CONNECT-TIMEOUT --TIMEOUT --profile --no-redirect --help --json)
        ;;
        "weka debug config override")
            complete_words=(add disable enable list remove update);
            complete_arguments=(key value);
            complete_repeatable_flags=();
            complete_long_flags=(--color --HOST --PORT --CONNECT-TIMEOUT --TIMEOUT --profile --help --json)
        ;;
        "weka debug config override add")
            complete_words=();
            complete_arguments=();
            complete_repeatable_flags=();
            complete_long_flags=(--key --value --comment --color --HOST --PORT --CONNECT-TIMEOUT --TIMEOUT --profile --disabled --help --json)
        ;;
        "weka debug config override disable")
            complete_words=();
            complete_arguments=(override-ids);
            complete_repeatable_flags=();
            complete_long_flags=(--color --HOST --PORT --CONNECT-TIMEOUT --TIMEOUT --profile --help --json)
        ;;
        "weka debug config override enable")
            complete_words=();
            complete_arguments=(override-ids);
            complete_repeatable_flags=();
            complete_long_flags=(--color --HOST --PORT --CONNECT-TIMEOUT --TIMEOUT --profile --help --json)
        ;;
        "weka debug config override list")
            complete_words=();
            complete_arguments=();
            complete_repeatable_flags=(--output --sort --filter --filter-color);
            complete_long_flags=(--color --HOST --PORT --CONNECT-TIMEOUT --TIMEOUT --profile --format --output --sort --filter --filter-color --help --raw-units --UTC --no-header --verbose)
        ;;
        "weka debug config override remove")
            complete_words=();
            complete_arguments=();
            complete_repeatable_flags=(--id);
            complete_long_flags=(--key --color --HOST --PORT --CONNECT-TIMEOUT --TIMEOUT --profile --id --all --help --json)
        ;;
        "weka debug config override update")
            complete_words=();
            complete_arguments=(id);
            complete_repeatable_flags=();
            complete_long_flags=(--value --comment --enabled --color --HOST --PORT --CONNECT-TIMEOUT --TIMEOUT --profile --help --json)
        ;;
        "weka debug config show")
            complete_words=();
            complete_arguments=(key);
            complete_repeatable_flags=();
            complete_long_flags=(--color --HOST --PORT --CONNECT-TIMEOUT --TIMEOUT --profile --no-redirect --help --json)
        ;;
        "weka debug dataserv")
            complete_words=(shards);
            complete_arguments=();
            complete_repeatable_flags=();
            complete_long_flags=(--color --help)
        ;;
        "weka debug dataserv shards")
            complete_words=();
            complete_arguments=(shard-ids);
            complete_repeatable_flags=(--output --sort --filter --filter-color);
            complete_long_flags=(--color --HOST --PORT --CONNECT-TIMEOUT --TIMEOUT --profile --format --output --sort --filter --filter-color --help --no-header --verbose)
        ;;
        "weka debug drive")
            complete_words=(info writable);
            complete_arguments=();
            complete_repeatable_flags=();
            complete_long_flags=(--color --help)
        ;;
        "weka debug drive info")
            complete_words=(error ocp-smart raw smart);
            complete_arguments=();
            complete_repeatable_flags=();
            complete_long_flags=(--color --help)
        ;;
        "weka debug drive info error")
            complete_words=();
            complete_arguments=();
            complete_repeatable_flags=(--disk);
            complete_long_flags=(--color --HOST --PORT --CONNECT-TIMEOUT --TIMEOUT --profile --disk --all --help --json)
        ;;
        "weka debug drive info ocp-smart")
            complete_words=();
            complete_arguments=();
            complete_repeatable_flags=(--disk);
            complete_long_flags=(--color --HOST --PORT --CONNECT-TIMEOUT --TIMEOUT --profile --disk --all --help --json)
        ;;
        "weka debug drive info raw")
            complete_words=();
            complete_arguments=();
            complete_repeatable_flags=(--disk);
            complete_long_flags=(--log-page --offset --size --color --HOST --PORT --CONNECT-TIMEOUT --TIMEOUT --profile --disk --all --help --json)
        ;;
        "weka debug drive info smart")
            complete_words=();
            complete_arguments=();
            complete_repeatable_flags=(--disk);
            complete_long_flags=(--color --HOST --PORT --CONNECT-TIMEOUT --TIMEOUT --profile --disk --all --help --json)
        ;;
        "weka debug drive writable")
            complete_words=(off on);
            complete_arguments=();
            complete_repeatable_flags=();
            complete_long_flags=(--color --help)
        ;;
        "weka debug drive writable off")
            complete_words=();
            complete_arguments=();
            complete_repeatable_flags=(--disk --container);
            complete_long_flags=(--color --HOST --PORT --CONNECT-TIMEOUT --TIMEOUT --profile --disk --container --force --help)
        ;;
        "weka debug drive writable on")
            complete_words=();
            complete_arguments=();
            complete_repeatable_flags=(--disk --container);
            complete_long_flags=(--color --HOST --PORT --CONNECT-TIMEOUT --TIMEOUT --profile --disk --container --all --help)
        ;;
        "weka debug flock")
            complete_words=(list);
            complete_arguments=();
            complete_repeatable_flags=();
            complete_long_flags=(--color --help)
        ;;
        "weka debug flock list")
            complete_words=();
            complete_arguments=(inode-id);
            complete_repeatable_flags=(--output --sort --filter --filter-color);
            complete_long_flags=(--snap-view-id --color --HOST --PORT --CONNECT-TIMEOUT --TIMEOUT --profile --format --output --sort --filter --filter-color --help --no-header --verbose)
        ;;
        "weka debug fs")
            complete_words=(drop-dirty-cache fix-backpointers integrity-check lsof old-ios recompress resolve-inode);
            complete_arguments=();
            complete_repeatable_flags=();
            complete_long_flags=(--color --help)
        ;;
        "weka debug fs drop-dirty-cache")
            complete_words=();
            complete_arguments=(inode-id);
            complete_repeatable_flags=();
            complete_long_flags=(--snap-view-id --color --HOST --PORT --CONNECT-TIMEOUT --TIMEOUT --profile --help --json)
        ;;
        "weka debug fs fix-backpointers")
            complete_words=();
            complete_arguments=(path);
            complete_repeatable_flags=();
            complete_long_flags=(--color --HOST --PORT --CONNECT-TIMEOUT --TIMEOUT --profile --help --raw-units --UTC)
        ;;
        "weka debug fs integrity-check")
            complete_words=(periodic-scan start);
            complete_arguments=();
            complete_repeatable_flags=();
            complete_long_flags=(--color --help)
        ;;
        "weka debug fs integrity-check periodic-scan")
            complete_words=(update);
            complete_arguments=();
            complete_repeatable_flags=();
            complete_long_flags=(--color --HOST --PORT --CONNECT-TIMEOUT --TIMEOUT --profile --help --json)
        ;;
        "weka debug fs integrity-check periodic-scan update")
            complete_words=();
            complete_arguments=();
            complete_repeatable_flags=();
            complete_long_flags=(--enabled --period --min-duration --throttle --color --HOST --PORT --CONNECT-TIMEOUT --TIMEOUT --profile --help)
        ;;
        "weka debug fs integrity-check start")
            complete_words=();
            complete_arguments=(parameter=value);
            complete_repeatable_flags=();
            complete_long_flags=(--color --HOST --PORT --CONNECT-TIMEOUT --TIMEOUT --profile --help --json)
        ;;
        "weka debug fs lsof")
            complete_words=();
            complete_arguments=(inode-id);
            complete_repeatable_flags=(--output --sort --filter --filter-color);
            complete_long_flags=(--snap-view-id --color --HOST --PORT --CONNECT-TIMEOUT --TIMEOUT --profile --format --output --sort --filter --filter-color --help --no-header --verbose)
        ;;
        "weka debug fs old-ios")
            complete_words=();
            complete_arguments=();
            complete_repeatable_flags=(--role --output --sort --filter --filter-color);
            complete_long_flags=(--count --HOST --PORT --CONNECT-TIMEOUT --TIMEOUT --profile --color --format --role --output --sort --filter --filter-color --backtrace --backtrace-raw --help --no-header --verbose)
        ;;
        "weka debug fs recompress")
            complete_words=();
            complete_arguments=(name);
            complete_repeatable_flags=();
            complete_long_flags=(--color --HOST --PORT --CONNECT-TIMEOUT --TIMEOUT --profile --help --json)
        ;;
        "weka debug fs resolve-inode")
            complete_words=();
            complete_arguments=(inode-id);
            complete_repeatable_flags=();
            complete_long_flags=(--snap-view-id --filesystem --color --HOST --PORT --CONNECT-TIMEOUT --TIMEOUT --profile --all --force --no-dedup --help --json)
        ;;
        "weka debug jrpc")
            complete_words=();
            complete_arguments=(command parameter=value);
            complete_repeatable_flags=();
            complete_long_flags=(--container --process --color --HOST --PORT --CONNECT-TIMEOUT --TIMEOUT --profile --no-arrays --help --json)
        ;;
        "weka debug manhole")
            complete_words=();
            complete_arguments=(manhole parameter=value);
            complete_repeatable_flags=();
            complete_long_flags=(--node --host --slot --bucketId --bucket --drive --color --HOST --PORT --CONNECT-TIMEOUT --TIMEOUT --profile --leader --no-arrays --help --json)
        ;;
        "weka debug net")
            complete_words=(links peers ports);
            complete_arguments=();
            complete_repeatable_flags=();
            complete_long_flags=(--color --help)
        ;;
        "weka debug net links")
            complete_words=();
            complete_arguments=(process-ids);
            complete_repeatable_flags=(--output --sort --filter --filter-color);
            complete_long_flags=(--HOST --PORT --CONNECT-TIMEOUT --TIMEOUT --profile --color --format --output --sort --filter --filter-color --help --no-header --verbose)
        ;;
        "weka debug net peers")
            complete_words=();
            complete_arguments=(node-id);
            complete_repeatable_flags=(--output --sort --filter --filter-color);
            complete_long_flags=(--color --HOST --PORT --CONNECT-TIMEOUT --TIMEOUT --profile --format --output --sort --filter --filter-color --help --raw-units --UTC --no-header --verbose)
        ;;
        "weka debug net ports")
            complete_words=();
            complete_arguments=(node-id);
            complete_repeatable_flags=(--output --sort --filter --filter-color);
            complete_long_flags=(--color --HOST --PORT --CONNECT-TIMEOUT --TIMEOUT --profile --format --output --sort --filter --filter-color --help --raw-units --UTC --no-header --verbose)
        ;;
        "weka debug process")
            complete_words=(restart);
            complete_arguments=();
            complete_repeatable_flags=();
            complete_long_flags=(--color --help)
        ;;
        "weka debug process restart")
            complete_words=();
            complete_arguments=();
            complete_repeatable_flags=(--node --ignore-event);
            complete_long_flags=(--all-role --batch-size --sleep --poll-interval --color --HOST --PORT --CONNECT-TIMEOUT --TIMEOUT --profile --node --ignore-event --yes --force-drives --skip-wait-up --wait-for-balance --monitor-events --verbose --help)
        ;;
        "weka debug override")
            complete_words=(add disable enable list list-keys remove update);
            complete_arguments=();
            complete_repeatable_flags=();
            complete_long_flags=(--color --help)
        ;;
        "weka debug override add")
            complete_words=();
            complete_arguments=();
            complete_repeatable_flags=();
            complete_long_flags=(--key --value --bucket --comment --color --HOST --PORT --CONNECT-TIMEOUT --TIMEOUT --profile --disabled --force --help --json)
        ;;
        "weka debug override disable")
            complete_words=();
            complete_arguments=(override-ids);
            complete_repeatable_flags=();
            complete_long_flags=(--color --HOST --PORT --CONNECT-TIMEOUT --TIMEOUT --profile --help --json)
        ;;
        "weka debug override enable")
            complete_words=();
            complete_arguments=(override-ids);
            complete_repeatable_flags=();
            complete_long_flags=(--color --HOST --PORT --CONNECT-TIMEOUT --TIMEOUT --profile --force --help --json)
        ;;
        "weka debug override list")
            complete_words=();
            complete_arguments=();
            complete_repeatable_flags=(--output --sort --filter --filter-color);
            complete_long_flags=(--color --HOST --PORT --CONNECT-TIMEOUT --TIMEOUT --profile --format --output --sort --filter --filter-color --help --raw-units --UTC --no-header --verbose)
        ;;
        "weka debug override list-keys")
            complete_words=();
            complete_arguments=();
            complete_repeatable_flags=(--output --sort --filter --filter-color);
            complete_long_flags=(--color --HOST --PORT --CONNECT-TIMEOUT --TIMEOUT --profile --format --output --sort --filter --filter-color --help --no-header --verbose)
        ;;
        "weka debug override remove")
            complete_words=();
            complete_arguments=();
            complete_repeatable_flags=(--id);
            complete_long_flags=(--key --value --bucket --color --HOST --PORT --CONNECT-TIMEOUT --TIMEOUT --profile --id --negate-bucket --all --help --json)
        ;;
        "weka debug override update")
            complete_words=();
            complete_arguments=(id);
            complete_repeatable_flags=();
            complete_long_flags=(--key --value --bucket --comment --enabled --color --HOST --PORT --CONNECT-TIMEOUT --TIMEOUT --profile --delete-value --force --help --json)
        ;;
        "weka debug pdsh")
            complete_words=();
            complete_arguments=(command);
            complete_repeatable_flags=(--hosts --exclude-hosts --ssh-opts);
            complete_long_flags=(--identity-file --fanout --container --config --color --hosts --exclude-hosts --ssh-opts --forward-status --drives --computes --frontends --dry-run --print-hosts --by-ips --format-output --help)
        ;;
        "weka debug performance")
            complete_words=(stats);
            complete_arguments=();
            complete_repeatable_flags=();
            complete_long_flags=(--color --help)
        ;;
        "weka debug performance stats")
            complete_words=();
            complete_arguments=();
            complete_repeatable_flags=(--clients);
            complete_long_flags=(--start-time --color --clients --verbose --alerts-only --help)
        ;;
        "weka debug revision")
            complete_words=();
            complete_arguments=();
            complete_repeatable_flags=();
            complete_long_flags=(--container --color --help)
        ;;
        "weka debug s3")
            complete_words=();
            complete_arguments=();
            complete_repeatable_flags=();
            complete_long_flags=(--color --help)
        ;;
        "weka debug s3 integrity-check")
            complete_words=();
            complete_arguments=();
            complete_repeatable_flags=();
            complete_long_flags=(--color --help)
        ;;
        "weka debug s3 integrity-check start")
            complete_words=();
            complete_arguments=(host fs-name verified-log mismatched-log);
            complete_repeatable_flags=();
            complete_long_flags=(--bucket --id --max-id --color --HOST --PORT --CONNECT-TIMEOUT --TIMEOUT --profile --help --json)
        ;;
        "weka debug s3 integrity-check status")
            complete_words=();
            complete_arguments=(host);
            complete_repeatable_flags=();
            complete_long_flags=(--color --HOST --PORT --CONNECT-TIMEOUT --TIMEOUT --profile --help --json)
        ;;
        "weka debug s3 integrity-check stop")
            complete_words=();
            complete_arguments=(host);
            complete_repeatable_flags=();
            complete_long_flags=(--color --HOST --PORT --CONNECT-TIMEOUT --TIMEOUT --profile --help --json)
        ;;
        "weka debug smb")
            complete_words=(ad set-conf-extra set-max-cluster-size share-status user);
            complete_arguments=();
            complete_repeatable_flags=();
            complete_long_flags=(--color --help)
        ;;
        "weka debug smb ad")
            complete_words=();
            complete_arguments=();
            complete_repeatable_flags=();
            complete_long_flags=(--color --HOST --PORT --CONNECT-TIMEOUT --TIMEOUT --profile --help --json)
        ;;
        "weka debug smb set-conf-extra")
            complete_words=();
            complete_arguments=();
            complete_repeatable_flags=();
            complete_long_flags=(--conf-extra --HOST --PORT --CONNECT-TIMEOUT --TIMEOUT --profile --color --help --json)
        ;;
        "weka debug smb set-max-cluster-size")
            complete_words=();
            complete_arguments=(max-cluster-size);
            complete_repeatable_flags=();
            complete_long_flags=(--HOST --PORT --CONNECT-TIMEOUT --TIMEOUT --profile --color --help --json)
        ;;
        "weka debug smb share-status")
            complete_words=();
            complete_arguments=(name);
            complete_repeatable_flags=();
            complete_long_flags=(--color --HOST --PORT --CONNECT-TIMEOUT --TIMEOUT --profile --help --json)
        ;;
        "weka debug smb user")
            complete_words=();
            complete_arguments=(user password);
            complete_repeatable_flags=();
            complete_long_flags=(--color --HOST --PORT --CONNECT-TIMEOUT --TIMEOUT --profile --help --json)
        ;;
        "weka debug task")
            complete_words=(old-progress status);
            complete_arguments=();
            complete_repeatable_flags=();
            complete_long_flags=(--color --help)
        ;;
        "weka debug task drop")
            complete_words=();
            complete_arguments=();
            complete_repeatable_flags=(--bucket);
            complete_long_flags=(--task-id --color --HOST --PORT --CONNECT-TIMEOUT --TIMEOUT --profile --bucket --help --raw-units --UTC --force)
        ;;
        "weka debug task old-progress")
            complete_words=();
            complete_arguments=(task-id);
            complete_repeatable_flags=();
            complete_long_flags=(--wait-for-bucket-readiness --color --HOST --PORT --CONNECT-TIMEOUT --TIMEOUT --profile --backtrace --backtrace-raw --help --raw-units --UTC --json)
        ;;
        "weka debug task status")
            complete_words=();
            complete_arguments=();
            complete_repeatable_flags=(--bucket --output --sort --filter --filter-color);
            complete_long_flags=(--task-id --color --HOST --PORT --CONNECT-TIMEOUT --TIMEOUT --profile --format --bucket --output --sort --filter --filter-color --backtrace --backtrace-raw --help --raw-units --UTC --no-header --verbose)
        ;;
        "weka debug traces")
            complete_words=(dumper-iops freeze level remote-endpoint retention start status stop);
            complete_arguments=();
            complete_repeatable_flags=();
            complete_long_flags=(--color --help)
        ;;
        "weka debug traces dumper-iops")
            complete_words=(list reset set);
            complete_arguments=();
            complete_repeatable_flags=();
            complete_long_flags=(--color --help)
        ;;
        "weka debug traces dumper-iops list")
            complete_words=();
            complete_arguments=();
            complete_repeatable_flags=(--output --sort --filter --filter-color);
            complete_long_flags=(--color --HOST --PORT --CONNECT-TIMEOUT --TIMEOUT --profile --format --output --sort --filter --filter-color --help --no-header --verbose)
        ;;
        "weka debug traces dumper-iops reset")
            complete_words=();
            complete_arguments=();
            complete_repeatable_flags=(--container --process);
            complete_long_flags=(--color --HOST --PORT --CONNECT-TIMEOUT --TIMEOUT --profile --container --process --all --help --json)
        ;;
        "weka debug traces dumper-iops set")
            complete_words=();
            complete_arguments=(iops-value);
            complete_repeatable_flags=(--container --process);
            complete_long_flags=(--color --HOST --PORT --CONNECT-TIMEOUT --TIMEOUT --profile --container --process --help --json)
        ;;
        "weka debug traces freeze")
            complete_words=(events reset set show);
            complete_arguments=();
            complete_repeatable_flags=();
            complete_long_flags=(--color --help)
        ;;
        "weka debug traces freeze events")
            complete_words=(add list rearm remove);
            complete_arguments=();
            complete_repeatable_flags=();
            complete_long_flags=(--color --help)
        ;;
        "weka debug traces freeze events add")
            complete_words=();
            complete_arguments=(event-type);
            complete_repeatable_flags=();
            complete_long_flags=(--freeze-before --freeze-after --freeze-retention --comment --color --HOST --PORT --CONNECT-TIMEOUT --TIMEOUT --profile --backend-only --help --json --raw-units --UTC)
        ;;
        "weka debug traces freeze events list")
            complete_words=();
            complete_arguments=();
            complete_repeatable_flags=(--output --sort --filter --filter-color);
            complete_long_flags=(--color --HOST --PORT --CONNECT-TIMEOUT --TIMEOUT --profile --format --output --sort --filter --filter-color --help --raw-units --UTC --no-header --verbose)
        ;;
        "weka debug traces freeze events rearm")
            complete_words=();
            complete_arguments=(id);
            complete_repeatable_flags=();
            complete_long_flags=(--color --HOST --PORT --CONNECT-TIMEOUT --TIMEOUT --profile --help --raw-units --UTC)
        ;;
        "weka debug traces freeze events remove")
            complete_words=();
            complete_arguments=(id);
            complete_repeatable_flags=();
            complete_long_flags=(--color --HOST --PORT --CONNECT-TIMEOUT --TIMEOUT --profile --help --raw-units --UTC)
        ;;
        "weka debug traces freeze reset")
            complete_words=();
            complete_arguments=();
            complete_repeatable_flags=();
            complete_long_flags=(--color --HOST --PORT --CONNECT-TIMEOUT --TIMEOUT --profile --help --json)
        ;;
        "weka debug traces freeze set")
            complete_words=();
            complete_arguments=();
            complete_repeatable_flags=();
            complete_long_flags=(--start-time --end-time --retention --comment --color --HOST --PORT --CONNECT-TIMEOUT --TIMEOUT --profile --override --help --json --raw-units --UTC)
        ;;
        "weka debug traces freeze show")
            complete_words=();
            complete_arguments=();
            complete_repeatable_flags=();
            complete_long_flags=(--color --HOST --PORT --CONNECT-TIMEOUT --TIMEOUT --profile --help --json --raw-units --UTC)
        ;;
        "weka debug traces level")
            complete_words=(list set);
            complete_arguments=();
            complete_repeatable_flags=();
            complete_long_flags=(--color --help)
        ;;
        "weka debug traces level list")
            complete_words=();
            complete_arguments=();
            complete_repeatable_flags=(--output --sort --filter --filter-color);
            complete_long_flags=(--color --HOST --PORT --CONNECT-TIMEOUT --TIMEOUT --profile --format --output --sort --filter --filter-color --help --no-header --verbose)
        ;;
        "weka debug traces level set")
            complete_words=();
            complete_arguments=(level);
            complete_repeatable_flags=(--container --process);
            complete_long_flags=(--color --HOST --PORT --CONNECT-TIMEOUT --TIMEOUT --profile --container --process --all --help --json)
        ;;
        "weka debug traces remote-endpoint")
            complete_words=(disable enable status);
            complete_arguments=();
            complete_repeatable_flags=();
            complete_long_flags=(--color --help)
        ;;
        "weka debug traces remote-endpoint disable")
            complete_words=();
            complete_arguments=();
            complete_repeatable_flags=();
            complete_long_flags=(--color --HOST --PORT --CONNECT-TIMEOUT --TIMEOUT --profile --help)
        ;;
        "weka debug traces remote-endpoint enable")
            complete_words=();
            complete_arguments=(trace-streamer-addr trace-streamer-port);
            complete_repeatable_flags=();
            complete_long_flags=(--color --HOST --PORT --CONNECT-TIMEOUT --TIMEOUT --profile --enable-client --help --json)
        ;;
        "weka debug traces remote-endpoint status")
            complete_words=();
            complete_arguments=();
            complete_repeatable_flags=();
            complete_long_flags=(--color --HOST --PORT --CONNECT-TIMEOUT --TIMEOUT --profile --help --json)
        ;;
        "weka debug traces retention")
            complete_words=(restore-default set);
            complete_arguments=();
            complete_repeatable_flags=();
            complete_long_flags=(--color --help)
        ;;
        "weka debug traces retention restore-default")
            complete_words=();
            complete_arguments=();
            complete_repeatable_flags=();
            complete_long_flags=(--color --HOST --PORT --CONNECT-TIMEOUT --TIMEOUT --profile --help --json)
        ;;
        "weka debug traces retention set")
            complete_words=();
            complete_arguments=();
            complete_repeatable_flags=();
            complete_long_flags=(--server-max --client-max --server-ensure-free --client-ensure-free --color --HOST --PORT --CONNECT-TIMEOUT --TIMEOUT --profile --help --json)
        ;;
        "weka debug traces start")
            complete_words=();
            complete_arguments=();
            complete_repeatable_flags=();
            complete_long_flags=(--color --HOST --PORT --CONNECT-TIMEOUT --TIMEOUT --profile --help --json)
        ;;
        "weka debug traces status")
            complete_words=();
            complete_arguments=();
            complete_repeatable_flags=();
            complete_long_flags=(--color --HOST --PORT --CONNECT-TIMEOUT --TIMEOUT --profile --help --json)
        ;;
        "weka debug traces stop")
            complete_words=();
            complete_arguments=();
            complete_repeatable_flags=();
            complete_long_flags=(--color --HOST --PORT --CONNECT-TIMEOUT --TIMEOUT --profile --help --json)
        ;;
        "weka debug upgrade")
            complete_words=(accepted-versions minimal-backend-version version-signature);
            complete_arguments=();
            complete_repeatable_flags=();
            complete_long_flags=(--color --help)
        ;;
        "weka debug upgrade accepted-versions")
            complete_words=(list refresh set);
            complete_arguments=();
            complete_repeatable_flags=();
            complete_long_flags=(--color --help)
        ;;
        "weka debug upgrade accepted-versions list")
            complete_words=();
            complete_arguments=();
            complete_repeatable_flags=();
            complete_long_flags=(--color --HOST --PORT --CONNECT-TIMEOUT --TIMEOUT --profile --help --json)
        ;;
        "weka debug upgrade accepted-versions refresh")
            complete_words=();
            complete_arguments=();
            complete_repeatable_flags=();
            complete_long_flags=(--color --HOST --PORT --CONNECT-TIMEOUT --TIMEOUT --profile --help --json)
        ;;
        "weka debug upgrade accepted-versions reset")
            complete_words=();
            complete_arguments=();
            complete_repeatable_flags=();
            complete_long_flags=(--color --HOST --PORT --CONNECT-TIMEOUT --TIMEOUT --profile --help --json)
        ;;
        "weka debug upgrade accepted-versions set")
            complete_words=();
            complete_arguments=(accepted-versions);
            complete_repeatable_flags=();
            complete_long_flags=(--color --HOST --PORT --CONNECT-TIMEOUT --TIMEOUT --profile --help --json)
        ;;
        "weka debug upgrade minimal-backend-version")
            complete_words=();
            complete_arguments=();
            complete_repeatable_flags=();
            complete_long_flags=(--color --HOST --PORT --CONNECT-TIMEOUT --TIMEOUT --profile --help --json)
        ;;
        "weka debug upgrade version-signature")
            complete_words=();
            complete_arguments=(release_string);
            complete_repeatable_flags=();
            complete_long_flags=(--color --HOST --PORT --CONNECT-TIMEOUT --TIMEOUT --profile --help --json)
        ;;
        "weka debug viewer")
            complete_words=();
            complete_arguments=();
            complete_repeatable_flags=(--environment);
            complete_long_flags=(--color --environment --help)
        ;;
        "weka diags")
            complete_words=(collect list rm upload);
            complete_arguments=();
            complete_repeatable_flags=();
            complete_long_flags=(--color --help)
        ;;
        "weka diags collect")
            complete_words=();
            complete_arguments=();
            complete_repeatable_flags=(--container-id);
            complete_long_flags=(--id --timeout --output-dir --core-limit --HOST --PORT --CONNECT-TIMEOUT --TIMEOUT --profile --color --container-id --clients --backends --tar --verbose --help --raw-units --UTC --json)
        ;;
        "weka diags list")
            complete_words=();
            complete_arguments=(id);
            complete_repeatable_flags=();
            complete_long_flags=(--color --verbose --help)
        ;;
        "weka diags rm")
            complete_words=();
            complete_arguments=(id);
            complete_repeatable_flags=();
            complete_long_flags=(--HOST --PORT --CONNECT-TIMEOUT --TIMEOUT --profile --color --all --help)
        ;;
        "weka diags upload")
            complete_words=();
            complete_arguments=();
            complete_repeatable_flags=(--container-id);
            complete_long_flags=(--timeout --core-limit --dump-id --HOST --PORT --CONNECT-TIMEOUT --TIMEOUT --profile --color --container-id --clients --backends --tar --help --json)
        ;;
        "weka driver")
            complete_words=(build download export import install kernel pack ready sign);
            complete_arguments=();
            complete_repeatable_flags=();
            complete_long_flags=(--color --help)
        ;;
        "weka driver build")
            complete_words=();
            complete_arguments=();
            complete_repeatable_flags=();
            complete_long_flags=(--color --version --help)
        ;;
        "weka driver download")
            complete_words=();
            complete_arguments=();
            complete_repeatable_flags=(--from);
            complete_long_flags=(--color --version --kernel-signature --from --help)
        ;;
        "weka driver export")
            complete_words=();
            complete_arguments=(path);
            complete_repeatable_flags=();
            complete_long_flags=(--color --version --kernel-signature --help)
        ;;
        "weka driver import")
            complete_words=();
            complete_arguments=(path);
            complete_repeatable_flags=();
            complete_long_flags=(--color --overwrite --help)
        ;;
        "weka driver install")
            complete_words=();
            complete_arguments=();
            complete_repeatable_flags=();
            complete_long_flags=(--color --version --help)
        ;;
        "weka driver kernel")
            complete_words=();
            complete_arguments=();
            complete_repeatable_flags=();
            complete_long_flags=(--color --help --json)
        ;;
        "weka driver pack")
            complete_words=();
            complete_arguments=();
            complete_repeatable_flags=();
            complete_long_flags=(--color --version --kernel-signature --help)
        ;;
        "weka driver publish")
            complete_words=();
            complete_arguments=();
            complete_repeatable_flags=();
            complete_long_flags=(--color --HOST --PORT --CONNECT-TIMEOUT --TIMEOUT --profile --version --kernel-signature --help)
        ;;
        "weka driver ready")
            complete_words=();
            complete_arguments=();
            complete_repeatable_flags=();
            complete_long_flags=(--color --version --help --json --quiet)
        ;;
        "weka driver sign")
            complete_words=();
            complete_arguments=(key cert passwd);
            complete_repeatable_flags=();
            complete_long_flags=(--hash --color --version --kernel-signature --pack --help)
        ;;
        "weka events")
            complete_words=(list-local list-types trigger-event);
            complete_arguments=();
            complete_repeatable_flags=(--type-list --exclude-type-list --category-list --output);
            complete_long_flags=(--num-results --start-time --end-time --severity --direction --color --HOST --PORT --CONNECT-TIMEOUT --TIMEOUT --profile --format --type-list --exclude-type-list --category-list --output --show-internal --cloud-time --help --raw-units --UTC --no-header --verbose)
        ;;
        "weka events list-local")
            complete_words=();
            complete_arguments=();
            complete_repeatable_flags=(--output --sort --filter --filter-color);
            complete_long_flags=(--start-time --end-time --next --color --HOST --PORT --CONNECT-TIMEOUT --TIMEOUT --profile --format --output --sort --filter --filter-color --stem-mode --show-internal --help --raw-units --UTC --no-header --verbose)
        ;;
        "weka events list-types")
            complete_words=();
            complete_arguments=();
            complete_repeatable_flags=(--category --type --output --sort --filter --filter-color);
            complete_long_flags=(--color --HOST --PORT --CONNECT-TIMEOUT --TIMEOUT --profile --format --category --type --output --sort --filter --filter-color --show-internal --help --no-header --verbose)
        ;;
        "weka events trigger-event")
            complete_words=();
            complete_arguments=(message);
            complete_repeatable_flags=();
            complete_long_flags=(--color --HOST --PORT --CONNECT-TIMEOUT --TIMEOUT --profile --help)
        ;;
        "weka fs")
            complete_words=(add download group kms-rewrap protection quota remove reserve restore security snapshot tier update);
            complete_arguments=();
            complete_repeatable_flags=(--output --sort --filter --filter-color);
            complete_long_flags=(--name --color --HOST --PORT --CONNECT-TIMEOUT --TIMEOUT --profile --format --output --sort --filter --filter-color --capacities --force-fresh --help --raw-units --UTC --no-header --verbose)
        ;;
        "weka fs add")
            complete_words=();
            complete_arguments=(name group-name total-capacity);
            complete_repeatable_flags=();
            complete_long_flags=(--obs-name --ssd-capacity --thin-provision-min-ssd --thin-provision-max-ssd --kms-key-identifier --kms-namespace --kms-role-id --kms-secret-id --auth-required --color --HOST --PORT --CONNECT-TIMEOUT --TIMEOUT --profile --encrypted --allow-no-kms --data-reduction --help --json --raw-units --UTC)
        ;;
        "weka fs remove")
            complete_words=();
            complete_arguments=(name);
            complete_repeatable_flags=();
            complete_long_flags=(--color --HOST --PORT --CONNECT-TIMEOUT --TIMEOUT --profile --purge-from-obs --force --help)
        ;;
        "weka fs download")
            complete_words=();
            complete_arguments=(name group-name total-capacity ssd-capacity obs-bucket locator);
            complete_repeatable_flags=();
            complete_long_flags=(--auth-required --additional-obs-bucket --snapshot-name --access-point --kms-key-identifier --kms-namespace --kms-role-id --kms-secret-id --color --HOST --PORT --CONNECT-TIMEOUT --TIMEOUT --profile --skip-resource-validation --help --json --raw-units --UTC)
        ;;
        "weka fs group")
            complete_words=(add remove update);
            complete_arguments=();
            complete_repeatable_flags=(--output --sort --filter --filter-color);
            complete_long_flags=(--color --HOST --PORT --CONNECT-TIMEOUT --TIMEOUT --profile --format --output --sort --filter --filter-color --help --raw-units --UTC --no-header --verbose)
        ;;
        "weka fs group add")
            complete_words=();
            complete_arguments=(name);
            complete_repeatable_flags=();
            complete_long_flags=(--target-ssd-retention --start-demote --color --HOST --PORT --CONNECT-TIMEOUT --TIMEOUT --profile --help --json --raw-units --UTC)
        ;;
        "weka fs group remove")
            complete_words=();
            complete_arguments=(name);
            complete_repeatable_flags=();
            complete_long_flags=(--color --HOST --PORT --CONNECT-TIMEOUT --TIMEOUT --profile --help)
        ;;
        "weka fs group update")
            complete_words=();
            complete_arguments=(name);
            complete_repeatable_flags=();
            complete_long_flags=(--new-name --target-ssd-retention --start-demote --color --HOST --PORT --CONNECT-TIMEOUT --TIMEOUT --profile --help)
        ;;
        "weka fs kms-rewrap")
            complete_words=();
            complete_arguments=(name);
            complete_repeatable_flags=();
            complete_long_flags=(--color --HOST --PORT --CONNECT-TIMEOUT --TIMEOUT --profile --help --json)
        ;;
        "weka fs protection")
            complete_words=(snapshot-policy);
            complete_arguments=();
            complete_repeatable_flags=();
            complete_long_flags=(--color --help)
        ;;
        "weka fs protection snapshot-policy")
            complete_words=(add attach detach duplicate export list remove run-once show update);
            complete_arguments=();
            complete_repeatable_flags=();
            complete_long_flags=(--color --help)
        ;;
        "weka fs protection snapshot-policy attach")
            complete_words=();
            complete_arguments=(name filesystems);
            complete_repeatable_flags=();
            complete_long_flags=(--color --HOST --PORT --CONNECT-TIMEOUT --TIMEOUT --profile --help --raw-units --UTC)
        ;;
        "weka fs protection snapshot-policy add")
            complete_words=();
            complete_arguments=(name path);
            complete_repeatable_flags=();
            complete_long_flags=(--description --enabled --color --HOST --PORT --CONNECT-TIMEOUT --TIMEOUT --profile --help --json --raw-units --UTC)
        ;;
        "weka fs protection snapshot-policy remove")
            complete_words=();
            complete_arguments=(name);
            complete_repeatable_flags=();
            complete_long_flags=(--color --HOST --PORT --CONNECT-TIMEOUT --TIMEOUT --profile --force --help)
        ;;
        "weka fs protection snapshot-policy detach")
            complete_words=();
            complete_arguments=(name filesystems);
            complete_repeatable_flags=();
            complete_long_flags=(--color --HOST --PORT --CONNECT-TIMEOUT --TIMEOUT --profile --remove-waiting-tasks --help --raw-units --UTC --force)
        ;;
        "weka fs protection snapshot-policy duplicate")
            complete_words=();
            complete_arguments=(policyName name);
            complete_repeatable_flags=();
            complete_long_flags=(--description --include-attached-filesystems --color --HOST --PORT --CONNECT-TIMEOUT --TIMEOUT --profile --help --json)
        ;;
        "weka fs protection snapshot-policy export")
            complete_words=();
            complete_arguments=(name path);
            complete_repeatable_flags=();
            complete_long_flags=(--color --HOST --PORT --CONNECT-TIMEOUT --TIMEOUT --profile --help)
        ;;
        "weka fs protection snapshot-policy list")
            complete_words=();
            complete_arguments=();
            complete_repeatable_flags=(--output --sort --filter --filter-color);
            complete_long_flags=(--color --HOST --PORT --CONNECT-TIMEOUT --TIMEOUT --profile --format --output --sort --filter --filter-color --help --raw-units --UTC --no-header --verbose)
        ;;
        "weka fs protection snapshot-policy run-once")
            complete_words=();
            complete_arguments=(name schedule-type);
            complete_repeatable_flags=();
            complete_long_flags=(--color --HOST --PORT --CONNECT-TIMEOUT --TIMEOUT --profile --help --json)
        ;;
        "weka fs protection snapshot-policy show")
            complete_words=();
            complete_arguments=(name);
            complete_repeatable_flags=();
            complete_long_flags=(--color --HOST --PORT --CONNECT-TIMEOUT --TIMEOUT --profile --help --raw-units --UTC --json)
        ;;
        "weka fs protection snapshot-policy update")
            complete_words=();
            complete_arguments=(name);
            complete_repeatable_flags=();
            complete_long_flags=(--new-name --description --path --enabled --color --HOST --PORT --CONNECT-TIMEOUT --TIMEOUT --profile --help)
        ;;
        "weka fs quota")
            complete_words=(list list-default reset set set-default unset-default);
            complete_arguments=();
            complete_repeatable_flags=();
            complete_long_flags=(--color --help)
        ;;
        "weka fs quota list")
            complete_words=();
            complete_arguments=(filesystem);
            complete_repeatable_flags=(--output --sort --filter --filter-color);
            complete_long_flags=(--snap-name --path --under --over --color --HOST --PORT --CONNECT-TIMEOUT --TIMEOUT --profile --format --output --sort --filter --filter-color --all --quick --help --raw-units --UTC --no-header --verbose)
        ;;
        "weka fs quota list-default")
            complete_words=();
            complete_arguments=(filesystem);
            complete_repeatable_flags=(--output --sort --filter --filter-color);
            complete_long_flags=(--snap-name --path --color --HOST --PORT --CONNECT-TIMEOUT --TIMEOUT --profile --format --output --sort --filter --filter-color --help --raw-units --UTC --no-header --verbose)
        ;;
        "weka fs quota set")
            complete_words=();
            complete_arguments=(path);
            complete_repeatable_flags=();
            complete_long_flags=(--soft --hard --grace --owner --filesystem --snap-name --color --HOST --PORT --CONNECT-TIMEOUT --TIMEOUT --profile --help --json)
        ;;
        "weka fs quota set-default")
            complete_words=();
            complete_arguments=(path);
            complete_repeatable_flags=();
            complete_long_flags=(--soft --hard --grace --owner --color --HOST --PORT --CONNECT-TIMEOUT --TIMEOUT --profile --help)
        ;;
        "weka fs quota reset")
            complete_words=();
            complete_arguments=(path);
            complete_repeatable_flags=();
            complete_long_flags=(--generation --filesystem --snap-name --color --HOST --PORT --CONNECT-TIMEOUT --TIMEOUT --profile --help --json)
        ;;
        "weka fs quota unset-default")
            complete_words=();
            complete_arguments=(path);
            complete_repeatable_flags=();
            complete_long_flags=(--color --HOST --PORT --CONNECT-TIMEOUT --TIMEOUT --profile --help)
        ;;
        "weka fs reserve")
            complete_words=(reset set status);
            complete_arguments=();
            complete_repeatable_flags=();
            complete_long_flags=(--color --help)
        ;;
        "weka fs reserve set")
            complete_words=();
            complete_arguments=(ssd-capacity);
            complete_repeatable_flags=();
            complete_long_flags=(--org --color --HOST --PORT --CONNECT-TIMEOUT --TIMEOUT --profile --help --json --raw-units --UTC)
        ;;
        "weka fs reserve status")
            complete_words=();
            complete_arguments=();
            complete_repeatable_flags=(--output --sort --filter --filter-color);
            complete_long_flags=(--color --HOST --PORT --CONNECT-TIMEOUT --TIMEOUT --profile --format --output --sort --filter --filter-color --help --raw-units --UTC --no-header --verbose)
        ;;
        "weka fs reserve reset")
            complete_words=();
            complete_arguments=();
            complete_repeatable_flags=();
            complete_long_flags=(--org --color --HOST --PORT --CONNECT-TIMEOUT --TIMEOUT --profile --help --json --raw-units --UTC)
        ;;
        "weka fs restore")
            complete_words=();
            complete_arguments=(filesystem source-name);
            complete_repeatable_flags=();
            complete_long_flags=(--preserved-overwritten-snapshot-name --preserved-overwritten-snapshot-access-point --color --HOST --PORT --CONNECT-TIMEOUT --TIMEOUT --profile --force --help --json)
        ;;
        "weka fs security")
            complete_words=(policy);
            complete_arguments=();
            complete_repeatable_flags=();
            complete_long_flags=(--color --help)
        ;;
        "weka fs security policy")
            complete_words=(attach detach list reset set);
            complete_arguments=();
            complete_repeatable_flags=();
            complete_long_flags=(--color --help)
        ;;
        "weka fs security policy attach")
            complete_words=();
            complete_arguments=(filesystem policies);
            complete_repeatable_flags=();
            complete_long_flags=(--color --HOST --PORT --CONNECT-TIMEOUT --TIMEOUT --profile --help --json)
        ;;
        "weka fs security policy detach")
            complete_words=();
            complete_arguments=(filesystem policies);
            complete_repeatable_flags=();
            complete_long_flags=(--color --HOST --PORT --CONNECT-TIMEOUT --TIMEOUT --profile --help --json)
        ;;
        "weka fs security policy list")
            complete_words=();
            complete_arguments=(filesystem);
            complete_repeatable_flags=(--output --sort --filter --filter-color);
            complete_long_flags=(--color --HOST --PORT --CONNECT-TIMEOUT --TIMEOUT --profile --format --output --sort --filter --filter-color --help --raw-units --UTC --no-header --verbose)
        ;;
        "weka fs security policy reset")
            complete_words=();
            complete_arguments=(filesystem);
            complete_repeatable_flags=();
            complete_long_flags=(--color --HOST --PORT --CONNECT-TIMEOUT --TIMEOUT --profile --help --json)
        ;;
        "weka fs security policy set")
            complete_words=();
            complete_arguments=(filesystem policies);
            complete_repeatable_flags=();
            complete_long_flags=(--color --HOST --PORT --CONNECT-TIMEOUT --TIMEOUT --profile --help --json)
        ;;
        "weka fs snapshot")
            complete_words=(access-point-naming-convention add copy download remove update upload);
            complete_arguments=();
            complete_repeatable_flags=(--output --sort --filter --filter-color);
            complete_long_flags=(--filesystem --name --color --HOST --PORT --CONNECT-TIMEOUT --TIMEOUT --profile --format --output --sort --filter --filter-color --help --raw-units --UTC --no-header --verbose)
        ;;
        "weka fs snapshot access-point-naming-convention")
            complete_words=(status update);
            complete_arguments=();
            complete_repeatable_flags=();
            complete_long_flags=(--color --help)
        ;;
        "weka fs snapshot access-point-naming-convention status")
            complete_words=();
            complete_arguments=();
            complete_repeatable_flags=();
            complete_long_flags=(--color --HOST --PORT --CONNECT-TIMEOUT --TIMEOUT --profile --help --json --raw-units --UTC)
        ;;
        "weka fs snapshot access-point-naming-convention update")
            complete_words=();
            complete_arguments=(access-point-naming-convention);
            complete_repeatable_flags=();
            complete_long_flags=(--color --HOST --PORT --CONNECT-TIMEOUT --TIMEOUT --profile --help)
        ;;
        "weka fs snapshot copy")
            complete_words=();
            complete_arguments=(filesystem source-name destination-name);
            complete_repeatable_flags=();
            complete_long_flags=(--preserved-overwritten-snapshot-name --preserved-overwritten-snapshot-access-point --color --HOST --PORT --CONNECT-TIMEOUT --TIMEOUT --profile --help --json --raw-units --UTC)
        ;;
        "weka fs snapshot add")
            complete_words=();
            complete_arguments=(filesystem name);
            complete_repeatable_flags=(--output --sort --filter --filter-color);
            complete_long_flags=(--access-point --source-snapshot --color --HOST --PORT --CONNECT-TIMEOUT --TIMEOUT --profile --format --output --sort --filter --filter-color --is-writable --help --raw-units --UTC --no-header --verbose)
        ;;
        "weka fs snapshot remove")
            complete_words=();
            complete_arguments=(filesystem name);
            complete_repeatable_flags=();
            complete_long_flags=(--color --HOST --PORT --CONNECT-TIMEOUT --TIMEOUT --profile --force --help)
        ;;
        "weka fs snapshot download")
            complete_words=();
            complete_arguments=(filesystem locator);
            complete_repeatable_flags=();
            complete_long_flags=(--name --access-point --color --HOST --PORT --CONNECT-TIMEOUT --TIMEOUT --profile --allow-non-chronological --allow-divergence --help --json --raw-units --UTC)
        ;;
        "weka fs snapshot update")
            complete_words=();
            complete_arguments=(filesystem name);
            complete_repeatable_flags=();
            complete_long_flags=(--new-name --access-point --color --HOST --PORT --CONNECT-TIMEOUT --TIMEOUT --profile --help --json --raw-units --UTC)
        ;;
        "weka fs snapshot upload")
            complete_words=();
            complete_arguments=(filesystem snapshot);
            complete_repeatable_flags=();
            complete_long_flags=(--site --color --HOST --PORT --CONNECT-TIMEOUT --TIMEOUT --profile --allow-non-chronological --help --json --raw-units --UTC)
        ;;
        "weka fs tier")
            complete_words=(capacity fetch location obs ops release s3);
            complete_arguments=();
            complete_repeatable_flags=(--output --sort --filter --filter-color);
            complete_long_flags=(--color --HOST --PORT --CONNECT-TIMEOUT --TIMEOUT --profile --format --output --sort --filter --filter-color --help --raw-units --UTC --no-header --verbose)
        ;;
        "weka fs tier capacity")
            complete_words=();
            complete_arguments=();
            complete_repeatable_flags=(--output --sort --filter --filter-color);
            complete_long_flags=(--filesystem --color --HOST --PORT --CONNECT-TIMEOUT --TIMEOUT --profile --format --output --sort --filter --filter-color --force-fresh --help --raw-units --UTC --no-header --verbose)
        ;;
        "weka fs tier fetch")
            complete_words=();
            complete_arguments=(path);
            complete_repeatable_flags=();
            complete_long_flags=(--non-existing --color --HOST --PORT --CONNECT-TIMEOUT --TIMEOUT --profile --verbose --help --raw-units --UTC)
        ;;
        "weka fs tier location")
            complete_words=();
            complete_arguments=(path paths);
            complete_repeatable_flags=(--output --sort --filter --filter-color);
            complete_long_flags=(--color --HOST --PORT --CONNECT-TIMEOUT --TIMEOUT --profile --format --output --sort --filter --filter-color --help --raw-units --UTC --no-header --verbose)
        ;;
        "weka fs tier obs")
            complete_words=(update);
            complete_arguments=();
            complete_repeatable_flags=(--output --sort --filter --filter-color);
            complete_long_flags=(--name --color --HOST --PORT --CONNECT-TIMEOUT --TIMEOUT --profile --format --output --sort --filter --filter-color --help --raw-units --UTC --no-header --verbose)
        ;;
        "weka fs tier obs add")
            complete_words=();
            complete_arguments=(name);
            complete_repeatable_flags=();
            complete_long_flags=(--site --obs-type --hostname --port --protocol --auth-method --region --access-key-id --secret-key --bandwidth --download-bandwidth --upload-bandwidth --remove-bandwidth --max-concurrent-downloads --max-concurrent-uploads --max-concurrent-removals --max-extents-in-data-blob --max-data-blob-size --upload-memory-limit --enable-upload-tags --sts-operation-type --sts-role-arn --sts-role-session-name --sts-session-duration --color --HOST --PORT --CONNECT-TIMEOUT --TIMEOUT --profile --help --json --raw-units --UTC)
        ;;
        "weka fs tier obs remove")
            complete_words=();
            complete_arguments=(name);
            complete_repeatable_flags=();
            complete_long_flags=(--color --HOST --PORT --CONNECT-TIMEOUT --TIMEOUT --profile --help)
        ;;
        "weka fs tier obs update")
            complete_words=();
            complete_arguments=(name);
            complete_repeatable_flags=();
            complete_long_flags=(--new-name --hostname --port --protocol --auth-method --region --access-key-id --secret-key --bandwidth --download-bandwidth --upload-bandwidth --remove-bandwidth --max-concurrent-downloads --max-concurrent-uploads --max-concurrent-removals --max-extents-in-data-blob --max-data-blob-size --upload-memory-limit --enable-upload-tags --sts-operation-type --sts-role-arn --sts-role-session-name --sts-session-duration --color --HOST --PORT --CONNECT-TIMEOUT --TIMEOUT --profile --help --raw-units --UTC)
        ;;
        "weka fs tier ops")
            complete_words=();
            complete_arguments=(name);
            complete_repeatable_flags=(--output --sort --filter --filter-color);
            complete_long_flags=(--color --HOST --PORT --CONNECT-TIMEOUT --TIMEOUT --profile --format --output --sort --filter --filter-color --help --raw-units --UTC --no-header --verbose)
        ;;
        "weka fs tier release")
            complete_words=();
            complete_arguments=(path);
            complete_repeatable_flags=();
            complete_long_flags=(--non-existing --color --HOST --PORT --CONNECT-TIMEOUT --TIMEOUT --profile --verbose --help --raw-units --UTC)
        ;;
        "weka fs tier s3")
            complete_words=(add attach detach remove snapshot update);
            complete_arguments=();
            complete_repeatable_flags=(--output --sort --filter --filter-color);
            complete_long_flags=(--obs-name --name --color --HOST --PORT --CONNECT-TIMEOUT --TIMEOUT --profile --format --output --sort --filter --filter-color --help --raw-units --UTC --no-header --verbose)
        ;;
        "weka fs tier s3 add")
            complete_words=();
            complete_arguments=(name);
            complete_repeatable_flags=();
            complete_long_flags=(--site --obs-name --hostname --port --bucket --auth-method --region --access-key-id --secret-key --protocol --obs-type --bandwidth --download-bandwidth --upload-bandwidth --remove-bandwidth --errors-timeout --prefetch-mib --max-concurrent-downloads --max-concurrent-uploads --max-concurrent-removals --max-extents-in-data-blob --max-data-blob-size --enable-upload-tags --data-storage-class --metadata-storage-class --sts-operation-type --sts-role-arn --sts-role-session-name --sts-session-duration --gcp-auth-token-file --color --HOST --PORT --CONNECT-TIMEOUT --TIMEOUT --profile --dry-run --skip-verification --verbose-errors --help --json --raw-units --UTC)
        ;;
        "weka fs tier s3 attach")
            complete_words=();
            complete_arguments=(filesystem obs-name);
            complete_repeatable_flags=();
            complete_long_flags=(--mode --color --HOST --PORT --CONNECT-TIMEOUT --TIMEOUT --profile --help --raw-units --UTC)
        ;;
        "weka fs tier s3 remove")
            complete_words=();
            complete_arguments=(name);
            complete_repeatable_flags=();
            complete_long_flags=(--color --HOST --PORT --CONNECT-TIMEOUT --TIMEOUT --profile --help)
        ;;
        "weka fs tier s3 detach")
            complete_words=();
            complete_arguments=(filesystem obs-name);
            complete_repeatable_flags=();
            complete_long_flags=(--color --HOST --PORT --CONNECT-TIMEOUT --TIMEOUT --profile --help --force)
        ;;
        "weka fs tier s3 snapshot")
            complete_words=(list);
            complete_arguments=();
            complete_repeatable_flags=();
            complete_long_flags=(--color --help)
        ;;
        "weka fs tier s3 snapshot layers")
            complete_words=();
            complete_arguments=(name locator);
            complete_repeatable_flags=(--output --sort --filter --filter-color);
            complete_long_flags=(--color --HOST --PORT --CONNECT-TIMEOUT --TIMEOUT --profile --format --output --sort --filter --filter-color --help --raw-units --UTC --no-header --verbose)
        ;;
        "weka fs tier s3 snapshot list")
            complete_words=();
            complete_arguments=(name);
            complete_repeatable_flags=(--output --sort --filter --filter-color);
            complete_long_flags=(--locator --color --HOST --PORT --CONNECT-TIMEOUT --TIMEOUT --profile --format --output --sort --filter --filter-color --help --raw-units --UTC --no-header --verbose)
        ;;
        "weka fs tier s3 update")
            complete_words=();
            complete_arguments=(name);
            complete_repeatable_flags=(--output --sort --filter --filter-color);
            complete_long_flags=(--new-name --new-obs-name --hostname --port --protocol --bucket --auth-method --region --access-key-id --secret-key --bandwidth --download-bandwidth --upload-bandwidth --remove-bandwidth --prefetch-mib --errors-timeout --max-concurrent-downloads --max-concurrent-uploads --max-concurrent-removals --max-extents-in-data-blob --max-data-blob-size --enable-upload-tags --data-storage-class --metadata-storage-class --sts-operation-type --sts-role-arn --sts-role-session-name --sts-session-duration --gcp-auth-token-file --color --HOST --PORT --CONNECT-TIMEOUT --TIMEOUT --profile --format --output --sort --filter --filter-color --dry-run --skip-verification --verbose-errors --help --raw-units --UTC --no-header --verbose)
        ;;
        "weka fs update")
            complete_words=();
            complete_arguments=(name);
            complete_repeatable_flags=();
            complete_long_flags=(--new-name --total-capacity --ssd-capacity --thin-provision-min-ssd --thin-provision-max-ssd --data-reduction --auth-required --kms-key-identifier --kms-namespace --kms-role-id --kms-secret-id --color --HOST --PORT --CONNECT-TIMEOUT --TIMEOUT --profile --use-cluster-kms-key-identifier --help)
        ;;
        "weka interface-group")
            complete_words=(add assignment ip-range port remove update);
            complete_arguments=();
            complete_repeatable_flags=(--output --sort --filter --filter-color);
            complete_long_flags=(--name --color --HOST --PORT --CONNECT-TIMEOUT --TIMEOUT --profile --format --output --sort --filter --filter-color --help --no-header --verbose)
        ;;
        "weka interface-group add")
            complete_words=();
            complete_arguments=(name type);
            complete_repeatable_flags=(--output --sort --filter --filter-color);
            complete_long_flags=(--subnet --gateway --allow-manage-gids --color --HOST --PORT --CONNECT-TIMEOUT --TIMEOUT --profile --format --output --sort --filter --filter-color --help --no-header --verbose)
        ;;
        "weka interface-group assignment")
            complete_words=();
            complete_arguments=();
            complete_repeatable_flags=(--output --sort --filter --filter-color);
            complete_long_flags=(--name --color --HOST --PORT --CONNECT-TIMEOUT --TIMEOUT --profile --format --output --sort --filter --filter-color --help --no-header --verbose)
        ;;
        "weka interface-group remove")
            complete_words=();
            complete_arguments=(name);
            complete_repeatable_flags=();
            complete_long_flags=(--color --HOST --PORT --CONNECT-TIMEOUT --TIMEOUT --profile --force --help)
        ;;
        "weka interface-group ip-range")
            complete_words=(add remove);
            complete_arguments=();
            complete_repeatable_flags=();
            complete_long_flags=(--color --help)
        ;;
        "weka interface-group ip-range add")
            complete_words=();
            complete_arguments=(name ips);
            complete_repeatable_flags=();
            complete_long_flags=(--color --HOST --PORT --CONNECT-TIMEOUT --TIMEOUT --profile --help)
        ;;
        "weka interface-group ip-range remove")
            complete_words=();
            complete_arguments=(name ips);
            complete_repeatable_flags=();
            complete_long_flags=(--color --HOST --PORT --CONNECT-TIMEOUT --TIMEOUT --profile --force --help)
        ;;
        "weka interface-group port")
            complete_words=(add remove);
            complete_arguments=();
            complete_repeatable_flags=();
            complete_long_flags=(--color --help)
        ;;
        "weka interface-group port add")
            complete_words=();
            complete_arguments=(name server-id port);
            complete_repeatable_flags=();
            complete_long_flags=(--color --HOST --PORT --CONNECT-TIMEOUT --TIMEOUT --profile --help)
        ;;
        "weka interface-group port remove")
            complete_words=();
            complete_arguments=(name server-id port);
            complete_repeatable_flags=();
            complete_long_flags=(--color --HOST --PORT --CONNECT-TIMEOUT --TIMEOUT --profile --force --help)
        ;;
        "weka interface-group update")
            complete_words=();
            complete_arguments=(name);
            complete_repeatable_flags=();
            complete_long_flags=(--subnet --gateway --color --HOST --PORT --CONNECT-TIMEOUT --TIMEOUT --profile --help)
        ;;
        "weka local")
            complete_words=(diags disable enable events install-agent monitoring ps reset-data resources restart rm run setup start status stop upgrade);
            complete_arguments=();
            complete_repeatable_flags=();
            complete_long_flags=(--color --help)
        ;;
        "weka local diags")
            complete_words=();
            complete_arguments=();
            complete_repeatable_flags=();
            complete_long_flags=(--id --output-dir --core-dump-limit --color --HOST --PORT --CONNECT-TIMEOUT --TIMEOUT --profile --collect-cluster-info --tar --verbose --help)
        ;;
        "weka local disable")
            complete_words=();
            complete_arguments=(container);
            complete_repeatable_flags=(--type);
            complete_long_flags=(--color --type --help)
        ;;
        "weka local enable")
            complete_words=();
            complete_arguments=(container);
            complete_repeatable_flags=(--type);
            complete_long_flags=(--color --type --help)
        ;;
        "weka local events")
            complete_words=();
            complete_arguments=();
            complete_repeatable_flags=(--output --sort --filter --filter-color);
            complete_long_flags=(--path --container-name --color --format --output --sort --filter --filter-color --help --raw-units --UTC --no-header --verbose)
        ;;
        "weka local exec")
            complete_words=();
            complete_arguments=();
            complete_repeatable_flags=(--environment);
            complete_long_flags=(--container --color --environment --help)
        ;;
        "weka local install-agent")
            complete_words=();
            complete_arguments=();
            complete_repeatable_flags=();
            complete_long_flags=(--color --no-update --no-start --help)
        ;;
        "weka local monitoring")
            complete_words=();
            complete_arguments=(enabled container);
            complete_repeatable_flags=(--type);
            complete_long_flags=(--color --type --help)
        ;;
        "weka local ps")
            complete_words=();
            complete_arguments=();
            complete_repeatable_flags=(--output --sort --filter --filter-color);
            complete_long_flags=(--color --format --output --sort --filter --filter-color --help --raw-units --UTC --no-header --verbose)
        ;;
        "weka local reset-data")
            complete_words=();
            complete_arguments=(version-name);
            complete_repeatable_flags=();
            complete_long_flags=(--container --color --clean-unused --force --help)
        ;;
        "weka local resources")
            complete_words=(apply auto-remove-timeout bandwidth base-port cores dedicate export failure-domain fqdn import join-ips join-secret management-ips memory net restore);
            complete_arguments=();
            complete_repeatable_flags=();
            complete_long_flags=(--container --color --stable --help --json --raw-units --UTC)
        ;;
        "weka local resources allow-protocols")
            complete_words=();
            complete_arguments=(allow-protocols);
            complete_repeatable_flags=();
            complete_long_flags=(--container --color --help)
        ;;
        "weka local resources apply")
            complete_words=();
            complete_arguments=();
            complete_repeatable_flags=();
            complete_long_flags=(--container --color --graceful --help --force)
        ;;
        "weka local resources auto-remove-timeout")
            complete_words=();
            complete_arguments=(auto-remove-timeout);
            complete_repeatable_flags=();
            complete_long_flags=(--container --color --force --help)
        ;;
        "weka local resources bandwidth")
            complete_words=();
            complete_arguments=(bandwidth);
            complete_repeatable_flags=();
            complete_long_flags=(--container --color --help)
        ;;
        "weka local resources base-port")
            complete_words=();
            complete_arguments=(base-port);
            complete_repeatable_flags=();
            complete_long_flags=(--container --color --help)
        ;;
        "weka local resources cores")
            complete_words=();
            complete_arguments=(cores);
            complete_repeatable_flags=(--core-ids);
            complete_long_flags=(--container --frontend-dedicated-cores --drives-dedicated-cores --compute-dedicated-cores --color --core-ids --no-frontends --only-drives-cores --only-compute-cores --only-frontend-cores --allow-mix-setting --help)
        ;;
        "weka local resources dedicate")
            complete_words=();
            complete_arguments=(on);
            complete_repeatable_flags=();
            complete_long_flags=(--container --color --help)
        ;;
        "weka local resources export")
            complete_words=();
            complete_arguments=(path);
            complete_repeatable_flags=();
            complete_long_flags=(--container --color --staging --stable --help)
        ;;
        "weka local resources failure-domain")
            complete_words=();
            complete_arguments=();
            complete_repeatable_flags=();
            complete_long_flags=(--container --name --color --auto --help)
        ;;
        "weka local resources fqdn")
            complete_words=();
            complete_arguments=(fqdn);
            complete_repeatable_flags=();
            complete_long_flags=(--container --color --help)
        ;;
        "weka local resources import")
            complete_words=();
            complete_arguments=(path);
            complete_repeatable_flags=();
            complete_long_flags=(--container --color --with-identifiers --help --force)
        ;;
        "weka local resources join-ips")
            complete_words=();
            complete_arguments=(management-ips);
            complete_repeatable_flags=(--join-fqdns);
            complete_long_flags=(--container --color --join-fqdns --restricted --help)
        ;;
        "weka local resources join-secret")
            complete_words=();
            complete_arguments=(secret);
            complete_repeatable_flags=();
            complete_long_flags=(--container --color --purge --help)
        ;;
        "weka local resources join-token")
            complete_words=();
            complete_arguments=(token);
            complete_repeatable_flags=();
            complete_long_flags=(--container --color --help)
        ;;
        "weka local resources management-ips")
            complete_words=();
            complete_arguments=(management-ips);
            complete_repeatable_flags=();
            complete_long_flags=(--container --color --help)
        ;;
        "weka local resources memory")
            complete_words=();
            complete_arguments=(memory);
            complete_repeatable_flags=();
            complete_long_flags=(--container --color --help)
        ;;
        "weka local resources net")
            complete_words=(add remove);
            complete_arguments=();
            complete_repeatable_flags=();
            complete_long_flags=(--container --color --stable --help --json)
        ;;
        "weka local resources net add")
            complete_words=();
            complete_arguments=(device);
            complete_repeatable_flags=(--ips);
            complete_long_flags=(--container --gateway --netmask --name --label --vfs --vlan --color --ips --help)
        ;;
        "weka local resources net remove")
            complete_words=();
            complete_arguments=(name);
            complete_repeatable_flags=();
            complete_long_flags=(--container --color --help)
        ;;
        "weka local resources restore")
            complete_words=();
            complete_arguments=();
            complete_repeatable_flags=();
            complete_long_flags=(--container --color --help)
        ;;
        "weka local restart")
            complete_words=();
            complete_arguments=(container);
            complete_repeatable_flags=(--type);
            complete_long_flags=(--wait-time --color --type --dont-restart-dependent-containers --force --help)
        ;;
        "weka local rm")
            complete_words=();
            complete_arguments=(containers);
            complete_repeatable_flags=();
            complete_long_flags=(--color --all --force --help)
        ;;
        "weka local run")
            complete_words=();
            complete_arguments=();
            complete_repeatable_flags=(--environment);
            complete_long_flags=(--container --in --color --environment --help)
        ;;
        "weka local setup")
            complete_words=(client container envoy services taskmon weka);
            complete_arguments=();
            complete_repeatable_flags=();
            complete_long_flags=(--color --help)
        ;;
        "weka local setup client")
            complete_words=();
            complete_arguments=();
            complete_repeatable_flags=(--core-ids --management-ips --join-ips --net);
            complete_long_flags=(--name --cores --memory --bandwidth --timeout --base-port --weka-version --fqdn --nvidia-vf-single-ip --color --core-ids --management-ips --join-ips --net --disable --no-start --allow-mix-setting --restricted --help)
        ;;
        "weka local setup container")
            complete_words=();
            complete_arguments=();
            complete_repeatable_flags=(--core-ids --management-ips --join-ips --join-fqdns --net);
            complete_long_flags=(--name --cores --frontend-dedicated-cores --drives-dedicated-cores --compute-dedicated-cores --memory --bandwidth --failure-domain --timeout --container-id --base-port --resources-path --weka-version --fqdn --auto-remove-timeout --nvidia-vf-single-ip --color --core-ids --management-ips --join-ips --join-fqdns --net --disable --no-start --no-frontends --only-drives-cores --only-compute-cores --only-frontend-cores --only-dataserv-cores --allow-mix-setting --dedicate --force --ignore-used-ports --skip-management-ips-check --client --restricted --help)
        ;;
        "weka local setup envoy")
            complete_words=();
            complete_arguments=();
            complete_repeatable_flags=();
            complete_long_flags=(--name --color --disable --no-start --help)
        ;;
        "weka local setup services")
            complete_words=();
            complete_arguments=();
            complete_repeatable_flags=();
            complete_long_flags=(--dependent-container-name --color --disable --no-start --help)
        ;;
        "weka local setup taskmon")
            complete_words=();
            complete_arguments=();
            complete_repeatable_flags=();
            complete_long_flags=(--color --disable --no-start --help)
        ;;
        "weka local setup weka")
            complete_words=();
            complete_arguments=();
            complete_repeatable_flags=();
            complete_long_flags=(--name --color --disable --no-start --help)
        ;;
        "weka local start")
            complete_words=();
            complete_arguments=(container);
            complete_repeatable_flags=(--type);
            complete_long_flags=(--wait-time --color --type --skip-start-and-enable-dependent --help)
        ;;
        "weka local status")
            complete_words=();
            complete_arguments=(container);
            complete_repeatable_flags=(--type);
            complete_long_flags=(--color --type --verbose --help --json)
        ;;
        "weka local stop")
            complete_words=();
            complete_arguments=(container);
            complete_repeatable_flags=(--type);
            complete_long_flags=(--reason --color --type --skip-stop-and-disable-dependent --force --help)
        ;;
        "weka local upgrade")
            complete_words=();
            complete_arguments=();
            complete_repeatable_flags=();
            complete_long_flags=(--container --target-version --upgrade-container-timeout --prepare-container-timeout --container-action-timeout --color --allow-not-ready --dont-upgrade-agent --upgrade-dependents --all --help)
        ;;
        "weka mount")
            complete_words=();
            complete_arguments=(source target);
            complete_repeatable_flags=();
            complete_long_flags=(--option --type --color --no-mtab --sloppy --fake --verbose --help --raw-units --UTC)
        ;;
        "weka nfs")
            complete_words=(client-group clients debug-level global-config interface-group kerberos ldap permission rules);
            complete_arguments=();
            complete_repeatable_flags=();
            complete_long_flags=(--color --help)
        ;;
        "weka nfs client-group")
            complete_words=(add remove);
            complete_arguments=();
            complete_repeatable_flags=(--output --sort --filter --filter-color);
            complete_long_flags=(--name --color --HOST --PORT --CONNECT-TIMEOUT --TIMEOUT --profile --format --output --sort --filter --filter-color --help --no-header --verbose)
        ;;
        "weka nfs client-group add")
            complete_words=();
            complete_arguments=(name);
            complete_repeatable_flags=(--output --sort --filter --filter-color);
            complete_long_flags=(--color --HOST --PORT --CONNECT-TIMEOUT --TIMEOUT --profile --format --output --sort --filter --filter-color --help --no-header --verbose)
        ;;
        "weka nfs client-group remove")
            complete_words=();
            complete_arguments=(name);
            complete_repeatable_flags=();
            complete_long_flags=(--color --HOST --PORT --CONNECT-TIMEOUT --TIMEOUT --profile --force --help)
        ;;
        "weka nfs clients")
            complete_words=(show);
            complete_arguments=();
            complete_repeatable_flags=();
            complete_long_flags=(--color --help)
        ;;
        "weka nfs clients show")
            complete_words=();
            complete_arguments=();
            complete_repeatable_flags=(--fsnames --output --sort --filter --filter-color);
            complete_long_flags=(--interface-group --container-id --fip --color --HOST --PORT --CONNECT-TIMEOUT --TIMEOUT --profile --format --fsnames --output --sort --filter --filter-color --help --no-header --verbose)
        ;;
        "weka nfs custom-options")
            complete_words=(update);
            complete_arguments=();
            complete_repeatable_flags=();
            complete_long_flags=(--color --HOST --PORT --CONNECT-TIMEOUT --TIMEOUT --profile --help --json)
        ;;
        "weka nfs custom-options update")
            complete_words=();
            complete_arguments=();
            complete_repeatable_flags=();
            complete_long_flags=(--global-options --export-options --client-options --color --HOST --PORT --CONNECT-TIMEOUT --TIMEOUT --profile --help)
        ;;
        "weka nfs debug-level")
            complete_words=(set show);
            complete_arguments=();
            complete_repeatable_flags=();
            complete_long_flags=(--color --help)
        ;;
        "weka nfs debug-level set")
            complete_words=();
            complete_arguments=(level);
            complete_repeatable_flags=(--nfs-hosts);
            complete_long_flags=(--color --HOST --PORT --CONNECT-TIMEOUT --TIMEOUT --profile --nfs-hosts --help)
        ;;
        "weka nfs debug-level show")
            complete_words=();
            complete_arguments=();
            complete_repeatable_flags=(--nfs-hosts --output --sort --filter --filter-color);
            complete_long_flags=(--color --HOST --PORT --CONNECT-TIMEOUT --TIMEOUT --profile --format --nfs-hosts --output --sort --filter --filter-color --help --no-header --verbose)
        ;;
        "weka nfs global-config")
            complete_words=(set show);
            complete_arguments=();
            complete_repeatable_flags=();
            complete_long_flags=(--color --help)
        ;;
        "weka nfs global-config set")
            complete_words=();
            complete_arguments=();
            complete_repeatable_flags=(--default-supported-versions --enable-auth-types);
            complete_long_flags=(--mountd-port --config-fs --lockmgr-port --statmon-port --notify-port --acl --default-acl-type --extended-stats --color --HOST --PORT --CONNECT-TIMEOUT --TIMEOUT --profile --default-supported-versions --enable-auth-types --no-restart --help --force)
        ;;
        "weka nfs global-config show")
            complete_words=();
            complete_arguments=();
            complete_repeatable_flags=();
            complete_long_flags=(--color --HOST --PORT --CONNECT-TIMEOUT --TIMEOUT --profile --help --json)
        ;;
        "weka nfs interface-group")
            complete_words=(add assignment ip-range port remove update);
            complete_arguments=();
            complete_repeatable_flags=(--output --sort --filter --filter-color);
            complete_long_flags=(--name --color --HOST --PORT --CONNECT-TIMEOUT --TIMEOUT --profile --format --output --sort --filter --filter-color --help --no-header --verbose)
        ;;
        "weka nfs interface-group add")
            complete_words=();
            complete_arguments=(name type);
            complete_repeatable_flags=(--output --sort --filter --filter-color);
            complete_long_flags=(--subnet --gateway --color --HOST --PORT --CONNECT-TIMEOUT --TIMEOUT --profile --format --output --sort --filter --filter-color --help --no-header --verbose)
        ;;
        "weka nfs interface-group assignment")
            complete_words=();
            complete_arguments=();
            complete_repeatable_flags=(--output --sort --filter --filter-color);
            complete_long_flags=(--name --color --HOST --PORT --CONNECT-TIMEOUT --TIMEOUT --profile --format --output --sort --filter --filter-color --help --no-header --verbose)
        ;;
        "weka nfs interface-group remove")
            complete_words=();
            complete_arguments=(name);
            complete_repeatable_flags=();
            complete_long_flags=(--color --HOST --PORT --CONNECT-TIMEOUT --TIMEOUT --profile --force --help)
        ;;
        "weka nfs interface-group ip-range")
            complete_words=(add remove);
            complete_arguments=();
            complete_repeatable_flags=();
            complete_long_flags=(--color --help)
        ;;
        "weka nfs interface-group ip-range add")
            complete_words=();
            complete_arguments=(name ips);
            complete_repeatable_flags=();
            complete_long_flags=(--color --HOST --PORT --CONNECT-TIMEOUT --TIMEOUT --profile --help)
        ;;
        "weka nfs interface-group ip-range remove")
            complete_words=();
            complete_arguments=(name ips);
            complete_repeatable_flags=();
            complete_long_flags=(--color --HOST --PORT --CONNECT-TIMEOUT --TIMEOUT --profile --force --help)
        ;;
        "weka nfs interface-group port")
            complete_words=(add remove);
            complete_arguments=();
            complete_repeatable_flags=();
            complete_long_flags=(--color --help)
        ;;
        "weka nfs interface-group port add")
            complete_words=();
            complete_arguments=(name server-id port);
            complete_repeatable_flags=();
            complete_long_flags=(--color --HOST --PORT --CONNECT-TIMEOUT --TIMEOUT --profile --help)
        ;;
        "weka nfs interface-group port remove")
            complete_words=();
            complete_arguments=(name server-id port);
            complete_repeatable_flags=();
            complete_long_flags=(--color --HOST --PORT --CONNECT-TIMEOUT --TIMEOUT --profile --force --help)
        ;;
        "weka nfs interface-group update")
            complete_words=();
            complete_arguments=(name);
            complete_repeatable_flags=();
            complete_long_flags=(--subnet --gateway --color --HOST --PORT --CONNECT-TIMEOUT --TIMEOUT --profile --help)
        ;;
        "weka nfs kerberos")
            complete_words=(registration reset service);
            complete_arguments=();
            complete_repeatable_flags=();
            complete_long_flags=(--color --help)
        ;;
        "weka nfs kerberos registration")
            complete_words=(setup-ad setup-mit show);
            complete_arguments=();
            complete_repeatable_flags=();
            complete_long_flags=(--color --help)
        ;;
        "weka nfs kerberos registration setup-ad")
            complete_words=();
            complete_arguments=(nfs-service-name realm-admin-name realm-admin-passwd);
            complete_repeatable_flags=();
            complete_long_flags=(--base-ou --color --HOST --PORT --CONNECT-TIMEOUT --TIMEOUT --profile --force --restart --help)
        ;;
        "weka nfs kerberos registration setup-mit")
            complete_words=();
            complete_arguments=(nfs-service-name keytab-file);
            complete_repeatable_flags=();
            complete_long_flags=(--color --HOST --PORT --CONNECT-TIMEOUT --TIMEOUT --profile --force --restart --help)
        ;;
        "weka nfs kerberos registration show")
            complete_words=();
            complete_arguments=();
            complete_repeatable_flags=(--output --sort --filter --filter-color);
            complete_long_flags=(--color --HOST --PORT --CONNECT-TIMEOUT --TIMEOUT --profile --format --output --sort --filter --filter-color --help --no-header --verbose)
        ;;
        "weka nfs kerberos reset")
            complete_words=();
            complete_arguments=();
            complete_repeatable_flags=();
            complete_long_flags=(--color --HOST --PORT --CONNECT-TIMEOUT --TIMEOUT --profile --force --no-restart --help)
        ;;
        "weka nfs kerberos service")
            complete_words=(setup show);
            complete_arguments=();
            complete_repeatable_flags=();
            complete_long_flags=(--color --help)
        ;;
        "weka nfs kerberos service setup")
            complete_words=();
            complete_arguments=(kdc-realm-name kdc-primary-server kdc-admin-server);
            complete_repeatable_flags=();
            complete_long_flags=(--kdc-secondary-server --color --HOST --PORT --CONNECT-TIMEOUT --TIMEOUT --profile --force --restart --help)
        ;;
        "weka nfs kerberos service show")
            complete_words=();
            complete_arguments=();
            complete_repeatable_flags=(--output --sort --filter --filter-color);
            complete_long_flags=(--color --HOST --PORT --CONNECT-TIMEOUT --TIMEOUT --profile --format --output --sort --filter --filter-color --help --no-header --verbose)
        ;;
        "weka nfs ldap")
            complete_words=(export-openldap import-openldap reset setup-ad setup-ad-nokrb setup-onhostldap setup-openldap show);
            complete_arguments=();
            complete_repeatable_flags=();
            complete_long_flags=(--color --help)
        ;;
        "weka nfs ldap export-openldap")
            complete_words=();
            complete_arguments=(server-name ldap-domain sssd-conf-file idmapd-conf-file);
            complete_repeatable_flags=();
            complete_long_flags=(--color --HOST --PORT --CONNECT-TIMEOUT --TIMEOUT --profile --help)
        ;;
        "weka nfs ldap import-openldap")
            complete_words=();
            complete_arguments=(server-name ldap-domain sssd-conf-file idmapd-conf-file);
            complete_repeatable_flags=();
            complete_long_flags=(--color --HOST --PORT --CONNECT-TIMEOUT --TIMEOUT --profile --verify --force --no-restart --help)
        ;;
        "weka nfs ldap reset")
            complete_words=();
            complete_arguments=();
            complete_repeatable_flags=();
            complete_long_flags=(--color --HOST --PORT --CONNECT-TIMEOUT --TIMEOUT --profile --force --no-restart --help)
        ;;
        "weka nfs ldap setup-ad")
            complete_words=();
            complete_arguments=();
            complete_repeatable_flags=();
            complete_long_flags=(--color --HOST --PORT --CONNECT-TIMEOUT --TIMEOUT --profile --force --no-restart --help)
        ;;
        "weka nfs ldap setup-ad-nokrb")
            complete_words=();
            complete_arguments=(server-name ldap-domain nfs-service-name admin-user-name admin-user-password);
            complete_repeatable_flags=();
            complete_long_flags=(--base-ou --color --HOST --PORT --CONNECT-TIMEOUT --TIMEOUT --profile --force --no-restart --help)
        ;;
        "weka nfs ldap setup-onhostldap")
            complete_words=();
            complete_arguments=(ldap-domain);
            complete_repeatable_flags=();
            complete_long_flags=(--color --HOST --PORT --CONNECT-TIMEOUT --TIMEOUT --profile --force --no-restart --help)
        ;;
        "weka nfs ldap setup-openldap")
            complete_words=();
            complete_arguments=(server-name ldap-domain reader-user-name reader-user-password);
            complete_repeatable_flags=();
            complete_long_flags=(--base-dn --ldap-port-number --color --HOST --PORT --CONNECT-TIMEOUT --TIMEOUT --profile --force --no-restart --help)
        ;;
        "weka nfs ldap show")
            complete_words=();
            complete_arguments=();
            complete_repeatable_flags=(--output --sort --filter --filter-color);
            complete_long_flags=(--color --HOST --PORT --CONNECT-TIMEOUT --TIMEOUT --profile --format --output --sort --filter --filter-color --help --no-header --verbose)
        ;;
        "weka nfs permission")
            complete_words=(add remove update);
            complete_arguments=();
            complete_repeatable_flags=(--output --sort --filter --filter-color);
            complete_long_flags=(--filesystem --color --HOST --PORT --CONNECT-TIMEOUT --TIMEOUT --profile --format --output --sort --filter --filter-color --help --no-header --verbose)
        ;;
        "weka nfs permission add")
            complete_words=();
            complete_arguments=(filesystem group);
            complete_repeatable_flags=(--supported-versions --enable-auth-types);
            complete_long_flags=(--path --permission-type --root-squashing --squash --anon-uid --anon-gid --obs-direct --manage-gids --privileged-port --acl-type --force-acl-type --color --HOST --PORT --CONNECT-TIMEOUT --TIMEOUT --profile --supported-versions --enable-auth-types --no-restart --force --help)
        ;;
        "weka nfs permission remove")
            complete_words=();
            complete_arguments=(filesystem group);
            complete_repeatable_flags=();
            complete_long_flags=(--path --color --HOST --PORT --CONNECT-TIMEOUT --TIMEOUT --profile --force --help)
        ;;
        "weka nfs permission refresh")
            complete_words=();
            complete_arguments=();
            complete_repeatable_flags=();
            complete_long_flags=(--color --HOST --PORT --CONNECT-TIMEOUT --TIMEOUT --profile --help)
        ;;
        "weka nfs permission update")
            complete_words=();
            complete_arguments=(filesystem group);
            complete_repeatable_flags=(--supported-versions --enable-auth-types);
            complete_long_flags=(--path --permission-type --root-squashing --squash --anon-uid --anon-gid --obs-direct --manage-gids --custom-options --privileged-port --acl-type --force-acl-type --color --HOST --PORT --CONNECT-TIMEOUT --TIMEOUT --profile --supported-versions --enable-auth-types --force --no-restart --help)
        ;;
        "weka nfs rules")
            complete_words=(add remove);
            complete_arguments=();
            complete_repeatable_flags=();
            complete_long_flags=(--color --help)
        ;;
        "weka nfs rules add")
            complete_words=(dns ip);
            complete_arguments=();
            complete_repeatable_flags=();
            complete_long_flags=(--color --help)
        ;;
        "weka nfs rules add dns")
            complete_words=();
            complete_arguments=(name dns);
            complete_repeatable_flags=();
            complete_long_flags=(--ip --color --HOST --PORT --CONNECT-TIMEOUT --TIMEOUT --profile --help)
        ;;
        "weka nfs rules add ip")
            complete_words=();
            complete_arguments=(name ip);
            complete_repeatable_flags=();
            complete_long_flags=(--color --HOST --PORT --CONNECT-TIMEOUT --TIMEOUT --profile --help)
        ;;
        "weka nfs rules remove")
            complete_words=(dns ip);
            complete_arguments=();
            complete_repeatable_flags=();
            complete_long_flags=(--color --help)
        ;;
        "weka nfs rules remove dns")
            complete_words=();
            complete_arguments=(name dns);
            complete_repeatable_flags=();
            complete_long_flags=(--color --HOST --PORT --CONNECT-TIMEOUT --TIMEOUT --profile --help)
        ;;
        "weka nfs rules remove ip")
            complete_words=();
            complete_arguments=(name ip);
            complete_repeatable_flags=();
            complete_long_flags=(--color --HOST --PORT --CONNECT-TIMEOUT --TIMEOUT --profile --help)
        ;;
        "weka org")
            complete_words=(add remove rename security set-quota);
            complete_arguments=();
            complete_repeatable_flags=(--output --sort --filter --filter-color);
            complete_long_flags=(--color --HOST --PORT --CONNECT-TIMEOUT --TIMEOUT --profile --format --output --sort --filter --filter-color --help --raw-units --UTC --no-header --verbose)
        ;;
        "weka org add")
            complete_words=();
            complete_arguments=(name username password);
            complete_repeatable_flags=();
            complete_long_flags=(--ssd-quota --total-quota --color --HOST --PORT --CONNECT-TIMEOUT --TIMEOUT --profile --help --json)
        ;;
        "weka org remove")
            complete_words=();
            complete_arguments=(org);
            complete_repeatable_flags=();
            complete_long_flags=(--color --HOST --PORT --CONNECT-TIMEOUT --TIMEOUT --profile --force --help --json)
        ;;
        "weka org rename")
            complete_words=();
            complete_arguments=(org new-name);
            complete_repeatable_flags=();
            complete_long_flags=(--color --HOST --PORT --CONNECT-TIMEOUT --TIMEOUT --profile --help --json)
        ;;
        "weka org security")
            complete_words=(policy revoke-tokens);
            complete_arguments=();
            complete_repeatable_flags=();
            complete_long_flags=(--color --help)
        ;;
        "weka org security policy")
            complete_words=(attach detach list reset set);
            complete_arguments=();
            complete_repeatable_flags=();
            complete_long_flags=(--color --help)
        ;;
        "weka org security policy attach")
            complete_words=();
            complete_arguments=(org policies);
            complete_repeatable_flags=();
            complete_long_flags=(--color --HOST --PORT --CONNECT-TIMEOUT --TIMEOUT --profile --help --json)
        ;;
        "weka org security policy detach")
            complete_words=();
            complete_arguments=(org policies);
            complete_repeatable_flags=();
            complete_long_flags=(--color --HOST --PORT --CONNECT-TIMEOUT --TIMEOUT --profile --help --json)
        ;;
        "weka org security policy list")
            complete_words=();
            complete_arguments=(org);
            complete_repeatable_flags=(--output --sort --filter --filter-color);
            complete_long_flags=(--color --HOST --PORT --CONNECT-TIMEOUT --TIMEOUT --profile --format --output --sort --filter --filter-color --help --raw-units --UTC --no-header --verbose)
        ;;
        "weka org security policy reset")
            complete_words=();
            complete_arguments=(org);
            complete_repeatable_flags=();
            complete_long_flags=(--color --HOST --PORT --CONNECT-TIMEOUT --TIMEOUT --profile --help --json)
        ;;
        "weka org security policy set")
            complete_words=();
            complete_arguments=(org policies);
            complete_repeatable_flags=();
            complete_long_flags=(--color --HOST --PORT --CONNECT-TIMEOUT --TIMEOUT --profile --help --json)
        ;;
        "weka org security revoke-tokens")
            complete_words=();
            complete_arguments=(org);
            complete_repeatable_flags=();
            complete_long_flags=(--color --HOST --PORT --CONNECT-TIMEOUT --TIMEOUT --profile --help --force)
        ;;
        "weka org set-quota")
            complete_words=();
            complete_arguments=(org);
            complete_repeatable_flags=();
            complete_long_flags=(--ssd-quota --total-quota --color --HOST --PORT --CONNECT-TIMEOUT --TIMEOUT --profile --help --json)
        ;;
        "weka s3")
            complete_words=(bucket cluster log-level policy service-account sts);
            complete_arguments=();
            complete_repeatable_flags=();
            complete_long_flags=(--color --help)
        ;;
        "weka s3 bucket")
            complete_words=(add checksum lifecycle-rule list notification policy quota remove);
            complete_arguments=();
            complete_repeatable_flags=();
            complete_long_flags=(--color --help)
        ;;
        "weka s3 bucket checksum")
            complete_words=(get reset set);
            complete_arguments=();
            complete_repeatable_flags=();
            complete_long_flags=(--color --help)
        ;;
        "weka s3 bucket checksum get")
            complete_words=();
            complete_arguments=(name);
            complete_repeatable_flags=();
            complete_long_flags=(--color --HOST --PORT --CONNECT-TIMEOUT --TIMEOUT --profile --help --json)
        ;;
        "weka s3 bucket checksum set")
            complete_words=();
            complete_arguments=(bucket-name checksum);
            complete_repeatable_flags=();
            complete_long_flags=(--color --HOST --PORT --CONNECT-TIMEOUT --TIMEOUT --profile --help --json)
        ;;
        "weka s3 bucket checksum reset")
            complete_words=();
            complete_arguments=(bucket-name);
            complete_repeatable_flags=();
            complete_long_flags=(--color --HOST --PORT --CONNECT-TIMEOUT --TIMEOUT --profile --help --json)
        ;;
        "weka s3 bucket add")
            complete_words=();
            complete_arguments=(name);
            complete_repeatable_flags=();
            complete_long_flags=(--policy --policy-json --hard-quota --existing-path --fs-name --fs-id --checksum --color --HOST --PORT --CONNECT-TIMEOUT --TIMEOUT --profile --force --help --json)
        ;;
        "weka s3 bucket remove")
            complete_words=();
            complete_arguments=(name);
            complete_repeatable_flags=();
            complete_long_flags=(--color --HOST --PORT --CONNECT-TIMEOUT --TIMEOUT --profile --unlink --help --json --force)
        ;;
        "weka s3 bucket lifecycle-rule")
            complete_words=(add list remove reset);
            complete_arguments=();
            complete_repeatable_flags=();
            complete_long_flags=(--color --help)
        ;;
        "weka s3 bucket lifecycle-rule add")
            complete_words=();
            complete_arguments=(bucket expiry-days);
            complete_repeatable_flags=();
            complete_long_flags=(--color --HOST --PORT --CONNECT-TIMEOUT --TIMEOUT --profile --prefix --tags --help --json)
        ;;
        "weka s3 bucket lifecycle-rule list")
            complete_words=();
            complete_arguments=(bucket);
            complete_repeatable_flags=(--output --sort --filter --filter-color);
            complete_long_flags=(--color --HOST --PORT --CONNECT-TIMEOUT --TIMEOUT --profile --format --output --sort --filter --filter-color --help --no-header --verbose)
        ;;
        "weka s3 bucket lifecycle-rule remove")
            complete_words=();
            complete_arguments=(bucket name);
            complete_repeatable_flags=();
            complete_long_flags=(--color --HOST --PORT --CONNECT-TIMEOUT --TIMEOUT --profile --help --json)
        ;;
        "weka s3 bucket lifecycle-rule reset")
            complete_words=();
            complete_arguments=(bucket);
            complete_repeatable_flags=();
            complete_long_flags=(--color --HOST --PORT --CONNECT-TIMEOUT --TIMEOUT --profile --help --json --force)
        ;;
        "weka s3 bucket list")
            complete_words=();
            complete_arguments=();
            complete_repeatable_flags=(--output --sort --filter --filter-color);
            complete_long_flags=(--color --HOST --PORT --CONNECT-TIMEOUT --TIMEOUT --profile --format --output --sort --filter --filter-color --help --raw-units --UTC --no-header --verbose)
        ;;
        "weka s3 bucket notification")
            complete_words=(add list remove);
            complete_arguments=();
            complete_repeatable_flags=();
            complete_long_flags=(--color --help)
        ;;
        "weka s3 bucket notification add")
            complete_words=();
            complete_arguments=(bucket);
            complete_repeatable_flags=();
            complete_long_flags=(--target-type --target-name --events --filter-prefix --filter-suffix --color --HOST --PORT --CONNECT-TIMEOUT --TIMEOUT --profile --help --json)
        ;;
        "weka s3 bucket notification list")
            complete_words=();
            complete_arguments=(bucket);
            complete_repeatable_flags=(--output --sort --filter --filter-color);
            complete_long_flags=(--color --HOST --PORT --CONNECT-TIMEOUT --TIMEOUT --profile --format --output --sort --filter --filter-color --help --no-header --verbose)
        ;;
        "weka s3 bucket notification remove")
            complete_words=();
            complete_arguments=(bucket);
            complete_repeatable_flags=();
            complete_long_flags=(--target-type --target-name --events --filter-prefix --filter-suffix --color --HOST --PORT --CONNECT-TIMEOUT --TIMEOUT --profile --help --json)
        ;;
        "weka s3 bucket policy")
            complete_words=(get get-json reset set set-custom);
            complete_arguments=();
            complete_repeatable_flags=();
            complete_long_flags=(--color --help)
        ;;
        "weka s3 bucket policy get")
            complete_words=();
            complete_arguments=(bucket-name);
            complete_repeatable_flags=();
            complete_long_flags=(--color --HOST --PORT --CONNECT-TIMEOUT --TIMEOUT --profile --help --json)
        ;;
        "weka s3 bucket policy get-json")
            complete_words=();
            complete_arguments=(bucket-name);
            complete_repeatable_flags=();
            complete_long_flags=(--color --HOST --PORT --CONNECT-TIMEOUT --TIMEOUT --profile --help --json)
        ;;
        "weka s3 bucket policy set")
            complete_words=();
            complete_arguments=(bucket-name bucket-policy);
            complete_repeatable_flags=();
            complete_long_flags=(--color --HOST --PORT --CONNECT-TIMEOUT --TIMEOUT --profile --help --json)
        ;;
        "weka s3 bucket policy set-custom")
            complete_words=();
            complete_arguments=(bucket-name policy-file);
            complete_repeatable_flags=();
            complete_long_flags=(--color --HOST --PORT --CONNECT-TIMEOUT --TIMEOUT --profile --help --json)
        ;;
        "weka s3 bucket policy reset")
            complete_words=();
            complete_arguments=(bucket-name);
            complete_repeatable_flags=();
            complete_long_flags=(--color --HOST --PORT --CONNECT-TIMEOUT --TIMEOUT --profile --help --json)
        ;;
        "weka s3 bucket quota")
            complete_words=(reset set);
            complete_arguments=();
            complete_repeatable_flags=();
            complete_long_flags=(--color --help)
        ;;
        "weka s3 bucket quota set")
            complete_words=();
            complete_arguments=(name hard-quota);
            complete_repeatable_flags=();
            complete_long_flags=(--color --HOST --PORT --CONNECT-TIMEOUT --TIMEOUT --profile --help)
        ;;
        "weka s3 bucket quota reset")
            complete_words=();
            complete_arguments=(name);
            complete_repeatable_flags=();
            complete_long_flags=(--color --HOST --PORT --CONNECT-TIMEOUT --TIMEOUT --profile --help)
        ;;
        "weka s3 cluster")
            complete_words=(add audit-webhook container notification-target remove status update);
            complete_arguments=();
            complete_repeatable_flags=();
            complete_long_flags=(--color --HOST --PORT --CONNECT-TIMEOUT --TIMEOUT --profile --verbose --help --json)
        ;;
        "weka s3 cluster audit-webhook")
            complete_words=(disable enable show);
            complete_arguments=();
            complete_repeatable_flags=();
            complete_long_flags=(--color --help)
        ;;
        "weka s3 cluster audit-webhook disable")
            complete_words=();
            complete_arguments=();
            complete_repeatable_flags=();
            complete_long_flags=(--color --HOST --PORT --CONNECT-TIMEOUT --TIMEOUT --profile --help)
        ;;
        "weka s3 cluster audit-webhook enable")
            complete_words=();
            complete_arguments=();
            complete_repeatable_flags=();
            complete_long_flags=(--color --HOST --PORT --CONNECT-TIMEOUT --TIMEOUT --profile --endpoint --auth-token --help --verify)
        ;;
        "weka s3 cluster audit-webhook show")
            complete_words=();
            complete_arguments=();
            complete_repeatable_flags=();
            complete_long_flags=(--color --HOST --PORT --CONNECT-TIMEOUT --TIMEOUT --profile --help --json)
        ;;
        "weka s3 cluster container")
            complete_words=(add list remove);
            complete_arguments=();
            complete_repeatable_flags=();
            complete_long_flags=(--color --help)
        ;;
        "weka s3 cluster container add")
            complete_words=();
            complete_arguments=(container-ids);
            complete_repeatable_flags=();
            complete_long_flags=(--color --HOST --PORT --CONNECT-TIMEOUT --TIMEOUT --profile --help)
        ;;
        "weka s3 cluster container list")
            complete_words=();
            complete_arguments=();
            complete_repeatable_flags=();
            complete_long_flags=(--color --HOST --PORT --CONNECT-TIMEOUT --TIMEOUT --profile --help --json)
        ;;
        "weka s3 cluster container remove")
            complete_words=();
            complete_arguments=(container-ids);
            complete_repeatable_flags=();
            complete_long_flags=(--color --HOST --PORT --CONNECT-TIMEOUT --TIMEOUT --profile --help)
        ;;
        "weka s3 cluster add")
            complete_words=();
            complete_arguments=(default-fs-name config-fs-name);
            complete_repeatable_flags=(--container);
            complete_long_flags=(--port --key --secret --max-buckets-limit --anonymous-posix-uid --anonymous-posix-gid --domain --color --HOST --PORT --CONNECT-TIMEOUT --TIMEOUT --profile --container --all-servers --force --help)
        ;;
        "weka s3 cluster remove")
            complete_words=();
            complete_arguments=();
            complete_repeatable_flags=();
            complete_long_flags=(--color --HOST --PORT --CONNECT-TIMEOUT --TIMEOUT --profile --force --help)
        ;;
        "weka s3 cluster drain")
            complete_words=();
            complete_arguments=(container);
            complete_repeatable_flags=();
            complete_long_flags=(--color --HOST --PORT --CONNECT-TIMEOUT --TIMEOUT --profile --help)
        ;;
        "weka s3 cluster kv")
            complete_words=(add remove reset show);
            complete_arguments=();
            complete_repeatable_flags=();
            complete_long_flags=(--color --help)
        ;;
        "weka s3 cluster kv add")
            complete_words=();
            complete_arguments=(key value);
            complete_repeatable_flags=();
            complete_long_flags=(--color --HOST --PORT --CONNECT-TIMEOUT --TIMEOUT --profile --help)
        ;;
        "weka s3 cluster kv remove")
            complete_words=();
            complete_arguments=(key);
            complete_repeatable_flags=();
            complete_long_flags=(--color --HOST --PORT --CONNECT-TIMEOUT --TIMEOUT --profile --help)
        ;;
        "weka s3 cluster kv reset")
            complete_words=();
            complete_arguments=();
            complete_repeatable_flags=();
            complete_long_flags=(--color --HOST --PORT --CONNECT-TIMEOUT --TIMEOUT --profile --help)
        ;;
        "weka s3 cluster kv show")
            complete_words=();
            complete_arguments=();
            complete_repeatable_flags=(--output --sort --filter --filter-color);
            complete_long_flags=(--color --HOST --PORT --CONNECT-TIMEOUT --TIMEOUT --profile --format --output --sort --filter --filter-color --help --no-header --verbose)
        ;;
        "weka s3 cluster local")
            complete_words=(run);
            complete_arguments=();
            complete_repeatable_flags=();
            complete_long_flags=(--color --help)
        ;;
        "weka s3 cluster local run")
            complete_words=();
            complete_arguments=(args);
            complete_repeatable_flags=(--container);
            complete_long_flags=(--color --HOST --PORT --CONNECT-TIMEOUT --TIMEOUT --profile --container --help --json)
        ;;
        "weka s3 cluster notification-target")
            complete_words=(add cert list remove show status update);
            complete_arguments=();
            complete_repeatable_flags=();
            complete_long_flags=(--color --help)
        ;;
        "weka s3 cluster notification-target add")
            complete_words=();
            complete_arguments=();
            complete_repeatable_flags=();
            complete_long_flags=(--type --name --topic --brokers --kafka-version --tls --tls-cert --tls-skip-verify --sasl --sasl-username --sasl-password --sasl-mechanism --color --HOST --PORT --CONNECT-TIMEOUT --TIMEOUT --profile --help --json)
        ;;
        "weka s3 cluster notification-target cert")
            complete_words=(add list remove);
            complete_arguments=();
            complete_repeatable_flags=();
            complete_long_flags=(--color --help)
        ;;
        "weka s3 cluster notification-target cert add")
            complete_words=();
            complete_arguments=(cert-name);
            complete_repeatable_flags=();
            complete_long_flags=(--target-type --client-tls-cert --client-tls-key --color --HOST --PORT --CONNECT-TIMEOUT --TIMEOUT --profile --help --json)
        ;;
        "weka s3 cluster notification-target cert list")
            complete_words=();
            complete_arguments=();
            complete_repeatable_flags=(--output --sort --filter --filter-color);
            complete_long_flags=(--target-type --color --HOST --PORT --CONNECT-TIMEOUT --TIMEOUT --profile --format --output --sort --filter --filter-color --help --no-header --verbose)
        ;;
        "weka s3 cluster notification-target cert remove")
            complete_words=();
            complete_arguments=(cert-name);
            complete_repeatable_flags=();
            complete_long_flags=(--target-type --color --HOST --PORT --CONNECT-TIMEOUT --TIMEOUT --profile --help --json)
        ;;
        "weka s3 cluster notification-target list")
            complete_words=();
            complete_arguments=();
            complete_repeatable_flags=(--output --sort --filter --filter-color);
            complete_long_flags=(--color --HOST --PORT --CONNECT-TIMEOUT --TIMEOUT --profile --format --output --sort --filter --filter-color --help --no-header --verbose)
        ;;
        "weka s3 cluster notification-target remove")
            complete_words=();
            complete_arguments=();
            complete_repeatable_flags=();
            complete_long_flags=(--type --name --color --HOST --PORT --CONNECT-TIMEOUT --TIMEOUT --profile --force --help --json)
        ;;
        "weka s3 cluster notification-target show")
            complete_words=();
            complete_arguments=();
            complete_repeatable_flags=();
            complete_long_flags=(--type --name --color --HOST --PORT --CONNECT-TIMEOUT --TIMEOUT --profile --help --json)
        ;;
        "weka s3 cluster notification-target status")
            complete_words=();
            complete_arguments=();
            complete_repeatable_flags=(--output --sort --filter --filter-color);
            complete_long_flags=(--color --HOST --PORT --CONNECT-TIMEOUT --TIMEOUT --profile --format --output --sort --filter --filter-color --help --no-header --verbose)
        ;;
        "weka s3 cluster notification-target update")
            complete_words=();
            complete_arguments=();
            complete_repeatable_flags=();
            complete_long_flags=(--type --name --brokers --topic --kafka-version --tls --tls-cert --tls-skip-verify --sasl --sasl-username --sasl-password --sasl-mechanism --color --HOST --PORT --CONNECT-TIMEOUT --TIMEOUT --profile --help --json)
        ;;
        "weka s3 cluster status")
            complete_words=();
            complete_arguments=();
            complete_repeatable_flags=(--output --sort --filter --filter-color);
            complete_long_flags=(--color --HOST --PORT --CONNECT-TIMEOUT --TIMEOUT --profile --format --output --sort --filter --filter-color --help --no-header --verbose)
        ;;
        "weka s3 cluster status-old")
            complete_words=();
            complete_arguments=();
            complete_repeatable_flags=();
            complete_long_flags=(--color --HOST --PORT --CONNECT-TIMEOUT --TIMEOUT --profile --help --json)
        ;;
        "weka s3 cluster undrain")
            complete_words=();
            complete_arguments=(container);
            complete_repeatable_flags=();
            complete_long_flags=(--color --HOST --PORT --CONNECT-TIMEOUT --TIMEOUT --profile --help)
        ;;
        "weka s3 cluster update")
            complete_words=();
            complete_arguments=();
            complete_repeatable_flags=(--container);
            complete_long_flags=(--key --secret --port --anonymous-posix-uid --anonymous-posix-gid --domain --color --HOST --PORT --CONNECT-TIMEOUT --TIMEOUT --profile --container --all-servers --force --help)
        ;;
        "weka s3 log-level")
            complete_words=(get);
            complete_arguments=();
            complete_repeatable_flags=();
            complete_long_flags=(--color --help)
        ;;
        "weka s3 log-level get")
            complete_words=();
            complete_arguments=();
            complete_repeatable_flags=(--container --output --sort --filter --filter-color);
            complete_long_flags=(--color --HOST --PORT --CONNECT-TIMEOUT --TIMEOUT --profile --format --container --output --sort --filter --filter-color --help --no-header --verbose)
        ;;
        "weka s3 log-level set")
            complete_words=();
            complete_arguments=(log-level);
            complete_repeatable_flags=(--container);
            complete_long_flags=(--color --HOST --PORT --CONNECT-TIMEOUT --TIMEOUT --profile --container --help)
        ;;
        "weka s3 policy")
            complete_words=(add attach detach list remove show);
            complete_arguments=();
            complete_repeatable_flags=();
            complete_long_flags=(--color --help)
        ;;
        "weka s3 policy add")
            complete_words=();
            complete_arguments=(policy-name policy-file);
            complete_repeatable_flags=();
            complete_long_flags=(--color --HOST --PORT --CONNECT-TIMEOUT --TIMEOUT --profile --help --json)
        ;;
        "weka s3 policy attach")
            complete_words=();
            complete_arguments=(policy user);
            complete_repeatable_flags=();
            complete_long_flags=(--color --HOST --PORT --CONNECT-TIMEOUT --TIMEOUT --profile --help --json)
        ;;
        "weka s3 policy detach")
            complete_words=();
            complete_arguments=(user);
            complete_repeatable_flags=();
            complete_long_flags=(--color --HOST --PORT --CONNECT-TIMEOUT --TIMEOUT --profile --help --json)
        ;;
        "weka s3 policy list")
            complete_words=();
            complete_arguments=();
            complete_repeatable_flags=(--output --sort --filter --filter-color);
            complete_long_flags=(--color --HOST --PORT --CONNECT-TIMEOUT --TIMEOUT --profile --format --output --sort --filter --filter-color --help --no-header --verbose)
        ;;
        "weka s3 policy remove")
            complete_words=();
            complete_arguments=(policy);
            complete_repeatable_flags=();
            complete_long_flags=(--color --HOST --PORT --CONNECT-TIMEOUT --TIMEOUT --profile --help --json)
        ;;
        "weka s3 policy show")
            complete_words=();
            complete_arguments=(policy-name);
            complete_repeatable_flags=();
            complete_long_flags=(--color --HOST --PORT --CONNECT-TIMEOUT --TIMEOUT --profile --help --json)
        ;;
        "weka s3 profile")
            complete_words=(start stop);
            complete_arguments=();
            complete_repeatable_flags=();
            complete_long_flags=(--color --help)
        ;;
        "weka s3 profile start")
            complete_words=();
            complete_arguments=();
            complete_repeatable_flags=(--container --output --sort --filter --filter-color);
            complete_long_flags=(--color --HOST --PORT --CONNECT-TIMEOUT --TIMEOUT --profile --format --container --output --sort --filter --filter-color --help --no-header --verbose)
        ;;
        "weka s3 profile stop")
            complete_words=();
            complete_arguments=(target-bucket);
            complete_repeatable_flags=(--container --output --sort --filter --filter-color);
            complete_long_flags=(--color --HOST --PORT --CONNECT-TIMEOUT --TIMEOUT --profile --format --container --output --sort --filter --filter-color --help --no-header --verbose)
        ;;
        "weka s3 service-account")
            complete_words=(add list remove show);
            complete_arguments=();
            complete_repeatable_flags=();
            complete_long_flags=(--color --help)
        ;;
        "weka s3 service-account add")
            complete_words=();
            complete_arguments=();
            complete_repeatable_flags=();
            complete_long_flags=(--policy-file --color --HOST --PORT --CONNECT-TIMEOUT --TIMEOUT --profile --help --json)
        ;;
        "weka s3 service-account list")
            complete_words=();
            complete_arguments=();
            complete_repeatable_flags=(--output --sort --filter --filter-color);
            complete_long_flags=(--color --HOST --PORT --CONNECT-TIMEOUT --TIMEOUT --profile --format --output --sort --filter --filter-color --help --no-header --verbose)
        ;;
        "weka s3 service-account remove")
            complete_words=();
            complete_arguments=(access_key);
            complete_repeatable_flags=();
            complete_long_flags=(--color --HOST --PORT --CONNECT-TIMEOUT --TIMEOUT --profile --help --json)
        ;;
        "weka s3 service-account show")
            complete_words=();
            complete_arguments=(access_key);
            complete_repeatable_flags=();
            complete_long_flags=(--color --HOST --PORT --CONNECT-TIMEOUT --TIMEOUT --profile --help --json)
        ;;
        "weka s3 sts")
            complete_words=(assume-role);
            complete_arguments=();
            complete_repeatable_flags=();
            complete_long_flags=(--color --help)
        ;;
        "weka s3 sts assume-role")
            complete_words=();
            complete_arguments=();
            complete_repeatable_flags=();
            complete_long_flags=(--access-key --secret-key --policy-file --duration --color --HOST --PORT --CONNECT-TIMEOUT --TIMEOUT --profile --help --json)
        ;;
        "weka security")
            complete_words=(ca-cert cors-trusted-sites kms lockout-config login-banner policy tls token-expiry);
            complete_arguments=();
            complete_repeatable_flags=();
            complete_long_flags=(--color --help)
        ;;
        "weka security ca-cert")
            complete_words=(download reset set status);
            complete_arguments=();
            complete_repeatable_flags=();
            complete_long_flags=(--color --help)
        ;;
        "weka security ca-cert download")
            complete_words=();
            complete_arguments=(path);
            complete_repeatable_flags=();
            complete_long_flags=(--color --HOST --PORT --CONNECT-TIMEOUT --TIMEOUT --profile --help)
        ;;
        "weka security ca-cert set")
            complete_words=();
            complete_arguments=();
            complete_repeatable_flags=();
            complete_long_flags=(--cert-file --color --HOST --PORT --CONNECT-TIMEOUT --TIMEOUT --profile --help)
        ;;
        "weka security ca-cert status")
            complete_words=();
            complete_arguments=();
            complete_repeatable_flags=();
            complete_long_flags=(--color --HOST --PORT --CONNECT-TIMEOUT --TIMEOUT --profile --help --json)
        ;;
        "weka security ca-cert reset")
            complete_words=();
            complete_arguments=();
            complete_repeatable_flags=();
            complete_long_flags=(--color --HOST --PORT --CONNECT-TIMEOUT --TIMEOUT --profile --help)
        ;;
        "weka security cors-trusted-sites")
            complete_words=(add list remove remove-all);
            complete_arguments=();
            complete_repeatable_flags=();
            complete_long_flags=(--color --help)
        ;;
        "weka security cors-trusted-sites add")
            complete_words=();
            complete_arguments=(site);
            complete_repeatable_flags=();
            complete_long_flags=(--color --HOST --PORT --CONNECT-TIMEOUT --TIMEOUT --profile --help)
        ;;
        "weka security cors-trusted-sites list")
            complete_words=();
            complete_arguments=();
            complete_repeatable_flags=();
            complete_long_flags=(--color --HOST --PORT --CONNECT-TIMEOUT --TIMEOUT --profile --help --json)
        ;;
        "weka security cors-trusted-sites remove")
            complete_words=();
            complete_arguments=(site);
            complete_repeatable_flags=();
            complete_long_flags=(--color --HOST --PORT --CONNECT-TIMEOUT --TIMEOUT --profile --help)
        ;;
        "weka security cors-trusted-sites remove-all")
            complete_words=();
            complete_arguments=();
            complete_repeatable_flags=();
            complete_long_flags=(--color --HOST --PORT --CONNECT-TIMEOUT --TIMEOUT --profile --help)
        ;;
        "weka security kms")
            complete_words=(reset rewrap set);
            complete_arguments=();
            complete_repeatable_flags=();
            complete_long_flags=(--color --HOST --PORT --CONNECT-TIMEOUT --TIMEOUT --profile --help --json)
        ;;
        "weka security kms rewrap")
            complete_words=();
            complete_arguments=();
            complete_repeatable_flags=();
            complete_long_flags=(--new-key-uid --color --HOST --PORT --CONNECT-TIMEOUT --TIMEOUT --profile --all --convert-to-cluster-key-on-fs --help --json)
        ;;
        "weka security kms set")
            complete_words=();
            complete_arguments=(type address key-identifier);
            complete_repeatable_flags=();
            complete_long_flags=(--token --role-id --secret-id --kubernetes-role --namespace --client-cert --client-key --ca-cert --transit-path --auth-path --color --HOST --PORT --CONNECT-TIMEOUT --TIMEOUT --profile --convert-to-cluster-key-on-fs --help)
        ;;
        "weka security kms reset")
            complete_words=();
            complete_arguments=();
            complete_repeatable_flags=();
            complete_long_flags=(--color --HOST --PORT --CONNECT-TIMEOUT --TIMEOUT --profile --allow-downgrade --help)
        ;;
        "weka security lockout-config")
            complete_words=(reset set show);
            complete_arguments=();
            complete_repeatable_flags=();
            complete_long_flags=(--color --help)
        ;;
        "weka security lockout-config reset")
            complete_words=();
            complete_arguments=();
            complete_repeatable_flags=();
            complete_long_flags=(--color --HOST --PORT --CONNECT-TIMEOUT --TIMEOUT --profile --help)
        ;;
        "weka security lockout-config set")
            complete_words=();
            complete_arguments=();
            complete_repeatable_flags=();
            complete_long_flags=(--failed-attempts --lockout-duration --color --HOST --PORT --CONNECT-TIMEOUT --TIMEOUT --profile --help)
        ;;
        "weka security lockout-config show")
            complete_words=();
            complete_arguments=();
            complete_repeatable_flags=();
            complete_long_flags=(--color --HOST --PORT --CONNECT-TIMEOUT --TIMEOUT --profile --help --json)
        ;;
        "weka security login-banner")
            complete_words=(disable enable reset set show);
            complete_arguments=();
            complete_repeatable_flags=();
            complete_long_flags=(--color --help)
        ;;
        "weka security login-banner disable")
            complete_words=();
            complete_arguments=();
            complete_repeatable_flags=();
            complete_long_flags=(--color --HOST --PORT --CONNECT-TIMEOUT --TIMEOUT --profile --help --json)
        ;;
        "weka security login-banner enable")
            complete_words=();
            complete_arguments=();
            complete_repeatable_flags=();
            complete_long_flags=(--color --HOST --PORT --CONNECT-TIMEOUT --TIMEOUT --profile --help --json)
        ;;
        "weka security login-banner reset")
            complete_words=();
            complete_arguments=();
            complete_repeatable_flags=();
            complete_long_flags=(--color --HOST --PORT --CONNECT-TIMEOUT --TIMEOUT --profile --help)
        ;;
        "weka security login-banner set")
            complete_words=();
            complete_arguments=(login-banner);
            complete_repeatable_flags=();
            complete_long_flags=(--color --HOST --PORT --CONNECT-TIMEOUT --TIMEOUT --profile --help)
        ;;
        "weka security login-banner show")
            complete_words=();
            complete_arguments=();
            complete_repeatable_flags=();
            complete_long_flags=(--color --HOST --PORT --CONNECT-TIMEOUT --TIMEOUT --profile --help --json)
        ;;
        "weka security policy")
            complete_words=(add duplicate join list remove show test update);
            complete_arguments=();
            complete_repeatable_flags=();
            complete_long_flags=(--color --help)
        ;;
        "weka security policy add")
            complete_words=();
            complete_arguments=(name);
            complete_repeatable_flags=(--ips --roles);
            complete_long_flags=(--description --action --read-only --color --HOST --PORT --CONNECT-TIMEOUT --TIMEOUT --profile --ips --roles --help --json)
        ;;
        "weka security policy remove")
            complete_words=();
            complete_arguments=(policy);
            complete_repeatable_flags=();
            complete_long_flags=(--color --HOST --PORT --CONNECT-TIMEOUT --TIMEOUT --profile --help --force)
        ;;
        "weka security policy duplicate")
            complete_words=();
            complete_arguments=(policy name);
            complete_repeatable_flags=();
            complete_long_flags=(--color --HOST --PORT --CONNECT-TIMEOUT --TIMEOUT --profile --help --json)
        ;;
        "weka security policy join")
            complete_words=(attach detach list reset set);
            complete_arguments=();
            complete_repeatable_flags=();
            complete_long_flags=(--color --help)
        ;;
        "weka security policy join attach")
            complete_words=();
            complete_arguments=(policies);
            complete_repeatable_flags=();
            complete_long_flags=(--color --HOST --PORT --CONNECT-TIMEOUT --TIMEOUT --profile --client --backend --force --help --json)
        ;;
        "weka security policy join detach")
            complete_words=();
            complete_arguments=(policies);
            complete_repeatable_flags=();
            complete_long_flags=(--color --HOST --PORT --CONNECT-TIMEOUT --TIMEOUT --profile --client --backend --force --help --json)
        ;;
        "weka security policy join list")
            complete_words=();
            complete_arguments=();
            complete_repeatable_flags=(--output --sort --filter --filter-color);
            complete_long_flags=(--color --HOST --PORT --CONNECT-TIMEOUT --TIMEOUT --profile --format --output --sort --filter --filter-color --client --backend --help --raw-units --UTC --no-header --verbose)
        ;;
        "weka security policy join reset")
            complete_words=();
            complete_arguments=();
            complete_repeatable_flags=();
            complete_long_flags=(--color --HOST --PORT --CONNECT-TIMEOUT --TIMEOUT --profile --client --backend --help --json)
        ;;
        "weka security policy join set")
            complete_words=();
            complete_arguments=(policies);
            complete_repeatable_flags=();
            complete_long_flags=(--color --HOST --PORT --CONNECT-TIMEOUT --TIMEOUT --profile --client --backend --force --help --json)
        ;;
        "weka security policy list")
            complete_words=();
            complete_arguments=();
            complete_repeatable_flags=(--roles --ips --output --sort --filter --filter-color);
            complete_long_flags=(--action --color --HOST --PORT --CONNECT-TIMEOUT --TIMEOUT --profile --format --roles --ips --output --sort --filter --filter-color --help --raw-units --UTC --no-header --verbose)
        ;;
        "weka security policy show")
            complete_words=();
            complete_arguments=(policy);
            complete_repeatable_flags=();
            complete_long_flags=(--color --HOST --PORT --CONNECT-TIMEOUT --TIMEOUT --profile --json --help)
        ;;
        "weka security policy test")
            complete_words=();
            complete_arguments=(policy);
            complete_repeatable_flags=();
            complete_long_flags=(--role --ip --color --HOST --PORT --CONNECT-TIMEOUT --TIMEOUT --profile --join --help --json)
        ;;
        "weka security policy update")
            complete_words=();
            complete_arguments=(policy);
            complete_repeatable_flags=(--roles --add-roles --remove-roles --ips --add-ips --remove-ips);
            complete_long_flags=(--description --action --new-name --read-only --color --HOST --PORT --CONNECT-TIMEOUT --TIMEOUT --profile --roles --add-roles --remove-roles --ips --add-ips --remove-ips --force --help --json)
        ;;
        "weka security tls")
            complete_words=(download local reset set status);
            complete_arguments=();
            complete_repeatable_flags=();
            complete_long_flags=(--color --help)
        ;;
        "weka security tls download")
            complete_words=();
            complete_arguments=(path);
            complete_repeatable_flags=();
            complete_long_flags=(--color --HOST --PORT --CONNECT-TIMEOUT --TIMEOUT --profile --help)
        ;;
        "weka security tls local")
            complete_words=(reset set);
            complete_arguments=();
            complete_repeatable_flags=();
            complete_long_flags=(--color --help)
        ;;
        "weka security tls local set")
            complete_words=();
            complete_arguments=(container-ids);
            complete_repeatable_flags=();
            complete_long_flags=(--private-key --certificate --ca-cert --color --HOST --PORT --CONNECT-TIMEOUT --TIMEOUT --profile --all --help)
        ;;
        "weka security tls local reset")
            complete_words=();
            complete_arguments=(container-ids);
            complete_repeatable_flags=();
            complete_long_flags=(--color --HOST --PORT --CONNECT-TIMEOUT --TIMEOUT --profile --private-key --ca-cert --all --help)
        ;;
        "weka security tls set")
            complete_words=();
            complete_arguments=();
            complete_repeatable_flags=();
            complete_long_flags=(--private-key --certificate --color --HOST --PORT --CONNECT-TIMEOUT --TIMEOUT --profile --help)
        ;;
        "weka security tls status")
            complete_words=();
            complete_arguments=();
            complete_repeatable_flags=();
            complete_long_flags=(--color --HOST --PORT --CONNECT-TIMEOUT --TIMEOUT --profile --help --json)
        ;;
        "weka security tls strictness")
            complete_words=();
            complete_arguments=();
            complete_repeatable_flags=();
            complete_long_flags=(--value --color --HOST --PORT --CONNECT-TIMEOUT --TIMEOUT --profile --help --json)
        ;;
        "weka security tls reset")
            complete_words=();
            complete_arguments=();
            complete_repeatable_flags=();
            complete_long_flags=(--color --HOST --PORT --CONNECT-TIMEOUT --TIMEOUT --profile --help)
        ;;
        "weka security token-expiry")
            complete_words=(set show);
            complete_arguments=();
            complete_repeatable_flags=();
            complete_long_flags=(--color --help)
        ;;
        "weka security token-expiry set")
            complete_words=();
            complete_arguments=();
            complete_repeatable_flags=();
            complete_long_flags=(--access-token --refresh-token --access-token-max --refresh-token-max --color --HOST --PORT --CONNECT-TIMEOUT --TIMEOUT --profile --help)
        ;;
        "weka security token-expiry show")
            complete_words=();
            complete_arguments=();
            complete_repeatable_flags=();
            complete_long_flags=(--color --HOST --PORT --CONNECT-TIMEOUT --TIMEOUT --profile --help --json)
        ;;
        "weka smb")
            complete_words=(cluster domain share);
            complete_arguments=();
            complete_repeatable_flags=();
            complete_long_flags=(--color --help)
        ;;
        "weka smb cluster")
            complete_words=(add container debug remove status trusted-domains update wait);
            complete_arguments=();
            complete_repeatable_flags=();
            complete_long_flags=(--color --HOST --PORT --CONNECT-TIMEOUT --TIMEOUT --profile --help --json)
        ;;
        "weka smb cluster container")
            complete_words=(add remove);
            complete_arguments=();
            complete_repeatable_flags=();
            complete_long_flags=(--color --help)
        ;;
        "weka smb cluster container add")
            complete_words=();
            complete_arguments=();
            complete_repeatable_flags=(--container-ids);
            complete_long_flags=(--color --HOST --PORT --CONNECT-TIMEOUT --TIMEOUT --profile --container-ids --help --force)
        ;;
        "weka smb cluster container remove")
            complete_words=();
            complete_arguments=();
            complete_repeatable_flags=(--container-ids);
            complete_long_flags=(--color --HOST --PORT --CONNECT-TIMEOUT --TIMEOUT --profile --container-ids --help --force)
        ;;
        "weka smb cluster add")
            complete_words=();
            complete_arguments=(netbios-name domain config-fs-name);
            complete_repeatable_flags=(--container-ids --smb-ips-pool --smb-ips-range);
            complete_long_flags=(--symlink --domain-netbios-name --idmap-backend --default-domain-mapping-from-id --default-domain-mapping-to-id --joined-domain-mapping-from-id --joined-domain-mapping-to-id --encryption --scale-out-mode --smb-conf-extra --color --HOST --PORT --CONNECT-TIMEOUT --TIMEOUT --profile --container-ids --smb-ips-pool --smb-ips-range --help)
        ;;
        "weka smb cluster debug")
            complete_words=();
            complete_arguments=(level);
            complete_repeatable_flags=(--container-ids);
            complete_long_flags=(--color --HOST --PORT --CONNECT-TIMEOUT --TIMEOUT --profile --container-ids --help --json)
        ;;
        "weka smb cluster remove")
            complete_words=();
            complete_arguments=();
            complete_repeatable_flags=();
            complete_long_flags=(--color --HOST --PORT --CONNECT-TIMEOUT --TIMEOUT --profile --force --help)
        ;;
        "weka smb cluster host-access")
            complete_words=();
            complete_arguments=();
            complete_repeatable_flags=();
            complete_long_flags=(--color --help)
        ;;
        "weka smb cluster host-access add")
            complete_words=();
            complete_arguments=(mode);
            complete_repeatable_flags=(--ips --hosts);
            complete_long_flags=(--timeout --color --HOST --PORT --CONNECT-TIMEOUT --TIMEOUT --profile --ips --hosts --force --help --json)
        ;;
        "weka smb cluster host-access list")
            complete_words=();
            complete_arguments=();
            complete_repeatable_flags=(--output --sort --filter --filter-color);
            complete_long_flags=(--color --HOST --PORT --CONNECT-TIMEOUT --TIMEOUT --profile --format --output --sort --filter --filter-color --help --no-header --verbose)
        ;;
        "weka smb cluster host-access remove")
            complete_words=();
            complete_arguments=(hosts);
            complete_repeatable_flags=();
            complete_long_flags=(--color --HOST --PORT --CONNECT-TIMEOUT --TIMEOUT --profile --force --help --json)
        ;;
        "weka smb cluster host-access reset")
            complete_words=();
            complete_arguments=(mode);
            complete_repeatable_flags=();
            complete_long_flags=(--color --HOST --PORT --CONNECT-TIMEOUT --TIMEOUT --profile --force --help --json)
        ;;
        "weka smb cluster status")
            complete_words=();
            complete_arguments=();
            complete_repeatable_flags=();
            complete_long_flags=(--color --HOST --PORT --CONNECT-TIMEOUT --TIMEOUT --profile --help --json)
        ;;
        "weka smb cluster trusted-domains")
            complete_words=(add remove);
            complete_arguments=();
            complete_repeatable_flags=(--output --sort --filter --filter-color);
            complete_long_flags=(--color --HOST --PORT --CONNECT-TIMEOUT --TIMEOUT --profile --format --output --sort --filter --filter-color --help --no-header --verbose)
        ;;
        "weka smb cluster trusted-domains add")
            complete_words=();
            complete_arguments=(domain-name from-id to-id);
            complete_repeatable_flags=();
            complete_long_flags=(--color --HOST --PORT --CONNECT-TIMEOUT --TIMEOUT --profile --force --help --json)
        ;;
        "weka smb cluster trusted-domains remove")
            complete_words=();
            complete_arguments=(trusteddomain-id);
            complete_repeatable_flags=();
            complete_long_flags=(--color --HOST --PORT --CONNECT-TIMEOUT --TIMEOUT --profile --force --help)
        ;;
        "weka smb cluster update")
            complete_words=();
            complete_arguments=();
            complete_repeatable_flags=(--smb-ips-pool --smb-ips-range);
            complete_long_flags=(--color --HOST --PORT --CONNECT-TIMEOUT --TIMEOUT --profile --encryption --smb-ips-pool --smb-ips-range --help)
        ;;
        "weka smb cluster wait")
            complete_words=();
            complete_arguments=();
            complete_repeatable_flags=();
            complete_long_flags=(--timeout --color --HOST --PORT --CONNECT-TIMEOUT --TIMEOUT --profile --help)
        ;;
        "weka smb domain")
            complete_words=(join leave);
            complete_arguments=();
            complete_repeatable_flags=();
            complete_long_flags=(--color --HOST --PORT --CONNECT-TIMEOUT --TIMEOUT --profile --help --json)
        ;;
        "weka smb domain join")
            complete_words=();
            complete_arguments=(username password);
            complete_repeatable_flags=();
            complete_long_flags=(--server --create-computer --extra-options --timeout --color --HOST --PORT --CONNECT-TIMEOUT --TIMEOUT --profile --debug --help --json)
        ;;
        "weka smb domain leave")
            complete_words=();
            complete_arguments=(username password);
            complete_repeatable_flags=();
            complete_long_flags=(--color --HOST --PORT --CONNECT-TIMEOUT --TIMEOUT --profile --debug --force --help --json)
        ;;
        "weka smb share")
            complete_words=(add host-access list remove update);
            complete_arguments=();
            complete_repeatable_flags=(--output --sort --filter --filter-color);
            complete_long_flags=(--color --HOST --PORT --CONNECT-TIMEOUT --TIMEOUT --profile --format --output --sort --filter --filter-color --help --no-header --verbose)
        ;;
        "weka smb share add")
            complete_words=();
            complete_arguments=(share-name fs-name);
            complete_repeatable_flags=(--users);
            complete_long_flags=(--description --internal-path --file-create-mask --directory-create-mask --acl --map-acls --case-sensitivity --obs-direct --encryption --read-only --user-list-type --allow-guest-access --enable-ADS --hidden --vfs-zerocopy-read --color --HOST --PORT --CONNECT-TIMEOUT --TIMEOUT --profile --users --force --help --json)
        ;;
        "weka smb share host-access")
            complete_words=(add list remove reset);
            complete_arguments=();
            complete_repeatable_flags=();
            complete_long_flags=(--color --help)
        ;;
        "weka smb share host-access add")
            complete_words=();
            complete_arguments=(share-id mode);
            complete_repeatable_flags=(--ips);
            complete_long_flags=(--color --HOST --PORT --CONNECT-TIMEOUT --TIMEOUT --profile --ips --help --json)
        ;;
        "weka smb share host-access list")
            complete_words=();
            complete_arguments=();
            complete_repeatable_flags=(--output --sort --filter --filter-color);
            complete_long_flags=(--color --HOST --PORT --CONNECT-TIMEOUT --TIMEOUT --profile --format --output --sort --filter --filter-color --help --no-header --verbose)
        ;;
        "weka smb share host-access remove")
            complete_words=();
            complete_arguments=(share_id hosts);
            complete_repeatable_flags=();
            complete_long_flags=(--color --HOST --PORT --CONNECT-TIMEOUT --TIMEOUT --profile --help --json)
        ;;
        "weka smb share host-access reset")
            complete_words=();
            complete_arguments=(share-id mode);
            complete_repeatable_flags=();
            complete_long_flags=(--color --HOST --PORT --CONNECT-TIMEOUT --TIMEOUT --profile --force --help --json)
        ;;
        "weka smb share list")
            complete_words=(add remove reset show);
            complete_arguments=();
            complete_repeatable_flags=();
            complete_long_flags=(--color --help)
        ;;
        "weka smb share list add")
            complete_words=();
            complete_arguments=(share-id user-list-type);
            complete_repeatable_flags=(--users);
            complete_long_flags=(--color --HOST --PORT --CONNECT-TIMEOUT --TIMEOUT --profile --users --help --json)
        ;;
        "weka smb share list remove")
            complete_words=();
            complete_arguments=(share_id user-list-type);
            complete_repeatable_flags=(--users);
            complete_long_flags=(--color --HOST --PORT --CONNECT-TIMEOUT --TIMEOUT --profile --users --help --json)
        ;;
        "weka smb share list reset")
            complete_words=();
            complete_arguments=(share-id user-list-type);
            complete_repeatable_flags=();
            complete_long_flags=(--color --HOST --PORT --CONNECT-TIMEOUT --TIMEOUT --profile --help --json)
        ;;
        "weka smb share list show")
            complete_words=();
            complete_arguments=();
            complete_repeatable_flags=(--output --sort --filter --filter-color);
            complete_long_flags=(--color --HOST --PORT --CONNECT-TIMEOUT --TIMEOUT --profile --format --output --sort --filter --filter-color --help --no-header --verbose)
        ;;
        "weka smb share remove")
            complete_words=();
            complete_arguments=(share-id);
            complete_repeatable_flags=();
            complete_long_flags=(--color --HOST --PORT --CONNECT-TIMEOUT --TIMEOUT --profile --force --help)
        ;;
        "weka smb share update")
            complete_words=();
            complete_arguments=(share-id);
            complete_repeatable_flags=();
            complete_long_flags=(--color --HOST --PORT --CONNECT-TIMEOUT --TIMEOUT --profile --encryption --read-only --allow-guest-access --hidden --help)
        ;;
        "weka stats")
            complete_words=(list-types realtime retention);
            complete_arguments=();
            complete_repeatable_flags=(--category --stat --process-ids --param --exclude-process-ids --output --sort --filter --filter-color);
            complete_long_flags=(--start-time --end-time --interval --resolution-secs --role --aggregate-by --query-timeout --color --HOST --PORT --CONNECT-TIMEOUT --TIMEOUT --profile --format --category --stat --process-ids --param --exclude-process-ids --output --sort --filter --filter-color --accumulated --per-process --per-role --no-zeros --show-internal --skip-validations --help --raw-units --UTC --no-header --verbose)
        ;;
        "weka stats list-types")
            complete_words=();
            complete_arguments=(name-or-category);
            complete_repeatable_flags=(--output --sort --filter --filter-color);
            complete_long_flags=(--color --HOST --PORT --CONNECT-TIMEOUT --TIMEOUT --profile --format --output --sort --filter --filter-color --show-internal --help --no-header --verbose)
        ;;
        "weka stats realtime")
            complete_words=();
            complete_arguments=(process-ids);
            complete_repeatable_flags=(--output --sort --filter --filter-color);
            complete_long_flags=(--color --HOST --PORT --CONNECT-TIMEOUT --TIMEOUT --profile --format --output --sort --filter --filter-color --help --raw-units --UTC --show-total --no-header --verbose)
        ;;
        "weka stats retention")
            complete_words=(restore-default set status);
            complete_arguments=();
            complete_repeatable_flags=();
            complete_long_flags=(--color --help)
        ;;
        "weka stats retention restore-default")
            complete_words=();
            complete_arguments=();
            complete_repeatable_flags=();
            complete_long_flags=(--color --HOST --PORT --CONNECT-TIMEOUT --TIMEOUT --profile --dry-run --help --json)
        ;;
        "weka stats retention set")
            complete_words=();
            complete_arguments=();
            complete_repeatable_flags=();
            complete_long_flags=(--days --color --HOST --PORT --CONNECT-TIMEOUT --TIMEOUT --profile --dry-run --help --json)
        ;;
        "weka stats retention status")
            complete_words=();
            complete_arguments=();
            complete_repeatable_flags=();
            complete_long_flags=(--color --HOST --PORT --CONNECT-TIMEOUT --TIMEOUT --profile --help --json)
        ;;
        "weka status")
            complete_words=(rebuild reduction);
            complete_arguments=();
            complete_repeatable_flags=();
            complete_long_flags=(--color --HOST --PORT --CONNECT-TIMEOUT --TIMEOUT --profile --detailed-capacity --help --json --raw-units --UTC)
        ;;
        "weka status rebuild")
            complete_words=();
            complete_arguments=();
            complete_repeatable_flags=();
            complete_long_flags=(--color --HOST --PORT --CONNECT-TIMEOUT --TIMEOUT --profile --help --json --raw-units --UTC)
        ;;
        "weka status reduction")
            complete_words=();
            complete_arguments=();
            complete_repeatable_flags=();
            complete_long_flags=(--color --HOST --PORT --CONNECT-TIMEOUT --TIMEOUT --profile --help --json --raw-units --UTC)
        ;;
        "weka telemetry")
            complete_words=(exports);
            complete_arguments=();
            complete_repeatable_flags=();
            complete_long_flags=(--color --help)
        ;;
        "weka telemetry exports")
            complete_words=(add attach detach disable enable list remove update);
            complete_arguments=();
            complete_repeatable_flags=();
            complete_long_flags=(--color --help)
        ;;
        "weka telemetry exports add")
            complete_words=(s3 splunk);
            complete_arguments=();
            complete_repeatable_flags=();
            complete_long_flags=(--color --help)
        ;;
        "weka telemetry exports add file")
            complete_words=();
            complete_arguments=(name);
            complete_repeatable_flags=(--sources);
            complete_long_flags=(--color --HOST --PORT --CONNECT-TIMEOUT --TIMEOUT --profile --target --sources --help --json --disabled --without-sources)
        ;;
        "weka telemetry exports add s3")
            complete_words=();
            complete_arguments=(name);
            complete_repeatable_flags=(--sources);
            complete_long_flags=(--color --HOST --PORT --CONNECT-TIMEOUT --TIMEOUT --profile --target --ca-cert --allow-unverified-certificate --verify-with-cluster-cacert --bucket-name --access-key-id --secret-key --region --sources --help --json --disabled --without-sources)
        ;;
        "weka telemetry exports add splunk")
            complete_words=();
            complete_arguments=(name);
            complete_repeatable_flags=(--sources);
            complete_long_flags=(--color --HOST --PORT --CONNECT-TIMEOUT --TIMEOUT --profile --target --ca-cert --allow-unverified-certificate --verify-with-cluster-cacert --auth-token --sources --help --json --disabled --without-sources)
        ;;
        "weka telemetry exports add vector")
            complete_words=();
            complete_arguments=(name);
            complete_repeatable_flags=(--sources);
            complete_long_flags=(--color --HOST --PORT --CONNECT-TIMEOUT --TIMEOUT --profile --target --ca-cert --allow-unverified-certificate --verify-with-cluster-cacert --sources --help --json --disabled --without-sources)
        ;;
        "weka telemetry exports attach")
            complete_words=();
            complete_arguments=(export-id sources);
            complete_repeatable_flags=();
            complete_long_flags=(--color --HOST --PORT --CONNECT-TIMEOUT --TIMEOUT --profile --help --json)
        ;;
        "weka telemetry exports detach")
            complete_words=();
            complete_arguments=(export-id sources);
            complete_repeatable_flags=();
            complete_long_flags=(--color --HOST --PORT --CONNECT-TIMEOUT --TIMEOUT --profile --help --json --force)
        ;;
        "weka telemetry exports disable")
            complete_words=();
            complete_arguments=(export-id);
            complete_repeatable_flags=();
            complete_long_flags=(--color --HOST --PORT --CONNECT-TIMEOUT --TIMEOUT --profile --help)
        ;;
        "weka telemetry exports enable")
            complete_words=();
            complete_arguments=(export-id);
            complete_repeatable_flags=();
            complete_long_flags=(--color --HOST --PORT --CONNECT-TIMEOUT --TIMEOUT --profile --help)
        ;;
        "weka telemetry exports list")
            complete_words=();
            complete_arguments=();
            complete_repeatable_flags=(--output --sort --filter --filter-color);
            complete_long_flags=(--name --type --color --HOST --PORT --CONNECT-TIMEOUT --TIMEOUT --profile --format --output --sort --filter --filter-color --help --no-header --verbose)
        ;;
        "weka telemetry exports remove")
            complete_words=();
            complete_arguments=(export-id);
            complete_repeatable_flags=();
            complete_long_flags=(--color --HOST --PORT --CONNECT-TIMEOUT --TIMEOUT --profile --help --force)
        ;;
        "weka telemetry exports update")
            complete_words=(s3 splunk);
            complete_arguments=();
            complete_repeatable_flags=();
            complete_long_flags=(--color --help)
        ;;
        "weka telemetry exports update file")
            complete_words=();
            complete_arguments=(export-id);
            complete_repeatable_flags=(--sources);
            complete_long_flags=(--color --HOST --PORT --CONNECT-TIMEOUT --TIMEOUT --profile --name --target --sources --help --json)
        ;;
        "weka telemetry exports update s3")
            complete_words=();
            complete_arguments=(export-id);
            complete_repeatable_flags=(--sources);
            complete_long_flags=(--color --HOST --PORT --CONNECT-TIMEOUT --TIMEOUT --profile --name --target --ca-cert --allow-unverified-certificate --verify-with-cluster-cacert --bucket-name --access-key-id --secret-key --region --clear-tls-settings --sources --help --json)
        ;;
        "weka telemetry exports update splunk")
            complete_words=();
            complete_arguments=(export-id);
            complete_repeatable_flags=(--sources);
            complete_long_flags=(--color --HOST --PORT --CONNECT-TIMEOUT --TIMEOUT --profile --name --target --ca-cert --allow-unverified-certificate --verify-with-cluster-cacert --auth-token --clear-tls-settings --sources --help --json)
        ;;
        "weka telemetry exports update vector")
            complete_words=();
            complete_arguments=(export-id);
            complete_repeatable_flags=(--sources);
            complete_long_flags=(--color --HOST --PORT --CONNECT-TIMEOUT --TIMEOUT --profile --name --target --ca-cert --allow-unverified-certificate --verify-with-cluster-cacert --clear-tls-settings --sources --help --json)
        ;;
        "weka umount")
            complete_words=();
            complete_arguments=(target);
            complete_repeatable_flags=();
            complete_long_flags=(--type --color --verbose --no-mtab --lazy-unmount --force --readonly --help)
        ;;
        "weka upgrade")
            complete_words=(pause resume supported-features);
            complete_arguments=();
            complete_repeatable_flags=();
            complete_long_flags=(--color --help)
        ;;
        "weka upgrade pause")
            complete_words=();
            complete_arguments=();
            complete_repeatable_flags=();
            complete_long_flags=(--color --HOST --PORT --CONNECT-TIMEOUT --TIMEOUT --profile --help --json)
        ;;
        "weka upgrade resume")
            complete_words=();
            complete_arguments=();
            complete_repeatable_flags=();
            complete_long_flags=(--color --HOST --PORT --CONNECT-TIMEOUT --TIMEOUT --profile --help --json)
        ;;
        "weka upgrade supported-features")
            complete_words=();
            complete_arguments=();
            complete_repeatable_flags=();
            complete_long_flags=(--color --HOST --PORT --CONNECT-TIMEOUT --TIMEOUT --profile --help --json)
        ;;
        "weka user")
            complete_words=(add change-role generate-token ldap login logout passwd remove revoke-tokens update whoami);
            complete_arguments=();
            complete_repeatable_flags=(--output --sort --filter --filter-color);
            complete_long_flags=(--color --HOST --PORT --CONNECT-TIMEOUT --TIMEOUT --profile --format --output --sort --filter --filter-color --help --no-header --verbose)
        ;;
        "weka user add")
            complete_words=();
            complete_arguments=(username role password);
            complete_repeatable_flags=();
            complete_long_flags=(--posix-uid --posix-gid --color --HOST --PORT --CONNECT-TIMEOUT --TIMEOUT --profile --help --json)
        ;;
        "weka user change-role")
            complete_words=();
            complete_arguments=(username role);
            complete_repeatable_flags=();
            complete_long_flags=(--color --HOST --PORT --CONNECT-TIMEOUT --TIMEOUT --profile --help)
        ;;
        "weka user remove")
            complete_words=();
            complete_arguments=(username);
            complete_repeatable_flags=();
            complete_long_flags=(--color --HOST --PORT --CONNECT-TIMEOUT --TIMEOUT --profile --help)
        ;;
        "weka user generate-token")
            complete_words=();
            complete_arguments=();
            complete_repeatable_flags=();
            complete_long_flags=(--access-token-timeout --color --HOST --PORT --CONNECT-TIMEOUT --TIMEOUT --profile --help --json)
        ;;
        "weka user ldap")
            complete_words=(disable enable reset setup setup-ad update);
            complete_arguments=();
            complete_repeatable_flags=();
            complete_long_flags=(--color --HOST --PORT --CONNECT-TIMEOUT --TIMEOUT --profile --help --json)
        ;;
        "weka user ldap disable")
            complete_words=();
            complete_arguments=();
            complete_repeatable_flags=();
            complete_long_flags=(--color --HOST --PORT --CONNECT-TIMEOUT --TIMEOUT --profile --force --help --json)
        ;;
        "weka user ldap enable")
            complete_words=();
            complete_arguments=();
            complete_repeatable_flags=();
            complete_long_flags=(--color --HOST --PORT --CONNECT-TIMEOUT --TIMEOUT --profile --help --json)
        ;;
        "weka user ldap reset")
            complete_words=();
            complete_arguments=();
            complete_repeatable_flags=();
            complete_long_flags=(--color --HOST --PORT --CONNECT-TIMEOUT --TIMEOUT --profile --force --help --json)
        ;;
        "weka user ldap setup")
            complete_words=();
            complete_arguments=(server-uri base-dn user-object-class user-id-attribute group-object-class group-membership-attribute group-id-attribute reader-username reader-password);
            complete_repeatable_flags=();
            complete_long_flags=(--cluster-admin-group --org-admin-group --regular-group --readonly-group --start-tls --ignore-start-tls-failure --server-timeout-secs --protocol-version --user-revocation-attribute --color --HOST --PORT --CONNECT-TIMEOUT --TIMEOUT --profile --help --json)
        ;;
        "weka user ldap setup-ad")
            complete_words=();
            complete_arguments=(server-uri domain reader-username reader-password);
            complete_repeatable_flags=();
            complete_long_flags=(--cluster-admin-group --org-admin-group --regular-group --readonly-group --start-tls --ignore-start-tls-failure --server-timeout-secs --user-revocation-attribute --color --HOST --PORT --CONNECT-TIMEOUT --TIMEOUT --profile --help --json)
        ;;
        "weka user ldap update")
            complete_words=();
            complete_arguments=();
            complete_repeatable_flags=();
            complete_long_flags=(--server-uri --base-dn --user-object-class --user-id-attribute --group-object-class --group-membership-attribute --group-id-attribute --reader-username --reader-password --cluster-admin-group --org-admin-group --regular-group --readonly-group --start-tls --certificate --ignore-start-tls-failure --server-timeout-secs --protocol-version --user-revocation-attribute --color --HOST --PORT --CONNECT-TIMEOUT --TIMEOUT --profile --help --json)
        ;;
        "weka user login")
            complete_words=();
            complete_arguments=(username password);
            complete_repeatable_flags=();
            complete_long_flags=(--org --path --color --HOST --PORT --CONNECT-TIMEOUT --TIMEOUT --profile --help)
        ;;
        "weka user logout")
            complete_words=();
            complete_arguments=();
            complete_repeatable_flags=();
            complete_long_flags=(--color --HOST --PORT --CONNECT-TIMEOUT --TIMEOUT --profile --help)
        ;;
        "weka user passwd")
            complete_words=();
            complete_arguments=(password);
            complete_repeatable_flags=();
            complete_long_flags=(--username --current-password --color --HOST --PORT --CONNECT-TIMEOUT --TIMEOUT --profile --help)
        ;;
        "weka user revoke-tokens")
            complete_words=();
            complete_arguments=(username);
            complete_repeatable_flags=();
            complete_long_flags=(--color --HOST --PORT --CONNECT-TIMEOUT --TIMEOUT --profile --help --json)
        ;;
        "weka user update")
            complete_words=();
            complete_arguments=(username);
            complete_repeatable_flags=();
            complete_long_flags=(--posix-uid --posix-gid --role --color --HOST --PORT --CONNECT-TIMEOUT --TIMEOUT --profile --help)
        ;;
        "weka user whoami")
            complete_words=();
            complete_arguments=();
            complete_repeatable_flags=(--output);
            complete_long_flags=(--color --HOST --PORT --CONNECT-TIMEOUT --TIMEOUT --profile --format --output --help --no-header --verbose)
        ;;
        "weka version")
            complete_words=(current get prepare reset rm set);
            complete_arguments=();
            complete_repeatable_flags=();
            complete_long_flags=(--color --full --help --json)
        ;;
        "weka version current")
            complete_words=();
            complete_arguments=();
            complete_repeatable_flags=();
            complete_long_flags=(--container --color --help)
        ;;
        "weka version get")
            complete_words=();
            complete_arguments=(version);
            complete_repeatable_flags=(--from);
            complete_long_flags=(--color --from --set-current --no-progress-bar --set-dist-servers --client-only --driver-only --help)
        ;;
        "weka version prepare")
            complete_words=();
            complete_arguments=(version-name containers);
            complete_repeatable_flags=();
            complete_long_flags=(--color --help)
        ;;
        "weka version rm")
            complete_words=();
            complete_arguments=(version-name);
            complete_repeatable_flags=();
            complete_long_flags=(--color --clean-unused --force --help)
        ;;
        "weka version set")
            complete_words=();
            complete_arguments=(version);
            complete_repeatable_flags=();
            complete_long_flags=(--container --color --allow-running-containers --default-only --agent-only --set-dependent --client-only --help)
        ;;
        "weka version reset")
            complete_words=();
            complete_arguments=();
            complete_repeatable_flags=();
            complete_long_flags=(--color --help)
        ;;
    esac;
    for ((i = 0; i < ${#flags[@]}; i++))
    do
        if [[ ! " ${complete_repeatable_flags[@]} " =~ " ${flags[i]} " ]]; then
            non_repeating_flags+=("${flags[i]}");
        fi;
    done;
    subtraction_set=($( comm -13 <(printf '%s\n' "${non_repeating_flags[@]}" | sort) <(printf '%s\n' "${complete_long_flags[@]}" | sort)));
    if [[ "${only_flags}" == true ]]; then
        COMPREPLY=($( compgen -W "${subtraction_set[*]}" -- ${COMP_WORDS[COMP_CWORD]} ));
    else
        COMPREPLY=($( compgen -W "${complete_words[*]}" --  ${COMP_WORDS[COMP_CWORD]} ; compgen -W "${subtraction_set[*]}" -- ${COMP_WORDS[COMP_CWORD]} ));
    fi
}
conda () 
{ 
    \local cmd="${1-__missing__}";
    case "$cmd" in 
        activate | deactivate)
            __conda_activate "$@"
        ;;
        install | update | upgrade | remove | uninstall)
            __conda_exe "$@" || \return;
            __conda_reactivate
        ;;
        *)
            __conda_exe "$@"
        ;;
    esac
}
gawklibpath_append () 
{ 
    [ -z "$AWKLIBPATH" ] && AWKLIBPATH=`gawk 'BEGIN {print ENVIRON["AWKLIBPATH"]}'`;
    export AWKLIBPATH="$AWKLIBPATH:$*"
}
gawklibpath_default () 
{ 
    unset AWKLIBPATH;
    export AWKLIBPATH=`gawk 'BEGIN {print ENVIRON["AWKLIBPATH"]}'`
}
gawklibpath_prepend () 
{ 
    [ -z "$AWKLIBPATH" ] && AWKLIBPATH=`gawk 'BEGIN {print ENVIRON["AWKLIBPATH"]}'`;
    export AWKLIBPATH="$*:$AWKLIBPATH"
}
gawkpath_append () 
{ 
    [ -z "$AWKPATH" ] && AWKPATH=`gawk 'BEGIN {print ENVIRON["AWKPATH"]}'`;
    export AWKPATH="$AWKPATH:$*"
}
gawkpath_default () 
{ 
    unset AWKPATH;
    export AWKPATH=`gawk 'BEGIN {print ENVIRON["AWKPATH"]}'`
}
gawkpath_prepend () 
{ 
    [ -z "$AWKPATH" ] && AWKPATH=`gawk 'BEGIN {print ENVIRON["AWKPATH"]}'`;
    export AWKPATH="$*:$AWKPATH"
}
ml () 
{ 
    module ml "$@"
}
module () 
{ 
    local _mlredir=0;
    if [ -n "${MODULES_REDIRECT_OUTPUT+x}" ]; then
        if [ "$MODULES_REDIRECT_OUTPUT" = '0' ]; then
            _mlredir=0;
        else
            if [ "$MODULES_REDIRECT_OUTPUT" = '1' ]; then
                _mlredir=1;
            fi;
        fi;
    fi;
    case " $@ " in 
        *' --no-redirect '*)
            _mlredir=0
        ;;
        *' --redirect '*)
            _mlredir=1
        ;;
    esac;
    if [ $_mlredir -eq 0 ]; then
        _module_raw "$@";
    else
        _module_raw "$@" 2>&1;
    fi
}
scl () 
{ 
    if [ "$1" = "load" -o "$1" = "unload" ]; then
        eval "module $@";
    else
        /usr/bin/scl "$@";
    fi
}
which () 
{ 
    ( alias;
    eval ${which_declare} ) | /usr/bin/which --tty-only --read-alias --read-functions --show-tilde --show-dot $@
}
Generating 3000 eps x 200 frames @ 64x64
  300/3000 episodes  (1.4s)
  600/3000 episodes  (2.8s)
  900/3000 episodes  (4.2s)
  1200/3000 episodes  (5.5s)
  1500/3000 episodes  (6.9s)
  1800/3000 episodes  (9.6s)
  2100/3000 episodes  (11.1s)
  2400/3000 episodes  (12.6s)
  2700/3000 episodes  (14.1s)
  3000/3000 episodes  (16.3s)

Saved frames  -> gridworld.npy   (3000, 200, 64, 64, 3)
Saved actions -> gridworld_actions.npy  (3000, 200)  (occluded fraction 0.50)
Saved states  -> gridworld_states.npy   (3000, 200, 5)
Saved colors  -> gridworld_colors.npy   (3000, 2)  (PALETTE order: ('red', 'green', 'blue', 'pink'))
Disk: frames 7372.8 MB
[health] latent-collapse probe: 64 revealed frames from gridworld_actions.npy
wandb: [wandb.login()] Loaded credentials for https://api.wandb.ai from /home/martius/mot936/.netrc.
wandb: Currently logged in as: merlin_ (models-eberhard-karls-universit-t-t-bingen) to https://api.wandb.ai. Use `wandb login --relogin` to force relogin
wandb: setting up run tw19oba3
wandb: Tracking run with wandb version 0.26.1
wandb: Run data is saved locally in /weka/martius/mot936/dreamerv4-tests/wandb/run-20260618_135516-tw19oba3
wandb: Run `wandb offline` to turn off syncing.
wandb: Syncing run gridworld-tok-v2
wandb: ⭐️ View project at https://wandb.ai/models-eberhard-karls-universit-t-t-bingen/transformer-C-tokenizer
wandb: 🚀 View run at https://wandb.ai/models-eberhard-karls-universit-t-t-bingen/transformer-C-tokenizer/runs/tw19oba3
Setting up [LPIPS] perceptual loss: trunk [vgg], v[0.1], spatial [off]
/weka/martius/mot936/venvs/venv-b05c6eb3f672f99e/lib64/python3.9/site-packages/torchvision/models/_utils.py:208: UserWarning: The parameter 'pretrained' is deprecated since 0.13 and may be removed in the future, please use 'weights' instead.
  warnings.warn(
/weka/martius/mot936/venvs/venv-b05c6eb3f672f99e/lib64/python3.9/site-packages/torchvision/models/_utils.py:223: UserWarning: Arguments other than a weight enum or `None` for 'weights' are deprecated since 0.13 and may be removed in the future. The current behavior is equivalent to passing `weights=VGG16_Weights.IMAGENET1K_V1`. You can also use `weights=VGG16_Weights.DEFAULT` to get the most up-to-date weights.
  warnings.warn(msg)
Loading model from: /weka/martius/mot936/venvs/venv-b05c6eb3f672f99e/lib64/python3.9/site-packages/lpips/weights/v0.1/vgg.pth
LPIPS enabled (net=vgg, weight=0.2)
Epochs:   0%|          | 0/30 [00:00<?, ?it/s]
Train 1/30:   0%|          | 0/1069 [00:00<?, ?it/s][A
Train 1/30:   0%|          | 1/1069 [00:01<25:24,  1.43s/it][A
Train 1/30:   0%|          | 4/1069 [00:02<11:51,  1.50it/s][A
Train 1/30:   1%|          | 7/1069 [00:04<09:10,  1.93it/s][A
Train 1/30:   1%|          | 10/1069 [00:05<08:11,  2.16it/s][A
Train 1/30:   1%|          | 13/1069 [00:06<07:30,  2.35it/s][A
Train 1/30:   1%|▏         | 16/1069 [00:07<07:05,  2.48it/s][A
Train 1/30:   2%|▏         | 19/1069 [00:08<06:47,  2.58it/s][A
Train 1/30:   2%|▏         | 22/1069 [00:09<06:38,  2.63it/s][A
Train 1/30:   2%|▏         | 25/1069 [00:10<06:27,  2.70it/s][A
Train 1/30:   3%|▎         | 28/1069 [00:11<06:26,  2.70it/s][A
Train 1/30:   3%|▎         | 31/1069 [00:12<06:26,  2.69it/s][A
Train 1/30:   3%|▎         | 34/1069 [00:13<06:21,  2.71it/s][A
Train 1/30:   3%|▎         | 37/1069 [00:15<06:25,  2.67it/s][A
Train 1/30:   4%|▎         | 40/1069 [00:16<06:30,  2.63it/s][A
Train 1/30:   4%|▍         | 43/1069 [00:17<06:29,  2.63it/s][A
Train 1/30:   4%|▍         | 46/1069 [00:18<06:32,  2.61it/s][A
Train 1/30:   5%|▍         | 49/1069 [00:19<06:37,  2.56it/s][A
Train 1/30:   5%|▍         | 52/1069 [00:20<06:26,  2.63it/s][A
Train 1/30:   5%|▌         | 55/1069 [00:21<06:18,  2.68it/s][A
Train 1/30:   5%|▌         | 58/1069 [00:23<06:15,  2.69it/s][A
Train 1/30:   6%|▌         | 61/1069 [00:24<06:13,  2.70it/s][A
Train 1/30:   6%|▌         | 64/1069 [00:25<06:20,  2.64it/s][A
Train 1/30:   6%|▋         | 67/1069 [00:26<06:19,  2.64it/s][A
Train 1/30:   7%|▋         | 70/1069 [00:27<06:27,  2.58it/s][A
Train 1/30:   7%|▋         | 73/1069 [00:28<06:28,  2.56it/s][A
Train 1/30:   7%|▋         | 76/1069 [00:30<06:29,  2.55it/s][A
Train 1/30:   7%|▋         | 79/1069 [00:31<06:19,  2.61it/s][A
Train 1/30:   8%|▊         | 82/1069 [00:32<06:18,  2.61it/s][A
Train 1/30:   8%|▊         | 85/1069 [00:33<06:18,  2.60it/s][A
Train 1/30:   8%|▊         | 88/1069 [00:34<06:15,  2.61it/s][A
Train 1/30:   9%|▊         | 91/1069 [00:35<06:19,  2.58it/s][A
Train 1/30:   9%|▉         | 94/1069 [00:37<06:22,  2.55it/s][A
Train 1/30:   9%|▉         | 97/1069 [00:38<06:16,  2.58it/s][A
Train 1/30:   9%|▉         | 100/1069 [00:39<06:17,  2.57it/s][A
Train 1/30:  10%|▉         | 103/1069 [00:40<06:06,  2.63it/s][A
Train 1/30:  10%|▉         | 106/1069 [00:41<06:07,  2.62it/s][A
Train 1/30:  10%|█         | 109/1069 [00:42<06:04,  2.63it/s][A
Train 1/30:  10%|█         | 112/1069 [00:43<06:12,  2.57it/s][A
Train 1/30:  11%|█         | 115/1069 [00:45<06:16,  2.53it/s][A
Train 1/30:  11%|█         | 118/1069 [00:46<06:02,  2.63it/s][A
Train 1/30:  11%|█▏        | 121/1069 [00:47<05:55,  2.67it/s][A
Train 1/30:  12%|█▏        | 124/1069 [00:48<05:56,  2.65it/s][A
Train 1/30:  12%|█▏        | 127/1069 [00:49<05:56,  2.64it/s][A
Train 1/30:  12%|█▏        | 130/1069 [00:50<05:57,  2.62it/s][A
Train 1/30:  12%|█▏        | 133/1069 [00:52<06:05,  2.56it/s][A
Train 1/30:  13%|█▎        | 136/1069 [00:53<06:04,  2.56it/s][A
Train 1/30:  13%|█▎        | 139/1069 [00:54<06:10,  2.51it/s][A
Train 1/30:  13%|█▎        | 142/1069 [00:55<06:06,  2.53it/s][A
Train 1/30:  14%|█▎        | 145/1069 [00:56<06:02,  2.55it/s][A
Train 1/30:  14%|█▍        | 148/1069 [00:57<05:55,  2.59it/s][A
Train 1/30:  14%|█▍        | 151/1069 [00:58<05:51,  2.61it/s][A
Train 1/30:  14%|█▍        | 154/1069 [01:00<05:51,  2.60it/s][A
Train 1/30:  15%|█▍        | 157/1069 [01:01<05:53,  2.58it/s][A
Train 1/30:  15%|█▍        | 160/1069 [01:02<05:49,  2.60it/s][A
Train 1/30:  15%|█▌        | 163/1069 [01:03<05:40,  2.66it/s][A
Train 1/30:  16%|█▌        | 166/1069 [01:04<05:42,  2.64it/s][A
Train 1/30:  16%|█▌        | 169/1069 [01:05<05:49,  2.57it/s][A
Train 1/30:  16%|█▌        | 172/1069 [01:07<05:52,  2.55it/s][A
Train 1/30:  16%|█▋        | 175/1069 [01:08<05:45,  2.59it/s][A
Train 1/30:  17%|█▋        | 178/1069 [01:09<05:53,  2.52it/s][A
Train 1/30:  17%|█▋        | 181/1069 [01:10<05:44,  2.58it/s][A
Train 1/30:  17%|█▋        | 184/1069 [01:11<05:42,  2.58it/s][A
Train 1/30:  17%|█▋        | 187/1069 [01:12<05:42,  2.57it/s][A
Train 1/30:  18%|█▊        | 190/1069 [01:14<05:37,  2.61it/s][A
Train 1/30:  18%|█▊        | 193/1069 [01:15<05:33,  2.63it/s][A
Train 1/30:  18%|█▊        | 196/1069 [01:16<05:26,  2.67it/s][A
Train 1/30:  19%|█▊        | 199/1069 [01:17<05:30,  2.63it/s][A
Train 1/30:  19%|█▉        | 202/1069 [01:18<05:23,  2.68it/s][A
Train 1/30:  19%|█▉        | 205/1069 [01:19<05:23,  2.67it/s][A
Train 1/30:  19%|█▉        | 208/1069 [01:20<05:19,  2.70it/s][A
Train 1/30:  20%|█▉        | 211/1069 [01:21<05:14,  2.73it/s][A
Train 1/30:  20%|██        | 214/1069 [01:22<05:16,  2.70it/s][A
Train 1/30:  20%|██        | 217/1069 [01:24<05:18,  2.68it/s][A
Train 1/30:  21%|██        | 220/1069 [01:25<05:21,  2.64it/s][A
Train 1/30:  21%|██        | 223/1069 [01:26<05:21,  2.63it/s][A
Train 1/30:  21%|██        | 226/1069 [01:27<05:23,  2.61it/s][A
Train 1/30:  21%|██▏       | 229/1069 [01:28<05:21,  2.61it/s][A
Train 1/30:  22%|██▏       | 232/1069 [01:29<05:18,  2.63it/s][A
Train 1/30:  22%|██▏       | 235/1069 [01:30<05:16,  2.64it/s][A
Train 1/30:  22%|██▏       | 238/1069 [01:32<05:17,  2.62it/s][A
Train 1/30:  23%|██▎       | 241/1069 [01:33<05:17,  2.61it/s][A
Train 1/30:  23%|██▎       | 244/1069 [01:34<05:08,  2.67it/s][A
Train 1/30:  23%|██▎       | 247/1069 [01:35<05:10,  2.65it/s][A
Train 1/30:  23%|██▎       | 250/1069 [01:36<05:09,  2.64it/s][A
Train 1/30:  24%|██▎       | 253/1069 [01:37<05:04,  2.68it/s][A
Train 1/30:  24%|██▍       | 256/1069 [01:38<05:04,  2.67it/s][A
Train 1/30:  24%|██▍       | 259/1069 [01:40<05:03,  2.67it/s][A
Train 1/30:  25%|██▍       | 262/1069 [01:41<05:02,  2.67it/s][A
Train 1/30:  25%|██▍       | 265/1069 [01:42<04:55,  2.72it/s][A
Train 1/30:  25%|██▌       | 268/1069 [01:43<05:07,  2.61it/s][A
Train 1/30:  25%|██▌       | 271/1069 [01:44<05:04,  2.62it/s][A
Train 1/30:  26%|██▌       | 274/1069 [01:45<05:14,  2.52it/s][A
Train 1/30:  26%|██▌       | 277/1069 [01:46<05:08,  2.57it/s][A
Train 1/30:  26%|██▌       | 280/1069 [01:48<05:03,  2.60it/s][A
Train 1/30:  26%|██▋       | 283/1069 [01:49<05:08,  2.55it/s][A
Train 1/30:  27%|██▋       | 286/1069 [01:50<05:02,  2.59it/s][A
Train 1/30:  27%|██▋       | 289/1069 [01:51<05:00,  2.60it/s][A
Train 1/30:  27%|██▋       | 292/1069 [01:52<05:02,  2.57it/s][A
Train 1/30:  28%|██▊       | 295/1069 [01:53<05:01,  2.56it/s][A
Train 1/30:  28%|██▊       | 298/1069 [01:55<05:09,  2.49it/s][A
Train 1/30:  28%|██▊       | 301/1069 [01:56<05:09,  2.48it/s][A
Train 1/30:  28%|██▊       | 304/1069 [01:57<05:06,  2.50it/s][A
Train 1/30:  29%|██▊       | 307/1069 [01:58<05:04,  2.50it/s][A
Train 1/30:  29%|██▉       | 310/1069 [02:00<05:02,  2.51it/s][A
Train 1/30:  29%|██▉       | 313/1069 [02:01<04:56,  2.55it/s][A
Train 1/30:  30%|██▉       | 316/1069 [02:02<04:58,  2.52it/s][A
Train 1/30:  30%|██▉       | 319/1069 [02:03<04:54,  2.55it/s][A
Train 1/30:  30%|███       | 322/1069 [02:04<05:00,  2.49it/s][A
Train 1/30:  30%|███       | 325/1069 [02:06<04:57,  2.50it/s][A
Train 1/30:  31%|███       | 328/1069 [02:07<04:51,  2.55it/s][A
Train 1/30:  31%|███       | 331/1069 [02:08<04:45,  2.58it/s][A
Train 1/30:  31%|███       | 334/1069 [02:09<04:38,  2.64it/s][A
Train 1/30:  32%|███▏      | 337/1069 [02:10<04:47,  2.55it/s][A
Train 1/30:  32%|███▏      | 340/1069 [02:11<04:47,  2.54it/s][A
Train 1/30:  32%|███▏      | 343/1069 [02:12<04:44,  2.55it/s][A
Train 1/30:  32%|███▏      | 346/1069 [02:14<04:37,  2.60it/s][A
Train 1/30:  33%|███▎      | 349/1069 [02:15<04:32,  2.64it/s][A
Train 1/30:  33%|███▎      | 352/1069 [02:16<04:30,  2.65it/s][A
Train 1/30:  33%|███▎      | 355/1069 [02:17<04:31,  2.63it/s][A
Train 1/30:  33%|███▎      | 358/1069 [02:18<04:31,  2.62it/s][A
Train 1/30:  34%|███▍      | 361/1069 [02:19<04:35,  2.57it/s][A
Train 1/30:  34%|███▍      | 364/1069 [02:21<04:35,  2.56it/s][A
Train 1/30:  34%|███▍      | 367/1069 [02:22<04:31,  2.59it/s][A
Train 1/30:  35%|███▍      | 370/1069 [02:23<04:31,  2.58it/s][A
Train 1/30:  35%|███▍      | 373/1069 [02:24<04:35,  2.52it/s][A
Train 1/30:  35%|███▌      | 376/1069 [02:25<04:35,  2.52it/s][A
Train 1/30:  35%|███▌      | 379/1069 [02:26<04:36,  2.50it/s][A
Train 1/30:  36%|███▌      | 382/1069 [02:28<04:28,  2.55it/s][A
Train 1/30:  36%|███▌      | 385/1069 [02:29<04:25,  2.58it/s][A
Train 1/30:  36%|███▋      | 388/1069 [02:30<04:19,  2.63it/s][A
Train 1/30:  37%|███▋      | 391/1069 [02:31<04:14,  2.66it/s][A
Train 1/30:  37%|███▋      | 394/1069 [02:32<04:16,  2.63it/s][A
Train 1/30:  37%|███▋      | 397/1069 [02:33<04:19,  2.59it/s][A
Train 1/30:  37%|███▋      | 400/1069 [02:34<04:15,  2.62it/s][A
Train 1/30:  38%|███▊      | 403/1069 [02:36<04:12,  2.64it/s][A
Train 1/30:  38%|███▊      | 406/1069 [02:37<04:12,  2.62it/s][A
Train 1/30:  38%|███▊      | 409/1069 [02:38<04:08,  2.66it/s][A
Train 1/30:  39%|███▊      | 412/1069 [02:39<04:09,  2.64it/s][A
Train 1/30:  39%|███▉      | 415/1069 [02:40<04:05,  2.66it/s][A
Train 1/30:  39%|███▉      | 418/1069 [02:41<04:07,  2.63it/s][A
Train 1/30:  39%|███▉      | 421/1069 [02:42<04:04,  2.65it/s][A
Train 1/30:  40%|███▉      | 424/1069 [02:44<04:14,  2.54it/s][A
Train 1/30:  40%|███▉      | 427/1069 [02:45<04:16,  2.50it/s][A
Train 1/30:  40%|████      | 430/1069 [02:46<04:14,  2.51it/s][A
Train 1/30:  41%|████      | 433/1069 [02:47<04:02,  2.62it/s][A
Train 1/30:  41%|████      | 436/1069 [02:48<04:02,  2.61it/s][A
Train 1/30:  41%|████      | 439/1069 [02:49<04:02,  2.60it/s][A
Train 1/30:  41%|████▏     | 442/1069 [02:50<03:57,  2.64it/s][A
Train 1/30:  42%|████▏     | 445/1069 [02:52<03:58,  2.61it/s][A
Train 1/30:  42%|████▏     | 448/1069 [02:53<03:57,  2.62it/s][A
Train 1/30:  42%|████▏     | 451/1069 [02:54<03:56,  2.62it/s][A
Train 1/30:  42%|████▏     | 454/1069 [02:55<03:54,  2.62it/s][A
Train 1/30:  43%|████▎     | 457/1069 [02:56<03:49,  2.67it/s][A
Train 1/30:  43%|████▎     | 460/1069 [02:57<03:49,  2.65it/s][A
Train 1/30:  43%|████▎     | 463/1069 [02:59<03:56,  2.57it/s][A
Train 1/30:  44%|████▎     | 466/1069 [03:00<03:56,  2.55it/s][A
Train 1/30:  44%|████▍     | 469/1069 [03:01<03:55,  2.55it/s][A
Train 1/30:  44%|████▍     | 472/1069 [03:02<03:48,  2.61it/s][A
Train 1/30:  44%|████▍     | 475/1069 [03:03<03:50,  2.57it/s][A
Train 1/30:  45%|████▍     | 478/1069 [03:04<03:53,  2.53it/s][A
Train 1/30:  45%|████▍     | 481/1069 [03:06<03:51,  2.54it/s][A
Train 1/30:  45%|████▌     | 484/1069 [03:07<03:48,  2.55it/s][A
Train 1/30:  46%|████▌     | 487/1069 [03:08<03:45,  2.58it/s][A
Train 1/30:  46%|████▌     | 490/1069 [03:09<03:44,  2.58it/s][A
Train 1/30:  46%|████▌     | 493/1069 [03:10<03:43,  2.58it/s][A
Train 1/30:  46%|████▋     | 496/1069 [03:11<03:40,  2.60it/s][A
Train 1/30:  47%|████▋     | 499/1069 [03:12<03:32,  2.68it/s][A
Train 1/30:  47%|████▋     | 502/1069 [03:14<03:30,  2.70it/s][A
Train 1/30:  47%|████▋     | 505/1069 [03:15<03:26,  2.73it/s][A
Train 1/30:  48%|████▊     | 508/1069 [03:16<03:25,  2.74it/s][A
Train 1/30:  48%|████▊     | 511/1069 [03:17<03:21,  2.77it/s][A
Train 1/30:  48%|████▊     | 514/1069 [03:18<03:20,  2.77it/s][A
Train 1/30:  48%|████▊     | 517/1069 [03:19<03:21,  2.74it/s][A
Train 1/30:  49%|████▊     | 520/1069 [03:20<03:17,  2.78it/s][A
Train 1/30:  49%|████▉     | 523/1069 [03:21<03:20,  2.73it/s][A
Train 1/30:  49%|████▉     | 526/1069 [03:22<03:21,  2.69it/s][A
Train 1/30:  49%|████▉     | 529/1069 [03:23<03:20,  2.69it/s][A
Train 1/30:  50%|████▉     | 532/1069 [03:25<03:21,  2.66it/s][A
Train 1/30:  50%|█████     | 535/1069 [03:26<03:20,  2.66it/s][A
Train 1/30:  50%|█████     | 538/1069 [03:27<03:17,  2.69it/s][A
Train 1/30:  51%|█████     | 541/1069 [03:28<03:15,  2.70it/s][A
Train 1/30:  51%|█████     | 544/1069 [03:29<03:20,  2.61it/s][A
Train 1/30:  51%|█████     | 547/1069 [03:30<03:21,  2.59it/s][A
Train 1/30:  51%|█████▏    | 550/1069 [03:32<03:23,  2.55it/s][A
Train 1/30:  52%|█████▏    | 553/1069 [03:33<03:28,  2.48it/s][A
Train 1/30:  52%|█████▏    | 556/1069 [03:34<03:29,  2.45it/s][A
Train 1/30:  52%|█████▏    | 559/1069 [03:35<03:29,  2.43it/s][A
Train 1/30:  53%|█████▎    | 562/1069 [03:36<03:22,  2.50it/s][A
Train 1/30:  53%|█████▎    | 565/1069 [03:38<03:22,  2.48it/s][A
Train 1/30:  53%|█████▎    | 568/1069 [03:39<03:25,  2.44it/s][A
Train 1/30:  53%|█████▎    | 571/1069 [03:40<03:22,  2.46it/s][A
Train 1/30:  54%|█████▎    | 574/1069 [03:41<03:19,  2.48it/s][A
Train 1/30:  54%|█████▍    | 577/1069 [03:43<03:21,  2.44it/s][A
Train 1/30:  54%|█████▍    | 580/1069 [03:44<03:15,  2.51it/s][A
Train 1/30:  55%|█████▍    | 583/1069 [03:45<03:21,  2.42it/s][A
Train 1/30:  55%|█████▍    | 586/1069 [03:46<03:16,  2.46it/s][A
Train 1/30:  55%|█████▌    | 589/1069 [03:47<03:06,  2.57it/s][A
Train 1/30:  55%|█████▌    | 592/1069 [03:48<03:07,  2.54it/s][A
Train 1/30:  56%|█████▌    | 595/1069 [03:50<03:09,  2.50it/s][A
Train 1/30:  56%|█████▌    | 598/1069 [03:51<03:07,  2.51it/s][A
Train 1/30:  56%|█████▌    | 601/1069 [03:52<03:04,  2.54it/s][A
Train 1/30:  57%|█████▋    | 604/1069 [03:53<02:59,  2.59it/s][A
Train 1/30:  57%|█████▋    | 607/1069 [03:54<03:02,  2.53it/s][A
Train 1/30:  57%|█████▋    | 610/1069 [03:56<03:01,  2.53it/s][A
Train 1/30:  57%|█████▋    | 613/1069 [03:57<03:06,  2.44it/s][A
Train 1/30:  58%|█████▊    | 616/1069 [03:58<03:04,  2.45it/s][A
Train 1/30:  58%|█████▊    | 619/1069 [03:59<03:01,  2.48it/s][A
Train 1/30:  58%|█████▊    | 622/1069 [04:00<02:56,  2.53it/s][A
Train 1/30:  58%|█████▊    | 625/1069 [04:02<02:56,  2.52it/s][A
Train 1/30:  59%|█████▊    | 628/1069 [04:03<02:52,  2.55it/s][A
Train 1/30:  59%|█████▉    | 631/1069 [04:04<02:51,  2.55it/s][A
Train 1/30:  59%|█████▉    | 634/1069 [04:05<02:51,  2.53it/s][A
Train 1/30:  60%|█████▉    | 637/1069 [04:06<02:52,  2.50it/s][A
Train 1/30:  60%|█████▉    | 640/1069 [04:08<02:47,  2.56it/s][A
Train 1/30:  60%|██████    | 643/1069 [04:09<02:45,  2.58it/s][A
Train 1/30:  60%|██████    | 646/1069 [04:10<02:43,  2.58it/s][A
Train 1/30:  61%|██████    | 649/1069 [04:11<02:44,  2.55it/s][A
Train 1/30:  61%|██████    | 652/1069 [04:12<02:41,  2.58it/s][A
Train 1/30:  61%|██████▏   | 655/1069 [04:13<02:38,  2.61it/s][A
Train 1/30:  62%|██████▏   | 658/1069 [04:14<02:36,  2.62it/s][A
Train 1/30:  62%|██████▏   | 661/1069 [04:16<02:37,  2.59it/s][A
Train 1/30:  62%|██████▏   | 664/1069 [04:17<02:37,  2.58it/s][A
Train 1/30:  62%|██████▏   | 667/1069 [04:18<02:34,  2.61it/s][A
Train 1/30:  63%|██████▎   | 670/1069 [04:19<02:36,  2.55it/s][A
Train 1/30:  63%|██████▎   | 673/1069 [04:20<02:32,  2.60it/s][A
Train 1/30:  63%|██████▎   | 676/1069 [04:21<02:34,  2.54it/s][A
Train 1/30:  64%|██████▎   | 679/1069 [04:23<02:32,  2.56it/s][A
Train 1/30:  64%|██████▍   | 682/1069 [04:24<02:30,  2.58it/s][A
Train 1/30:  64%|██████▍   | 685/1069 [04:25<02:29,  2.57it/s][A
Train 1/30:  64%|██████▍   | 688/1069 [04:26<02:29,  2.55it/s][A
Train 1/30:  65%|██████▍   | 691/1069 [04:27<02:29,  2.54it/s][A
Train 1/30:  65%|██████▍   | 694/1069 [04:28<02:25,  2.58it/s][A
Train 1/30:  65%|██████▌   | 697/1069 [04:30<02:21,  2.62it/s][A
Train 1/30:  65%|██████▌   | 700/1069 [04:31<02:23,  2.57it/s][A
Train 1/30:  66%|██████▌   | 703/1069 [04:32<02:20,  2.61it/s][A
Train 1/30:  66%|██████▌   | 706/1069 [04:33<02:19,  2.60it/s][A
Train 1/30:  66%|██████▋   | 709/1069 [04:34<02:18,  2.60it/s][A
Train 1/30:  67%|██████▋   | 712/1069 [04:35<02:17,  2.60it/s][A
Train 1/30:  67%|██████▋   | 715/1069 [04:36<02:15,  2.62it/s][A
Train 1/30:  67%|██████▋   | 718/1069 [04:38<02:12,  2.65it/s][A
Train 1/30:  67%|██████▋   | 721/1069 [04:39<02:14,  2.58it/s][A
Train 1/30:  68%|██████▊   | 724/1069 [04:40<02:14,  2.56it/s][A
Train 1/30:  68%|██████▊   | 727/1069 [04:41<02:13,  2.55it/s][A
Train 1/30:  68%|██████▊   | 730/1069 [04:42<02:11,  2.57it/s][A
Train 1/30:  69%|██████▊   | 733/1069 [04:43<02:09,  2.60it/s][A
Train 1/30:  69%|██████▉   | 736/1069 [04:45<02:07,  2.61it/s][A
Train 1/30:  69%|██████▉   | 739/1069 [04:46<02:07,  2.58it/s][A
Train 1/30:  69%|██████▉   | 742/1069 [04:47<02:05,  2.61it/s][A
Train 1/30:  70%|██████▉   | 745/1069 [04:48<02:05,  2.57it/s][A
Train 1/30:  70%|██████▉   | 748/1069 [04:49<02:06,  2.54it/s][A
Train 1/30:  70%|███████   | 751/1069 [04:51<02:05,  2.54it/s][A
Train 1/30:  71%|███████   | 754/1069 [04:52<01:59,  2.63it/s][A
Train 1/30:  71%|███████   | 757/1069 [04:53<02:00,  2.60it/s][A
Train 1/30:  71%|███████   | 760/1069 [04:54<02:00,  2.56it/s][A
Train 1/30:  71%|███████▏  | 763/1069 [04:55<02:00,  2.54it/s][A
Train 1/30:  72%|███████▏  | 766/1069 [04:56<02:02,  2.48it/s][A
Train 1/30:  72%|███████▏  | 769/1069 [04:58<01:58,  2.52it/s][A
Train 1/30:  72%|███████▏  | 772/1069 [04:59<01:57,  2.52it/s][A
Train 1/30:  72%|███████▏  | 775/1069 [05:00<01:56,  2.53it/s][A
Train 1/30:  73%|███████▎  | 778/1069 [05:01<01:53,  2.56it/s][A
Train 1/30:  73%|███████▎  | 781/1069 [05:02<01:51,  2.58it/s][A
Train 1/30:  73%|███████▎  | 784/1069 [05:03<01:50,  2.59it/s][A
Train 1/30:  74%|███████▎  | 787/1069 [05:05<01:53,  2.49it/s][A
Train 1/30:  74%|███████▍  | 790/1069 [05:06<01:52,  2.49it/s][A
Train 1/30:  74%|███████▍  | 793/1069 [05:07<01:49,  2.53it/s][A
Train 1/30:  74%|███████▍  | 796/1069 [05:08<01:47,  2.53it/s][A
Train 1/30:  75%|███████▍  | 799/1069 [05:09<01:44,  2.58it/s][A
Train 1/30:  75%|███████▌  | 802/1069 [05:11<01:44,  2.56it/s][A
Train 1/30:  75%|███████▌  | 805/1069 [05:12<01:43,  2.56it/s][A
Train 1/30:  76%|███████▌  | 808/1069 [05:13<01:39,  2.62it/s][A
Train 1/30:  76%|███████▌  | 811/1069 [05:14<01:38,  2.61it/s][A
Train 1/30:  76%|███████▌  | 814/1069 [05:15<01:38,  2.58it/s][A
Train 1/30:  76%|███████▋  | 817/1069 [05:16<01:36,  2.60it/s][A
Train 1/30:  77%|███████▋  | 820/1069 [05:17<01:34,  2.64it/s][A
Train 1/30:  77%|███████▋  | 823/1069 [05:18<01:30,  2.70it/s][A
Train 1/30:  77%|███████▋  | 826/1069 [05:20<01:30,  2.68it/s][A
Train 1/30:  78%|███████▊  | 829/1069 [05:21<01:28,  2.72it/s][A
Train 1/30:  78%|███████▊  | 832/1069 [05:22<01:26,  2.75it/s][A
Train 1/30:  78%|███████▊  | 835/1069 [05:23<01:24,  2.77it/s][A
Train 1/30:  78%|███████▊  | 838/1069 [05:24<01:22,  2.79it/s][A
Train 1/30:  79%|███████▊  | 841/1069 [05:25<01:21,  2.81it/s][A
Train 1/30:  79%|███████▉  | 844/1069 [05:26<01:21,  2.75it/s][A
Train 1/30:  79%|███████▉  | 847/1069 [05:27<01:23,  2.66it/s][A
Train 1/30:  80%|███████▉  | 850/1069 [05:28<01:20,  2.71it/s][A
Train 1/30:  80%|███████▉  | 853/1069 [05:29<01:21,  2.66it/s][A
Train 1/30:  80%|████████  | 856/1069 [05:31<01:20,  2.66it/s][A
Train 1/30:  80%|████████  | 859/1069 [05:32<01:18,  2.67it/s][A
Train 1/30:  81%|████████  | 862/1069 [05:33<01:18,  2.64it/s][A
Train 1/30:  81%|████████  | 865/1069 [05:34<01:16,  2.66it/s][A
Train 1/30:  81%|████████  | 868/1069 [05:35<01:16,  2.64it/s][A
Train 1/30:  81%|████████▏ | 871/1069 [05:36<01:15,  2.61it/s][A
Train 1/30:  82%|████████▏ | 874/1069 [05:38<01:16,  2.54it/s][A
Train 1/30:  82%|████████▏ | 877/1069 [05:39<01:13,  2.61it/s][A
Train 1/30:  82%|████████▏ | 880/1069 [05:40<01:12,  2.62it/s][A
Train 1/30:  83%|████████▎ | 883/1069 [05:41<01:11,  2.60it/s][A
Train 1/30:  83%|████████▎ | 886/1069 [05:42<01:10,  2.60it/s][A
Train 1/30:  83%|████████▎ | 889/1069 [05:43<01:08,  2.62it/s][A
Train 1/30:  83%|████████▎ | 892/1069 [05:44<01:08,  2.60it/s][A
Train 1/30:  84%|████████▎ | 895/1069 [05:46<01:08,  2.55it/s][A
Train 1/30:  84%|████████▍ | 898/1069 [05:47<01:04,  2.64it/s][A
Train 1/30:  84%|████████▍ | 901/1069 [05:48<01:02,  2.69it/s][A
Train 1/30:  85%|████████▍ | 904/1069 [05:49<01:01,  2.70it/s][A
Train 1/30:  85%|████████▍ | 907/1069 [05:50<01:00,  2.69it/s][A
Train 1/30:  85%|████████▌ | 910/1069 [05:51<00:59,  2.69it/s][A
Train 1/30:  85%|████████▌ | 913/1069 [05:52<00:58,  2.67it/s][A
Train 1/30:  86%|████████▌ | 916/1069 [05:53<00:59,  2.59it/s][A
Train 1/30:  86%|████████▌ | 919/1069 [05:55<01:00,  2.47it/s][A
Train 1/30:  86%|████████▌ | 922/1069 [05:56<00:58,  2.51it/s][A
Train 1/30:  87%|████████▋ | 925/1069 [05:57<00:56,  2.56it/s][A
Train 1/30:  87%|████████▋ | 928/1069 [05:58<00:54,  2.59it/s][A
Train 1/30:  87%|████████▋ | 931/1069 [05:59<00:54,  2.53it/s][A
Train 1/30:  87%|████████▋ | 934/1069 [06:01<00:54,  2.48it/s][A
Train 1/30:  88%|████████▊ | 937/1069 [06:02<00:54,  2.42it/s][A
Train 1/30:  88%|████████▊ | 940/1069 [06:03<00:52,  2.47it/s][A
Train 1/30:  88%|████████▊ | 943/1069 [06:04<00:50,  2.48it/s][A
Train 1/30:  88%|████████▊ | 946/1069 [06:06<00:48,  2.53it/s][A
Train 1/30:  89%|████████▉ | 949/1069 [06:07<00:47,  2.51it/s][A
Train 1/30:  89%|████████▉ | 952/1069 [06:08<00:45,  2.56it/s][A
Train 1/30:  89%|████████▉ | 955/1069 [06:09<00:43,  2.63it/s][A
Train 1/30:  90%|████████▉ | 958/1069 [06:10<00:43,  2.57it/s][A
Train 1/30:  90%|████████▉ | 961/1069 [06:11<00:42,  2.56it/s][A
Train 1/30:  90%|█████████ | 964/1069 [06:12<00:40,  2.57it/s][A
Train 1/30:  90%|█████████ | 967/1069 [06:14<00:38,  2.62it/s][A
Train 1/30:  91%|█████████ | 970/1069 [06:15<00:37,  2.63it/s][A
Train 1/30:  91%|█████████ | 973/1069 [06:16<00:36,  2.64it/s][A
Train 1/30:  91%|█████████▏| 976/1069 [06:17<00:35,  2.59it/s][A
Train 1/30:  92%|█████████▏| 979/1069 [06:18<00:34,  2.61it/s][A
Train 1/30:  92%|█████████▏| 982/1069 [06:19<00:32,  2.66it/s][A
Train 1/30:  92%|█████████▏| 985/1069 [06:20<00:31,  2.69it/s][A
Train 1/30:  92%|█████████▏| 988/1069 [06:21<00:30,  2.68it/s][A
Train 1/30:  93%|█████████▎| 991/1069 [06:23<00:29,  2.61it/s][A
Train 1/30:  93%|█████████▎| 994/1069 [06:24<00:28,  2.63it/s][A
Train 1/30:  93%|█████████▎| 997/1069 [06:25<00:26,  2.69it/s][A
Train 1/30:  94%|█████████▎| 1000/1069 [06:26<00:26,  2.61it/s][A
Train 1/30:  94%|█████████▍| 1003/1069 [06:27<00:25,  2.62it/s][A
Train 1/30:  94%|█████████▍| 1006/1069 [06:28<00:23,  2.65it/s][A
Train 1/30:  94%|█████████▍| 1009/1069 [06:29<00:22,  2.68it/s][A
Train 1/30:  95%|█████████▍| 1012/1069 [06:31<00:21,  2.68it/s][A
Train 1/30:  95%|█████████▍| 1015/1069 [06:32<00:20,  2.70it/s][A
Train 1/30:  95%|█████████▌| 1018/1069 [06:33<00:18,  2.72it/s][A
Train 1/30:  96%|█████████▌| 1021/1069 [06:34<00:17,  2.76it/s][A
Train 1/30:  96%|█████████▌| 1024/1069 [06:35<00:16,  2.78it/s][A
Train 1/30:  96%|█████████▌| 1027/1069 [06:36<00:15,  2.75it/s][A
Train 1/30:  96%|█████████▋| 1030/1069 [06:37<00:14,  2.71it/s][A
Train 1/30:  97%|█████████▋| 1033/1069 [06:38<00:13,  2.66it/s][A
Train 1/30:  97%|█████████▋| 1036/1069 [06:39<00:12,  2.58it/s][A
Train 1/30:  97%|█████████▋| 1039/1069 [06:41<00:11,  2.61it/s][A
Train 1/30:  97%|█████████▋| 1042/1069 [06:42<00:10,  2.68it/s][A
Train 1/30:  98%|█████████▊| 1045/1069 [06:43<00:08,  2.73it/s][A
Train 1/30:  98%|█████████▊| 1048/1069 [06:44<00:07,  2.74it/s][A
Train 1/30:  98%|█████████▊| 1051/1069 [06:45<00:06,  2.65it/s][A
Train 1/30:  99%|█████████▊| 1054/1069 [06:46<00:05,  2.61it/s][A
Train 1/30:  99%|█████████▉| 1057/1069 [06:47<00:04,  2.60it/s][A
Train 1/30:  99%|█████████▉| 1060/1069 [06:49<00:03,  2.60it/s][A
Train 1/30:  99%|█████████▉| 1063/1069 [06:50<00:02,  2.54it/s][A
Train 1/30: 100%|█████████▉| 1066/1069 [06:51<00:01,  2.56it/s][A
Train 1/30: 100%|██████████| 1069/1069 [06:52<00:00,  2.53it/s][A
                                                               [A
Val:   0%|          | 0/57 [00:00<?, ?it/s][A
Val:  19%|█▉        | 11/57 [00:01<00:04, 10.88it/s][A
Val:  40%|████      | 23/57 [00:02<00:03, 11.00it/s][A
Val:  61%|██████▏   | 35/57 [00:03<00:01, 11.04it/s][A
Val:  82%|████████▏ | 47/57 [00:04<00:00, 11.20it/s][A
                                                    [AEpochs:   0%|          | 0/30 [06:57<?, ?it/s, lat_cos=0.621, lr=2.00e-04, pstd=0.3654, train=0.055873, val=0.004686]Epoch 1 | train MSE: 0.055873 | val MSE: 0.004686 | latent_cos: 0.621 (<0.7=escaped) | pred_std: 0.3654 (>0.04=content) | train_clip_offset=4 | lr: 2.00e-04
                                                                                                                     Saved checkpoint to runs/gridworld-tok-v2/tokenizer.pt
Epochs:   0%|          | 0/30 [06:58<?, ?it/s, lat_cos=0.621, lr=2.00e-04, pstd=0.3654, train=0.055873, val=0.004686]Epochs:   3%|▎         | 1/30 [06:58<3:22:04, 418.08s/it, lat_cos=0.621, lr=2.00e-04, pstd=0.3654, train=0.055873, val=0.004686]
Train 2/30:   0%|          | 0/980 [00:00<?, ?it/s][A
Train 2/30:   0%|          | 3/980 [00:01<07:05,  2.30it/s][A
Train 2/30:   1%|          | 6/980 [00:02<06:50,  2.37it/s][A
Train 2/30:   1%|          | 9/980 [00:03<06:43,  2.41it/s][A
Train 2/30:   1%|          | 12/980 [00:04<06:30,  2.48it/s][A
Train 2/30:   2%|▏         | 15/980 [00:06<06:27,  2.49it/s][A
Train 2/30:   2%|▏         | 18/980 [00:07<06:26,  2.49it/s][A
Train 2/30:   2%|▏         | 21/980 [00:08<06:17,  2.54it/s][A
Train 2/30:   2%|▏         | 24/980 [00:09<06:15,  2.54it/s][A
Train 2/30:   3%|▎         | 27/980 [00:10<06:12,  2.56it/s][A
Train 2/30:   3%|▎         | 30/980 [00:11<06:01,  2.63it/s][A
Train 2/30:   3%|▎         | 33/980 [00:12<05:59,  2.63it/s][A
Train 2/30:   4%|▎         | 36/980 [00:14<06:04,  2.59it/s][A
Train 2/30:   4%|▍         | 39/980 [00:15<06:09,  2.55it/s][A
Train 2/30:   4%|▍         | 42/980 [00:16<06:12,  2.52it/s][A
Train 2/30:   5%|▍         | 45/980 [00:17<06:15,  2.49it/s][A
Train 2/30:   5%|▍         | 48/980 [00:19<06:07,  2.54it/s][A
Train 2/30:   5%|▌         | 51/980 [00:20<05:59,  2.59it/s][A
Train 2/30:   6%|▌         | 54/980 [00:21<05:54,  2.61it/s][A
Train 2/30:   6%|▌         | 57/980 [00:22<05:52,  2.62it/s][A
Train 2/30:   6%|▌         | 60/980 [00:23<05:55,  2.59it/s][A
Train 2/30:   6%|▋         | 63/980 [00:24<05:51,  2.61it/s][A
Train 2/30:   7%|▋         | 66/980 [00:25<05:51,  2.60it/s][A
Train 2/30:   7%|▋         | 69/980 [00:27<05:51,  2.59it/s][A
Train 2/30:   7%|▋         | 72/980 [00:28<05:57,  2.54it/s][A
Train 2/30:   8%|▊         | 75/980 [00:29<05:59,  2.52it/s][A
Train 2/30:   8%|▊         | 78/980 [00:30<05:52,  2.56it/s][A
Train 2/30:   8%|▊         | 81/980 [00:31<05:46,  2.59it/s][A
Train 2/30:   9%|▊         | 84/980 [00:32<05:51,  2.55it/s][A
Train 2/30:   9%|▉         | 87/980 [00:34<05:54,  2.52it/s][A
Train 2/30:   9%|▉         | 90/980 [00:35<05:49,  2.54it/s][A
Train 2/30:   9%|▉         | 93/980 [00:36<05:45,  2.57it/s][A
Train 2/30:  10%|▉         | 96/980 [00:37<05:43,  2.58it/s][A
Train 2/30:  10%|█         | 99/980 [00:38<05:42,  2.58it/s][A
Train 2/30:  10%|█         | 102/980 [00:39<05:43,  2.56it/s][A
Train 2/30:  11%|█         | 105/980 [00:41<05:38,  2.58it/s][A
Train 2/30:  11%|█         | 108/980 [00:42<05:41,  2.55it/s][A
Train 2/30:  11%|█▏        | 111/980 [00:43<05:46,  2.51it/s][A
Train 2/30:  12%|█▏        | 114/980 [00:44<05:53,  2.45it/s][A
Train 2/30:  12%|█▏        | 117/980 [00:46<05:47,  2.48it/s][A
Train 2/30:  12%|█▏        | 120/980 [00:47<05:43,  2.50it/s][A
Train 2/30:  13%|█▎        | 123/980 [00:48<05:38,  2.53it/s][A
Train 2/30:  13%|█▎        | 126/980 [00:49<05:33,  2.56it/s][A
Train 2/30:  13%|█▎        | 129/980 [00:50<05:39,  2.50it/s][A
Train 2/30:  13%|█▎        | 132/980 [00:51<05:34,  2.53it/s][A
Train 2/30:  14%|█▍        | 135/980 [00:53<05:37,  2.51it/s][A
Train 2/30:  14%|█▍        | 138/980 [00:54<05:42,  2.46it/s][A
Train 2/30:  14%|█▍        | 141/980 [00:55<05:39,  2.47it/s][A
Train 2/30:  15%|█▍        | 144/980 [00:56<05:39,  2.46it/s][A
Train 2/30:  15%|█▌        | 147/980 [00:58<05:41,  2.44it/s][A
Train 2/30:  15%|█▌        | 150/980 [00:59<05:41,  2.43it/s][A
Train 2/30:  16%|█▌        | 153/980 [01:00<05:32,  2.49it/s][A
Train 2/30:  16%|█▌        | 156/980 [01:01<05:24,  2.54it/s][A
Train 2/30:  16%|█▌        | 159/980 [01:02<05:28,  2.50it/s][A
Train 2/30:  17%|█▋        | 162/980 [01:03<05:17,  2.58it/s][A
Train 2/30:  17%|█▋        | 165/980 [01:05<05:17,  2.57it/s][A
Train 2/30:  17%|█▋        | 168/980 [01:06<05:15,  2.58it/s][A
Train 2/30:  17%|█▋        | 171/980 [01:07<05:23,  2.50it/s][A
Train 2/30:  18%|█▊        | 174/980 [01:08<05:16,  2.55it/s][A
Train 2/30:  18%|█▊        | 177/980 [01:09<05:14,  2.55it/s][A
Train 2/30:  18%|█▊        | 180/980 [01:10<05:07,  2.60it/s][A
Train 2/30:  19%|█▊        | 183/980 [01:12<05:07,  2.60it/s][A
Train 2/30:  19%|█▉        | 186/980 [01:13<05:11,  2.55it/s][A
Train 2/30:  19%|█▉        | 189/980 [01:14<05:13,  2.53it/s][A
Train 2/30:  20%|█▉        | 192/980 [01:15<05:17,  2.48it/s][A
Train 2/30:  20%|█▉        | 195/980 [01:16<05:13,  2.50it/s][A
Train 2/30:  20%|██        | 198/980 [01:18<05:11,  2.51it/s][A
Train 2/30:  21%|██        | 201/980 [01:19<05:09,  2.52it/s][A
Train 2/30:  21%|██        | 204/980 [01:20<05:09,  2.51it/s][A
Train 2/30:  21%|██        | 207/980 [01:21<05:09,  2.50it/s][A
Train 2/30:  21%|██▏       | 210/980 [01:22<05:07,  2.51it/s][A
Train 2/30:  22%|██▏       | 213/980 [01:24<05:09,  2.48it/s][A
Train 2/30:  22%|██▏       | 216/980 [01:25<05:02,  2.52it/s][A
Train 2/30:  22%|██▏       | 219/980 [01:26<05:03,  2.51it/s][A
Train 2/30:  23%|██▎       | 222/980 [01:27<05:00,  2.53it/s][A
Train 2/30:  23%|██▎       | 225/980 [01:28<05:04,  2.48it/s][A
Train 2/30:  23%|██▎       | 228/980 [01:30<05:06,  2.46it/s][A
Train 2/30:  24%|██▎       | 231/980 [01:31<05:03,  2.47it/s][A
Train 2/30:  24%|██▍       | 234/980 [01:32<04:59,  2.49it/s][A
Train 2/30:  24%|██▍       | 237/980 [01:33<05:00,  2.47it/s][A
Train 2/30:  24%|██▍       | 240/980 [01:34<04:46,  2.58it/s][A
Train 2/30:  25%|██▍       | 243/980 [01:36<04:47,  2.56it/s][A
Train 2/30:  25%|██▌       | 246/980 [01:37<04:49,  2.53it/s][A
Train 2/30:  25%|██▌       | 249/980 [01:38<04:49,  2.53it/s][A
Train 2/30:  26%|██▌       | 252/980 [01:39<04:51,  2.50it/s][A
Train 2/30:  26%|██▌       | 255/980 [01:40<04:55,  2.45it/s][A
Train 2/30:  26%|██▋       | 258/980 [01:42<04:56,  2.43it/s][A
Train 2/30:  27%|██▋       | 261/980 [01:43<04:46,  2.51it/s][A
Train 2/30:  27%|██▋       | 264/980 [01:44<04:48,  2.49it/s][A
Train 2/30:  27%|██▋       | 267/980 [01:45<04:46,  2.49it/s][A
Train 2/30:  28%|██▊       | 270/980 [01:46<04:46,  2.48it/s][A
Train 2/30:  28%|██▊       | 273/980 [01:48<04:43,  2.50it/s][A
Train 2/30:  28%|██▊       | 276/980 [01:49<04:36,  2.54it/s][A
Train 2/30:  28%|██▊       | 279/980 [01:50<04:27,  2.62it/s][A
Train 2/30:  29%|██▉       | 282/980 [01:51<04:25,  2.63it/s][A
Train 2/30:  29%|██▉       | 285/980 [01:52<04:26,  2.61it/s][A
Train 2/30:  29%|██▉       | 288/980 [01:53<04:22,  2.64it/s][A
Train 2/30:  30%|██▉       | 291/980 [01:55<04:28,  2.57it/s][A
Train 2/30:  30%|███       | 294/980 [01:56<04:28,  2.55it/s][A
Train 2/30:  30%|███       | 297/980 [01:57<04:23,  2.60it/s][A
Train 2/30:  31%|███       | 300/980 [01:58<04:23,  2.58it/s][A
Train 2/30:  31%|███       | 303/980 [01:59<04:20,  2.60it/s][A
Train 2/30:  31%|███       | 306/980 [02:00<04:26,  2.53it/s][A
Train 2/30:  32%|███▏      | 309/980 [02:02<04:23,  2.55it/s][A
Train 2/30:  32%|███▏      | 312/980 [02:03<04:19,  2.57it/s][A
Train 2/30:  32%|███▏      | 315/980 [02:04<04:17,  2.58it/s][A
Train 2/30:  32%|███▏      | 318/980 [02:05<04:19,  2.55it/s][A
Train 2/30:  33%|███▎      | 321/980 [02:06<04:19,  2.54it/s][A
Train 2/30:  33%|███▎      | 324/980 [02:07<04:13,  2.59it/s][A
Train 2/30:  33%|███▎      | 327/980 [02:09<04:17,  2.53it/s][A
Train 2/30:  34%|███▎      | 330/980 [02:10<04:22,  2.48it/s][A
Train 2/30:  34%|███▍      | 333/980 [02:11<04:20,  2.49it/s][A
Train 2/30:  34%|███▍      | 336/980 [02:12<04:20,  2.47it/s][A
Train 2/30:  35%|███▍      | 339/980 [02:14<04:19,  2.47it/s][A
Train 2/30:  35%|███▍      | 342/980 [02:15<04:13,  2.52it/s][A
Train 2/30:  35%|███▌      | 345/980 [02:16<04:06,  2.58it/s][A
Train 2/30:  36%|███▌      | 348/980 [02:17<04:03,  2.60it/s][A
Train 2/30:  36%|███▌      | 351/980 [02:18<03:59,  2.62it/s][A
Train 2/30:  36%|███▌      | 354/980 [02:19<03:56,  2.65it/s][A
Train 2/30:  36%|███▋      | 357/980 [02:20<03:59,  2.60it/s][A
Train 2/30:  37%|███▋      | 360/980 [02:22<04:02,  2.56it/s][A
Train 2/30:  37%|███▋      | 363/980 [02:23<04:02,  2.54it/s][A
Train 2/30:  37%|███▋      | 366/980 [02:24<04:01,  2.55it/s][A
Train 2/30:  38%|███▊      | 369/980 [02:25<04:01,  2.53it/s][A
Train 2/30:  38%|███▊      | 372/980 [02:26<04:03,  2.49it/s][A
Train 2/30:  38%|███▊      | 375/980 [02:28<04:02,  2.50it/s][A
Train 2/30:  39%|███▊      | 378/980 [02:29<03:59,  2.52it/s][A
Train 2/30:  39%|███▉      | 381/980 [02:30<03:57,  2.52it/s][A
Train 2/30:  39%|███▉      | 384/980 [02:31<03:52,  2.57it/s][A
Train 2/30:  39%|███▉      | 387/980 [02:32<03:52,  2.55it/s][A
Train 2/30:  40%|███▉      | 390/980 [02:33<03:48,  2.58it/s][A
Train 2/30:  40%|████      | 393/980 [02:34<03:47,  2.58it/s][A
Train 2/30:  40%|████      | 396/980 [02:36<03:43,  2.62it/s][A
Train 2/30:  41%|████      | 399/980 [02:37<03:42,  2.61it/s][A
Train 2/30:  41%|████      | 402/980 [02:38<03:48,  2.53it/s][A
Train 2/30:  41%|████▏     | 405/980 [02:39<03:48,  2.52it/s][A
Train 2/30:  42%|████▏     | 408/980 [02:40<03:47,  2.51it/s][A
Train 2/30:  42%|████▏     | 411/980 [02:42<03:45,  2.52it/s][A
Train 2/30:  42%|████▏     | 414/980 [02:43<03:40,  2.56it/s][A
Train 2/30:  43%|████▎     | 417/980 [02:44<03:41,  2.54it/s][A
Train 2/30:  43%|████▎     | 420/980 [02:45<03:41,  2.53it/s][A
Train 2/30:  43%|████▎     | 423/980 [02:46<03:44,  2.48it/s][A
Train 2/30:  43%|████▎     | 426/980 [02:48<03:38,  2.54it/s][A
Train 2/30:  44%|████▍     | 429/980 [02:49<03:36,  2.54it/s][A
Train 2/30:  44%|████▍     | 432/980 [02:50<03:35,  2.54it/s][A
Train 2/30:  44%|████▍     | 435/980 [02:51<03:34,  2.55it/s][A
Train 2/30:  45%|████▍     | 438/980 [02:52<03:36,  2.51it/s][A
Train 2/30:  45%|████▌     | 441/980 [02:54<03:36,  2.49it/s][A
Train 2/30:  45%|████▌     | 444/980 [02:55<03:31,  2.54it/s][A
Train 2/30:  46%|████▌     | 447/980 [02:56<03:29,  2.54it/s][A
Train 2/30:  46%|████▌     | 450/980 [02:57<03:30,  2.52it/s][A
Train 2/30:  46%|████▌     | 453/980 [02:58<03:28,  2.53it/s][A
Train 2/30:  47%|████▋     | 456/980 [02:59<03:26,  2.53it/s][A
Train 2/30:  47%|████▋     | 459/980 [03:01<03:24,  2.55it/s][A
Train 2/30:  47%|████▋     | 462/980 [03:02<03:24,  2.53it/s][A
Train 2/30:  47%|████▋     | 465/980 [03:03<03:29,  2.46it/s][A
Train 2/30:  48%|████▊     | 468/980 [03:04<03:25,  2.49it/s][A
Train 2/30:  48%|████▊     | 471/980 [03:05<03:24,  2.49it/s][A
Train 2/30:  48%|████▊     | 474/980 [03:07<03:21,  2.51it/s][A
Train 2/30:  49%|████▊     | 477/980 [03:08<03:20,  2.51it/s][A
Train 2/30:  49%|████▉     | 480/980 [03:09<03:16,  2.55it/s][A
Train 2/30:  49%|████▉     | 483/980 [03:10<03:14,  2.55it/s][A
Train 2/30:  50%|████▉     | 486/980 [03:11<03:14,  2.54it/s][A
Train 2/30:  50%|████▉     | 489/980 [03:13<03:15,  2.51it/s][A
Train 2/30:  50%|█████     | 492/980 [03:14<03:14,  2.50it/s][A
Train 2/30:  51%|█████     | 495/980 [03:15<03:16,  2.46it/s][A
Train 2/30:  51%|█████     | 498/980 [03:16<03:15,  2.46it/s][A
Train 2/30:  51%|█████     | 501/980 [03:17<03:12,  2.49it/s][A
Train 2/30:  51%|█████▏    | 504/980 [03:19<03:09,  2.51it/s][A
Train 2/30:  52%|█████▏    | 507/980 [03:20<03:08,  2.51it/s][A
Train 2/30:  52%|█████▏    | 510/980 [03:21<03:05,  2.53it/s][A
Train 2/30:  52%|█████▏    | 513/980 [03:22<03:04,  2.53it/s][A
Train 2/30:  53%|█████▎    | 516/980 [03:23<02:59,  2.58it/s][A
Train 2/30:  53%|█████▎    | 519/980 [03:24<03:00,  2.56it/s][A
Train 2/30:  53%|█████▎    | 522/980 [03:25<02:54,  2.62it/s][A
Train 2/30:  54%|█████▎    | 525/980 [03:27<02:56,  2.58it/s][A
Train 2/30:  54%|█████▍    | 528/980 [03:28<02:54,  2.59it/s][A
Train 2/30:  54%|█████▍    | 531/980 [03:29<02:53,  2.59it/s][A
Train 2/30:  54%|█████▍    | 534/980 [03:30<02:51,  2.60it/s][A
Train 2/30:  55%|█████▍    | 537/980 [03:31<02:53,  2.56it/s][A
Train 2/30:  55%|█████▌    | 541/980 [03:33<02:42,  2.69it/s][A
Train 2/30:  56%|█████▌    | 544/980 [03:34<02:42,  2.69it/s][A
Train 2/30:  56%|█████▌    | 547/980 [03:35<02:40,  2.70it/s][A
Train 2/30:  56%|█████▌    | 550/980 [03:36<02:39,  2.70it/s][A
Train 2/30:  56%|█████▋    | 553/980 [03:37<02:42,  2.63it/s][A
Train 2/30:  57%|█████▋    | 556/980 [03:39<02:46,  2.55it/s][A
Train 2/30:  57%|█████▋    | 559/980 [03:40<02:47,  2.52it/s][A
Train 2/30:  57%|█████▋    | 562/980 [03:41<02:44,  2.54it/s][A
Train 2/30:  58%|█████▊    | 565/980 [03:42<02:40,  2.58it/s][A
Train 2/30:  58%|█████▊    | 568/980 [03:43<02:50,  2.41it/s][A
Train 2/30:  58%|█████▊    | 571/980 [03:45<02:45,  2.48it/s][A
Train 2/30:  59%|█████▊    | 574/980 [03:46<02:47,  2.42it/s][A
Train 2/30:  59%|█████▉    | 577/980 [03:47<02:46,  2.43it/s][A
Train 2/30:  59%|█████▉    | 580/980 [03:48<02:42,  2.46it/s][A
Train 2/30:  59%|█████▉    | 583/980 [03:49<02:38,  2.51it/s][A
Train 2/30:  60%|█████▉    | 586/980 [03:51<02:37,  2.50it/s][A
Train 2/30:  60%|██████    | 589/980 [03:52<02:35,  2.52it/s][A
Train 2/30:  60%|██████    | 592/980 [03:53<02:34,  2.51it/s][A
Train 2/30:  61%|██████    | 595/980 [03:54<02:33,  2.51it/s][A
Train 2/30:  61%|██████    | 598/980 [03:56<02:36,  2.44it/s][A
Train 2/30:  61%|██████▏   | 601/980 [03:57<02:32,  2.48it/s][A
Train 2/30:  62%|██████▏   | 604/980 [03:58<02:30,  2.49it/s][A
Train 2/30:  62%|██████▏   | 607/980 [03:59<02:28,  2.51it/s][A
Train 2/30:  62%|██████▏   | 610/980 [04:00<02:27,  2.51it/s][A
Train 2/30:  63%|██████▎   | 613/980 [04:01<02:26,  2.51it/s][A
Train 2/30:  63%|██████▎   | 616/980 [04:03<02:26,  2.49it/s][A
Train 2/30:  63%|██████▎   | 619/980 [04:04<02:27,  2.45it/s][A
Train 2/30:  63%|██████▎   | 622/980 [04:05<02:25,  2.46it/s][A
Train 2/30:  64%|██████▍   | 625/980 [04:06<02:24,  2.46it/s][A
Train 2/30:  64%|██████▍   | 628/980 [04:07<02:19,  2.52it/s][A
Train 2/30:  64%|██████▍   | 631/980 [04:09<02:14,  2.59it/s][A
Train 2/30:  65%|██████▍   | 634/980 [04:10<02:12,  2.61it/s][A
Train 2/30:  65%|██████▌   | 637/980 [04:11<02:13,  2.57it/s][A
Train 2/30:  65%|██████▌   | 640/980 [04:12<02:14,  2.52it/s][A
Train 2/30:  66%|██████▌   | 643/980 [04:13<02:14,  2.51it/s][A
Train 2/30:  66%|██████▌   | 646/980 [04:15<02:12,  2.52it/s][A
Train 2/30:  66%|██████▌   | 649/980 [04:16<02:09,  2.55it/s][A
Train 2/30:  67%|██████▋   | 652/980 [04:17<02:08,  2.55it/s][A
Train 2/30:  67%|██████▋   | 655/980 [04:18<02:05,  2.59it/s][A
Train 2/30:  67%|██████▋   | 658/980 [04:19<02:06,  2.55it/s][A
Train 2/30:  67%|██████▋   | 661/980 [04:20<02:06,  2.52it/s][A
Train 2/30:  68%|██████▊   | 664/980 [04:22<02:04,  2.53it/s][A
Train 2/30:  68%|██████▊   | 667/980 [04:23<02:03,  2.53it/s][A
Train 2/30:  68%|██████▊   | 670/980 [04:24<02:00,  2.57it/s][A
Train 2/30:  69%|██████▊   | 673/980 [04:25<02:02,  2.51it/s][A
Train 2/30:  69%|██████▉   | 676/980 [04:26<02:03,  2.47it/s][A
Train 2/30:  69%|██████▉   | 679/980 [04:28<02:00,  2.51it/s][A
Train 2/30:  70%|██████▉   | 682/980 [04:29<01:58,  2.52it/s][A
Train 2/30:  70%|██████▉   | 685/980 [04:30<02:00,  2.45it/s][A
Train 2/30:  70%|███████   | 688/980 [04:31<01:57,  2.48it/s][A
Train 2/30:  71%|███████   | 691/980 [04:32<01:57,  2.46it/s][A
Train 2/30:  71%|███████   | 694/980 [04:34<01:54,  2.49it/s][A
Train 2/30:  71%|███████   | 697/980 [04:35<01:53,  2.50it/s][A
Train 2/30:  71%|███████▏  | 700/980 [04:36<01:51,  2.51it/s][A
Train 2/30:  72%|███████▏  | 703/980 [04:37<01:51,  2.50it/s][A
Train 2/30:  72%|███████▏  | 706/980 [04:38<01:49,  2.51it/s][A
Train 2/30:  72%|███████▏  | 709/980 [04:40<01:48,  2.49it/s][A
Train 2/30:  73%|███████▎  | 712/980 [04:41<01:44,  2.56it/s][A
Train 2/30:  73%|███████▎  | 715/980 [04:42<01:45,  2.51it/s][A
Train 2/30:  73%|███████▎  | 718/980 [04:43<01:44,  2.52it/s][A
Train 2/30:  74%|███████▎  | 721/980 [04:44<01:41,  2.56it/s][A
Train 2/30:  74%|███████▍  | 724/980 [04:45<01:38,  2.60it/s][A
Train 2/30:  74%|███████▍  | 727/980 [04:47<01:37,  2.60it/s][A
Train 2/30:  74%|███████▍  | 730/980 [04:48<01:38,  2.53it/s][A
Train 2/30:  75%|███████▍  | 733/980 [04:49<01:35,  2.57it/s][A
Train 2/30:  75%|███████▌  | 736/980 [04:50<01:33,  2.61it/s][A
Train 2/30:  75%|███████▌  | 739/980 [04:51<01:32,  2.60it/s][A
Train 2/30:  76%|███████▌  | 742/980 [04:52<01:34,  2.52it/s][A
Train 2/30:  76%|███████▌  | 745/980 [04:54<01:30,  2.60it/s][A
Train 2/30:  76%|███████▋  | 748/980 [04:55<01:28,  2.61it/s][A
Train 2/30:  77%|███████▋  | 751/980 [04:56<01:25,  2.68it/s][A
Train 2/30:  77%|███████▋  | 754/980 [04:57<01:25,  2.64it/s][A
Train 2/30:  77%|███████▋  | 757/980 [04:58<01:24,  2.63it/s][A
Train 2/30:  78%|███████▊  | 760/980 [04:59<01:25,  2.57it/s][A
Train 2/30:  78%|███████▊  | 763/980 [05:00<01:23,  2.60it/s][A
Train 2/30:  78%|███████▊  | 766/980 [05:02<01:22,  2.58it/s][A
Train 2/30:  78%|███████▊  | 769/980 [05:03<01:22,  2.55it/s][A
Train 2/30:  79%|███████▉  | 772/980 [05:04<01:23,  2.48it/s][A
Train 2/30:  79%|███████▉  | 775/980 [05:05<01:21,  2.52it/s][A
Train 2/30:  79%|███████▉  | 778/980 [05:06<01:19,  2.53it/s][A
Train 2/30:  80%|███████▉  | 781/980 [05:08<01:19,  2.51it/s][A
Train 2/30:  80%|████████  | 784/980 [05:09<01:20,  2.44it/s][A
Train 2/30:  80%|████████  | 787/980 [05:10<01:18,  2.46it/s][A
Train 2/30:  81%|████████  | 790/980 [05:11<01:18,  2.42it/s][A
Train 2/30:  81%|████████  | 793/980 [05:13<01:15,  2.47it/s][A
Train 2/30:  81%|████████  | 796/980 [05:14<01:14,  2.47it/s][A
Train 2/30:  82%|████████▏ | 799/980 [05:15<01:12,  2.49it/s][A
Train 2/30:  82%|████████▏ | 802/980 [05:16<01:11,  2.49it/s][A
Train 2/30:  82%|████████▏ | 805/980 [05:17<01:10,  2.49it/s][A
Train 2/30:  82%|████████▏ | 808/980 [05:19<01:07,  2.53it/s][A
Train 2/30:  83%|████████▎ | 811/980 [05:20<01:07,  2.51it/s][A
Train 2/30:  83%|████████▎ | 814/980 [05:21<01:04,  2.56it/s][A
Train 2/30:  83%|████████▎ | 817/980 [05:22<01:03,  2.55it/s][A
Train 2/30:  84%|████████▎ | 820/980 [05:23<01:05,  2.45it/s][A
Train 2/30:  84%|████████▍ | 823/980 [05:24<01:02,  2.52it/s][A
Train 2/30:  84%|████████▍ | 826/980 [05:26<01:01,  2.52it/s][A
Train 2/30:  85%|████████▍ | 829/980 [05:27<00:59,  2.52it/s][A
Train 2/30:  85%|████████▍ | 832/980 [05:28<00:59,  2.47it/s][A
Train 2/30:  85%|████████▌ | 835/980 [05:29<00:57,  2.52it/s][A
Train 2/30:  86%|████████▌ | 838/980 [05:30<00:56,  2.52it/s][A
Train 2/30:  86%|████████▌ | 841/980 [05:32<00:54,  2.54it/s][A
Train 2/30:  86%|████████▌ | 844/980 [05:33<00:53,  2.57it/s][A
Train 2/30:  86%|████████▋ | 847/980 [05:34<00:52,  2.51it/s][A
Train 2/30:  87%|████████▋ | 850/980 [05:35<00:49,  2.60it/s][A
Train 2/30:  87%|████████▋ | 853/980 [05:36<00:48,  2.64it/s][A
Train 2/30:  87%|████████▋ | 856/980 [05:37<00:46,  2.67it/s][A
Train 2/30:  88%|████████▊ | 859/980 [05:38<00:46,  2.61it/s][A
Train 2/30:  88%|████████▊ | 862/980 [05:40<00:47,  2.50it/s][A
Train 2/30:  88%|████████▊ | 865/980 [05:41<00:46,  2.47it/s][A
Train 2/30:  89%|████████▊ | 868/980 [05:42<00:45,  2.44it/s][A
Train 2/30:  89%|████████▉ | 871/980 [05:44<00:44,  2.43it/s][A
Train 2/30:  89%|████████▉ | 874/980 [05:45<00:43,  2.45it/s][A
Train 2/30:  89%|████████▉ | 877/980 [05:46<00:41,  2.48it/s][A
Train 2/30:  90%|████████▉ | 880/980 [05:47<00:41,  2.43it/s][A
Train 2/30:  90%|█████████ | 883/980 [05:48<00:40,  2.42it/s][A
Train 2/30:  90%|█████████ | 886/980 [05:50<00:38,  2.42it/s][A
Train 2/30:  91%|█████████ | 889/980 [05:51<00:37,  2.41it/s][A
Train 2/30:  91%|█████████ | 892/980 [05:52<00:36,  2.44it/s][A
Train 2/30:  91%|█████████▏| 895/980 [05:53<00:34,  2.48it/s][A
Train 2/30:  92%|█████████▏| 898/980 [05:54<00:32,  2.54it/s][A
Train 2/30:  92%|█████████▏| 901/980 [05:56<00:32,  2.46it/s][A
Train 2/30:  92%|█████████▏| 904/980 [05:57<00:31,  2.45it/s][A
Train 2/30:  93%|█████████▎| 907/980 [05:58<00:29,  2.48it/s][A
Train 2/30:  93%|█████████▎| 910/980 [05:59<00:27,  2.54it/s][A
Train 2/30:  93%|█████████▎| 913/980 [06:00<00:26,  2.54it/s][A
Train 2/30:  93%|█████████▎| 916/980 [06:02<00:25,  2.56it/s][A
Train 2/30:  94%|█████████▍| 919/980 [06:03<00:24,  2.48it/s][A
Train 2/30:  94%|█████████▍| 922/980 [06:04<00:23,  2.43it/s][A
Train 2/30:  94%|█████████▍| 925/980 [06:05<00:22,  2.44it/s][A
Train 2/30:  95%|█████████▍| 928/980 [06:07<00:21,  2.46it/s][A
Train 2/30:  95%|█████████▌| 931/980 [06:08<00:19,  2.52it/s][A
Train 2/30:  95%|█████████▌| 934/980 [06:09<00:17,  2.60it/s][A
Train 2/30:  96%|█████████▌| 937/980 [06:10<00:16,  2.58it/s][A
Train 2/30:  96%|█████████▌| 940/980 [06:11<00:15,  2.53it/s][A
Train 2/30:  96%|█████████▌| 943/980 [06:12<00:14,  2.52it/s][A
Train 2/30:  97%|█████████▋| 946/980 [06:14<00:13,  2.52it/s][A
Train 2/30:  97%|█████████▋| 949/980 [06:15<00:12,  2.49it/s][A
Train 2/30:  97%|█████████▋| 952/980 [06:16<00:11,  2.48it/s][A
Train 2/30:  97%|█████████▋| 955/980 [06:17<00:09,  2.52it/s][A
Train 2/30:  98%|█████████▊| 958/980 [06:18<00:08,  2.50it/s][A
Train 2/30:  98%|█████████▊| 961/980 [06:20<00:07,  2.49it/s][A
Train 2/30:  98%|█████████▊| 964/980 [06:21<00:06,  2.45it/s][A
Train 2/30:  99%|█████████▊| 967/980 [06:22<00:05,  2.48it/s][A
Train 2/30:  99%|█████████▉| 970/980 [06:23<00:03,  2.51it/s][A
Train 2/30:  99%|█████████▉| 973/980 [06:24<00:02,  2.50it/s][A
Train 2/30: 100%|█████████▉| 976/980 [06:26<00:01,  2.41it/s][A
Train 2/30: 100%|█████████▉| 979/980 [06:27<00:00,  2.50it/s][A
                                                             [A
Val:   0%|          | 0/57 [00:00<?, ?it/s][A
Val:  19%|█▉        | 11/57 [00:01<00:04, 10.26it/s][A
Val:  39%|███▊      | 22/57 [00:02<00:03, 10.22it/s][A
Val:  60%|█████▉    | 34/57 [00:03<00:02, 10.50it/s][A
Val:  81%|████████  | 46/57 [00:04<00:01, 10.67it/s][A
                                                    [AEpochs:   3%|▎         | 1/30 [13:31<3:22:04, 418.08s/it, lat_cos=0.597, lr=3.00e-04, pstd=0.3644, train=0.006145, val=0.003996]Epoch 2 | train MSE: 0.006145 | val MSE: 0.003996 | latent_cos: 0.597 (<0.7=escaped) | pred_std: 0.3644 (>0.04=content) | train_clip_offset=16 | lr: 3.00e-04
                                                                                                                                Saved checkpoint to runs/gridworld-tok-v2/tokenizer.pt
Epochs:   3%|▎         | 1/30 [13:31<3:22:04, 418.08s/it, lat_cos=0.597, lr=3.00e-04, pstd=0.3644, train=0.006145, val=0.003996]Epochs:   7%|▋         | 2/30 [13:31<3:08:19, 403.57s/it, lat_cos=0.597, lr=3.00e-04, pstd=0.3644, train=0.006145, val=0.003996]
Train 3/30:   0%|          | 0/1069 [00:00<?, ?it/s][A
Train 3/30:   0%|          | 3/1069 [00:01<07:32,  2.35it/s][A
Train 3/30:   1%|          | 6/1069 [00:02<07:06,  2.49it/s][A
Train 3/30:   1%|          | 9/1069 [00:03<07:03,  2.50it/s][A
Train 3/30:   1%|          | 12/1069 [00:04<06:59,  2.52it/s][A
Train 3/30:   1%|▏         | 15/1069 [00:05<06:52,  2.55it/s][A
Train 3/30:   2%|▏         | 18/1069 [00:07<06:46,  2.58it/s][A
Train 3/30:   2%|▏         | 21/1069 [00:08<06:44,  2.59it/s][A
Train 3/30:   2%|▏         | 24/1069 [00:09<06:48,  2.56it/s][A
Train 3/30:   3%|▎         | 27/1069 [00:10<06:47,  2.56it/s][A
Train 3/30:   3%|▎         | 30/1069 [00:11<06:45,  2.56it/s][A
Train 3/30:   3%|▎         | 33/1069 [00:12<06:48,  2.54it/s][A
Train 3/30:   3%|▎         | 36/1069 [00:14<06:48,  2.53it/s][A
Train 3/30:   4%|▎         | 39/1069 [00:15<06:41,  2.57it/s][A
Train 3/30:   4%|▍         | 42/1069 [00:16<06:39,  2.57it/s][A
Train 3/30:   4%|▍         | 45/1069 [00:17<06:44,  2.53it/s][A
Train 3/30:   4%|▍         | 48/1069 [00:18<06:48,  2.50it/s][A
Train 3/30:   5%|▍         | 51/1069 [00:20<06:39,  2.55it/s][A
Train 3/30:   5%|▌         | 54/1069 [00:21<06:37,  2.55it/s][A
Train 3/30:   5%|▌         | 57/1069 [00:22<06:43,  2.51it/s][A
Train 3/30:   6%|▌         | 60/1069 [00:23<06:35,  2.55it/s][A
Train 3/30:   6%|▌         | 63/1069 [00:24<06:33,  2.55it/s][A
Train 3/30:   6%|▌         | 66/1069 [00:25<06:37,  2.52it/s][A
Train 3/30:   6%|▋         | 69/1069 [00:27<06:45,  2.47it/s][A
Train 3/30:   7%|▋         | 72/1069 [00:28<06:41,  2.48it/s][A
Train 3/30:   7%|▋         | 75/1069 [00:29<06:36,  2.51it/s][A
Train 3/30:   7%|▋         | 78/1069 [00:30<06:44,  2.45it/s][A
Train 3/30:   8%|▊         | 81/1069 [00:32<06:41,  2.46it/s][A
Train 3/30:   8%|▊         | 84/1069 [00:33<06:33,  2.50it/s][A
Train 3/30:   8%|▊         | 87/1069 [00:34<06:31,  2.51it/s][A
Train 3/30:   8%|▊         | 90/1069 [00:35<06:24,  2.54it/s][A
Train 3/30:   9%|▊         | 93/1069 [00:36<06:19,  2.57it/s][A
Train 3/30:   9%|▉         | 96/1069 [00:37<06:23,  2.54it/s][A
Train 3/30:   9%|▉         | 99/1069 [00:39<06:13,  2.60it/s][A
Train 3/30:  10%|▉         | 102/1069 [00:40<06:11,  2.60it/s][A
Train 3/30:  10%|▉         | 105/1069 [00:41<06:08,  2.62it/s][A
Train 3/30:  10%|█         | 108/1069 [00:42<06:04,  2.64it/s][A
Train 3/30:  10%|█         | 111/1069 [00:43<06:00,  2.66it/s][A
Train 3/30:  11%|█         | 114/1069 [00:44<06:05,  2.61it/s][A
Train 3/30:  11%|█         | 117/1069 [00:45<06:00,  2.64it/s][A
Train 3/30:  11%|█         | 120/1069 [00:47<06:04,  2.60it/s][A
Train 3/30:  12%|█▏        | 123/1069 [00:48<06:04,  2.59it/s][A
Train 3/30:  12%|█▏        | 126/1069 [00:49<06:01,  2.61it/s][A
Train 3/30:  12%|█▏        | 129/1069 [00:50<05:58,  2.62it/s][A
Train 3/30:  12%|█▏        | 132/1069 [00:51<05:58,  2.61it/s][A
Train 3/30:  13%|█▎        | 135/1069 [00:52<05:59,  2.60it/s][A
Train 3/30:  13%|█▎        | 138/1069 [00:53<05:56,  2.61it/s][A
Train 3/30:  13%|█▎        | 141/1069 [00:55<06:01,  2.56it/s][A
Train 3/30:  13%|█▎        | 144/1069 [00:56<06:07,  2.52it/s][A
Train 3/30:  14%|█▍        | 147/1069 [00:57<06:08,  2.50it/s][A
Train 3/30:  14%|█▍        | 150/1069 [00:58<06:10,  2.48it/s][A
Train 3/30:  14%|█▍        | 153/1069 [00:59<06:01,  2.53it/s][A
Train 3/30:  15%|█▍        | 156/1069 [01:01<05:53,  2.59it/s][A
Train 3/30:  15%|█▍        | 159/1069 [01:02<05:57,  2.55it/s][A
Train 3/30:  15%|█▌        | 162/1069 [01:03<05:53,  2.57it/s][A
Train 3/30:  15%|█▌        | 165/1069 [01:04<05:54,  2.55it/s][A
Train 3/30:  16%|█▌        | 168/1069 [01:05<05:57,  2.52it/s][A
Train 3/30:  16%|█▌        | 171/1069 [01:07<05:54,  2.53it/s][A
Train 3/30:  16%|█▋        | 174/1069 [01:08<05:57,  2.50it/s][A
Train 3/30:  17%|█▋        | 177/1069 [01:09<05:55,  2.51it/s][A
Train 3/30:  17%|█▋        | 180/1069 [01:10<05:54,  2.51it/s][A
Train 3/30:  17%|█▋        | 183/1069 [01:11<05:49,  2.53it/s][A
Train 3/30:  17%|█▋        | 186/1069 [01:13<05:51,  2.51it/s][A
Train 3/30:  18%|█▊        | 189/1069 [01:14<05:39,  2.59it/s][A
Train 3/30:  18%|█▊        | 192/1069 [01:15<05:55,  2.47it/s][A
Train 3/30:  18%|█▊        | 195/1069 [01:16<05:54,  2.47it/s][A
Train 3/30:  19%|█▊        | 198/1069 [01:17<05:59,  2.42it/s][A
Train 3/30:  19%|█▉        | 201/1069 [01:19<05:59,  2.42it/s][A
Train 3/30:  19%|█▉        | 204/1069 [01:20<06:00,  2.40it/s][A
Train 3/30:  19%|█▉        | 207/1069 [01:21<05:49,  2.47it/s][A
Train 3/30:  20%|█▉        | 210/1069 [01:22<05:43,  2.50it/s][A
Train 3/30:  20%|█▉        | 213/1069 [01:23<05:34,  2.56it/s][A
Train 3/30:  20%|██        | 216/1069 [01:25<05:37,  2.53it/s][A
Train 3/30:  20%|██        | 219/1069 [01:26<05:36,  2.53it/s][A
Train 3/30:  21%|██        | 222/1069 [01:27<05:28,  2.58it/s][A
Train 3/30:  21%|██        | 225/1069 [01:28<05:25,  2.59it/s][A
Train 3/30:  21%|██▏       | 228/1069 [01:29<05:31,  2.53it/s][A
Train 3/30:  22%|██▏       | 231/1069 [01:30<05:28,  2.55it/s][A
Train 3/30:  22%|██▏       | 234/1069 [01:32<05:31,  2.52it/s][A
Train 3/30:  22%|██▏       | 237/1069 [01:33<05:29,  2.52it/s][A
Train 3/30:  22%|██▏       | 240/1069 [01:34<05:32,  2.49it/s][A
Train 3/30:  23%|██▎       | 243/1069 [01:35<05:27,  2.52it/s][A
Train 3/30:  23%|██▎       | 246/1069 [01:36<05:29,  2.50it/s][A
Train 3/30:  23%|██▎       | 249/1069 [01:38<05:26,  2.51it/s][A
Train 3/30:  24%|██▎       | 252/1069 [01:39<05:21,  2.54it/s][A
Train 3/30:  24%|██▍       | 255/1069 [01:40<05:19,  2.55it/s][A
Train 3/30:  24%|██▍       | 258/1069 [01:41<05:11,  2.60it/s][A
Train 3/30:  24%|██▍       | 261/1069 [01:42<05:15,  2.56it/s][A
Train 3/30:  25%|██▍       | 264/1069 [01:43<05:11,  2.59it/s][A
Train 3/30:  25%|██▍       | 267/1069 [01:45<05:04,  2.63it/s][A
Train 3/30:  25%|██▌       | 270/1069 [01:46<05:07,  2.60it/s][A
Train 3/30:  26%|██▌       | 273/1069 [01:47<05:07,  2.59it/s][A
Train 3/30:  26%|██▌       | 276/1069 [01:48<05:06,  2.58it/s][A
Train 3/30:  26%|██▌       | 279/1069 [01:49<05:06,  2.58it/s][A
Train 3/30:  26%|██▋       | 282/1069 [01:51<05:17,  2.48it/s][A
Train 3/30:  27%|██▋       | 285/1069 [01:52<05:12,  2.51it/s][A
Train 3/30:  27%|██▋       | 288/1069 [01:53<05:10,  2.52it/s][A
Train 3/30:  27%|██▋       | 291/1069 [01:54<05:11,  2.50it/s][A
Train 3/30:  28%|██▊       | 294/1069 [01:55<05:02,  2.56it/s][A
Train 3/30:  28%|██▊       | 297/1069 [01:56<05:04,  2.54it/s][A
Train 3/30:  28%|██▊       | 300/1069 [01:58<04:59,  2.57it/s][A
Train 3/30:  28%|██▊       | 303/1069 [01:59<04:59,  2.56it/s][A
Train 3/30:  29%|██▊       | 306/1069 [02:00<04:50,  2.62it/s][A
Train 3/30:  29%|██▉       | 309/1069 [02:01<04:50,  2.62it/s][A
Train 3/30:  29%|██▉       | 312/1069 [02:02<04:56,  2.55it/s][A
Train 3/30:  29%|██▉       | 315/1069 [02:03<04:51,  2.58it/s][A
Train 3/30:  30%|██▉       | 318/1069 [02:05<05:04,  2.47it/s][A
Train 3/30:  30%|███       | 321/1069 [02:06<05:01,  2.48it/s][A
Train 3/30:  30%|███       | 324/1069 [02:07<05:09,  2.41it/s][A
Train 3/30:  31%|███       | 327/1069 [02:08<04:53,  2.53it/s][A
Train 3/30:  31%|███       | 330/1069 [02:09<04:49,  2.55it/s][A
Train 3/30:  31%|███       | 333/1069 [02:11<04:50,  2.53it/s][A
Train 3/30:  31%|███▏      | 336/1069 [02:12<04:44,  2.58it/s][A
Train 3/30:  32%|███▏      | 339/1069 [02:13<04:40,  2.60it/s][A
Train 3/30:  32%|███▏      | 342/1069 [02:14<04:37,  2.62it/s][A
Train 3/30:  32%|███▏      | 345/1069 [02:15<04:42,  2.56it/s][A
Train 3/30:  33%|███▎      | 348/1069 [02:16<04:41,  2.56it/s][A
Train 3/30:  33%|███▎      | 351/1069 [02:18<04:41,  2.55it/s][A
Train 3/30:  33%|███▎      | 354/1069 [02:19<04:43,  2.53it/s][A
Train 3/30:  33%|███▎      | 357/1069 [02:20<04:45,  2.49it/s][A
Train 3/30:  34%|███▎      | 360/1069 [02:21<04:39,  2.54it/s][A
Train 3/30:  34%|███▍      | 363/1069 [02:22<04:34,  2.57it/s][A
Train 3/30:  34%|███▍      | 366/1069 [02:23<04:34,  2.56it/s][A
Train 3/30:  35%|███▍      | 369/1069 [02:25<04:34,  2.55it/s][A
Train 3/30:  35%|███▍      | 372/1069 [02:26<04:35,  2.53it/s][A
Train 3/30:  35%|███▌      | 375/1069 [02:27<04:34,  2.52it/s][A
Train 3/30:  35%|███▌      | 378/1069 [02:28<04:27,  2.58it/s][A
Train 3/30:  36%|███▌      | 381/1069 [02:29<04:23,  2.61it/s][A
Train 3/30:  36%|███▌      | 384/1069 [02:30<04:20,  2.63it/s][A
Train 3/30:  36%|███▌      | 387/1069 [02:32<04:27,  2.55it/s][A
Train 3/30:  36%|███▋      | 390/1069 [02:33<04:24,  2.57it/s][A
Train 3/30:  37%|███▋      | 393/1069 [02:34<04:25,  2.55it/s][A
Train 3/30:  37%|███▋      | 396/1069 [02:35<04:21,  2.57it/s][A
Train 3/30:  37%|███▋      | 399/1069 [02:36<04:19,  2.58it/s][A
Train 3/30:  38%|███▊      | 402/1069 [02:38<04:26,  2.51it/s][A
Train 3/30:  38%|███▊      | 405/1069 [02:39<04:26,  2.49it/s][A
Train 3/30:  38%|███▊      | 408/1069 [02:40<04:27,  2.47it/s][A
Train 3/30:  38%|███▊      | 411/1069 [02:41<04:28,  2.45it/s][A
Train 3/30:  39%|███▊      | 414/1069 [02:43<04:29,  2.43it/s][A
Train 3/30:  39%|███▉      | 417/1069 [02:44<04:25,  2.46it/s][A
Train 3/30:  39%|███▉      | 420/1069 [02:45<04:20,  2.49it/s][A
Train 3/30:  40%|███▉      | 423/1069 [02:46<04:18,  2.50it/s][A
Train 3/30:  40%|███▉      | 426/1069 [02:47<04:14,  2.53it/s][A
Train 3/30:  40%|████      | 429/1069 [02:48<04:15,  2.51it/s][A
Train 3/30:  40%|████      | 432/1069 [02:50<04:17,  2.47it/s][A
Train 3/30:  41%|████      | 435/1069 [02:51<04:16,  2.47it/s][A
Train 3/30:  41%|████      | 438/1069 [02:52<04:08,  2.54it/s][A
Train 3/30:  41%|████▏     | 441/1069 [02:53<04:11,  2.50it/s][A
Train 3/30:  42%|████▏     | 444/1069 [02:54<04:05,  2.54it/s][A
Train 3/30:  42%|████▏     | 447/1069 [02:56<04:05,  2.53it/s][A
Train 3/30:  42%|████▏     | 450/1069 [02:57<04:07,  2.51it/s][A
Train 3/30:  42%|████▏     | 453/1069 [02:58<04:01,  2.56it/s][A
Train 3/30:  43%|████▎     | 456/1069 [02:59<04:00,  2.55it/s][A
Train 3/30:  43%|████▎     | 459/1069 [03:00<04:02,  2.52it/s][A
Train 3/30:  43%|████▎     | 462/1069 [03:01<03:55,  2.58it/s][A
Train 3/30:  43%|████▎     | 465/1069 [03:03<03:55,  2.56it/s][A
Train 3/30:  44%|████▍     | 468/1069 [03:04<03:57,  2.53it/s][A
Train 3/30:  44%|████▍     | 471/1069 [03:05<03:54,  2.55it/s][A
Train 3/30:  44%|████▍     | 474/1069 [03:06<03:51,  2.57it/s][A
Train 3/30:  45%|████▍     | 477/1069 [03:07<03:47,  2.60it/s][A
Train 3/30:  45%|████▍     | 480/1069 [03:08<03:46,  2.60it/s][A
Train 3/30:  45%|████▌     | 483/1069 [03:10<03:49,  2.55it/s][A
Train 3/30:  45%|████▌     | 486/1069 [03:11<03:52,  2.50it/s][A
Train 3/30:  46%|████▌     | 489/1069 [03:12<03:54,  2.47it/s][A
Train 3/30:  46%|████▌     | 492/1069 [03:13<03:52,  2.48it/s][A
Train 3/30:  46%|████▋     | 495/1069 [03:15<03:50,  2.49it/s][A
Train 3/30:  47%|████▋     | 498/1069 [03:16<03:46,  2.52it/s][A
Train 3/30:  47%|████▋     | 501/1069 [03:17<03:41,  2.56it/s][A
Train 3/30:  47%|████▋     | 504/1069 [03:18<03:41,  2.55it/s][A
Train 3/30:  47%|████▋     | 507/1069 [03:19<03:45,  2.49it/s][A
Train 3/30:  48%|████▊     | 510/1069 [03:21<03:46,  2.47it/s][A
Train 3/30:  48%|████▊     | 513/1069 [03:22<03:38,  2.55it/s][A
Train 3/30:  48%|████▊     | 516/1069 [03:23<03:35,  2.56it/s][A
Train 3/30:  49%|████▊     | 519/1069 [03:24<03:37,  2.53it/s][A
Train 3/30:  49%|████▉     | 522/1069 [03:25<03:35,  2.54it/s][A
Train 3/30:  49%|████▉     | 525/1069 [03:26<03:33,  2.55it/s][A
Train 3/30:  49%|████▉     | 528/1069 [03:28<03:38,  2.47it/s][A
Train 3/30:  50%|████▉     | 531/1069 [03:29<03:34,  2.51it/s][A
Train 3/30:  50%|████▉     | 534/1069 [03:30<03:28,  2.57it/s][A
Train 3/30:  50%|█████     | 537/1069 [03:31<03:20,  2.65it/s][A
Train 3/30:  51%|█████     | 540/1069 [03:32<03:21,  2.62it/s][A
Train 3/30:  51%|█████     | 543/1069 [03:33<03:19,  2.63it/s][A
Train 3/30:  51%|█████     | 546/1069 [03:34<03:15,  2.67it/s][A
Train 3/30:  51%|█████▏    | 549/1069 [03:35<03:14,  2.67it/s][A
Train 3/30:  52%|█████▏    | 552/1069 [03:37<03:15,  2.64it/s][A
Train 3/30:  52%|█████▏    | 555/1069 [03:38<03:13,  2.65it/s][A
Train 3/30:  52%|█████▏    | 558/1069 [03:39<03:16,  2.61it/s][A
Train 3/30:  52%|█████▏    | 561/1069 [03:40<03:18,  2.56it/s][A
Train 3/30:  53%|█████▎    | 564/1069 [03:41<03:16,  2.57it/s][A
Train 3/30:  53%|█████▎    | 567/1069 [03:43<03:16,  2.55it/s][A
Train 3/30:  53%|█████▎    | 570/1069 [03:44<03:14,  2.56it/s][A
Train 3/30:  54%|█████▎    | 573/1069 [03:45<03:13,  2.57it/s][A
Train 3/30:  54%|█████▍    | 576/1069 [03:46<03:09,  2.60it/s][A
Train 3/30:  54%|█████▍    | 579/1069 [03:47<03:06,  2.62it/s][A
Train 3/30:  54%|█████▍    | 582/1069 [03:48<03:05,  2.63it/s][A
Train 3/30:  55%|█████▍    | 585/1069 [03:49<03:07,  2.58it/s][A
Train 3/30:  55%|█████▌    | 588/1069 [03:51<03:05,  2.59it/s][A
Train 3/30:  55%|█████▌    | 591/1069 [03:52<03:03,  2.60it/s][A
Train 3/30:  56%|█████▌    | 594/1069 [03:53<03:03,  2.59it/s][A
Train 3/30:  56%|█████▌    | 597/1069 [03:54<03:03,  2.58it/s][A
Train 3/30:  56%|█████▌    | 600/1069 [03:55<03:07,  2.50it/s][A
Train 3/30:  56%|█████▋    | 603/1069 [03:57<03:07,  2.48it/s][A
Train 3/30:  57%|█████▋    | 606/1069 [03:58<03:05,  2.49it/s][A
Train 3/30:  57%|█████▋    | 609/1069 [03:59<03:04,  2.49it/s][A
Train 3/30:  57%|█████▋    | 612/1069 [04:00<03:01,  2.51it/s][A
Train 3/30:  58%|█████▊    | 615/1069 [04:01<03:03,  2.48it/s][A
Train 3/30:  58%|█████▊    | 618/1069 [04:03<03:02,  2.47it/s][A
Train 3/30:  58%|█████▊    | 621/1069 [04:04<03:00,  2.48it/s][A
Train 3/30:  58%|█████▊    | 624/1069 [04:05<02:59,  2.48it/s][A
Train 3/30:  59%|█████▊    | 627/1069 [04:06<02:59,  2.46it/s][A
Train 3/30:  59%|█████▉    | 630/1069 [04:08<02:59,  2.44it/s][A
Train 3/30:  59%|█████▉    | 633/1069 [04:09<02:59,  2.43it/s][A
Train 3/30:  59%|█████▉    | 636/1069 [04:10<02:54,  2.49it/s][A
Train 3/30:  60%|█████▉    | 639/1069 [04:11<02:46,  2.58it/s][A
Train 3/30:  60%|██████    | 642/1069 [04:12<02:44,  2.59it/s][A
Train 3/30:  60%|██████    | 645/1069 [04:13<02:46,  2.55it/s][A
Train 3/30:  61%|██████    | 648/1069 [04:15<02:46,  2.53it/s][A
Train 3/30:  61%|██████    | 651/1069 [04:16<02:43,  2.55it/s][A
Train 3/30:  61%|██████    | 654/1069 [04:17<02:46,  2.49it/s][A
Train 3/30:  61%|██████▏   | 657/1069 [04:18<02:47,  2.46it/s][A
Train 3/30:  62%|██████▏   | 660/1069 [04:19<02:44,  2.49it/s][A
Train 3/30:  62%|██████▏   | 663/1069 [04:21<02:42,  2.50it/s][A
Train 3/30:  62%|██████▏   | 666/1069 [04:22<02:39,  2.53it/s][A
Train 3/30:  63%|██████▎   | 669/1069 [04:23<02:33,  2.60it/s][A
Train 3/30:  63%|██████▎   | 672/1069 [04:24<02:33,  2.59it/s][A
Train 3/30:  63%|██████▎   | 675/1069 [04:25<02:35,  2.53it/s][A
Train 3/30:  63%|██████▎   | 678/1069 [04:26<02:34,  2.52it/s][A
Train 3/30:  64%|██████▎   | 681/1069 [04:28<02:34,  2.51it/s][A
Train 3/30:  64%|██████▍   | 684/1069 [04:29<02:28,  2.59it/s][A
Train 3/30:  64%|██████▍   | 687/1069 [04:30<02:28,  2.58it/s][A
Train 3/30:  65%|██████▍   | 690/1069 [04:31<02:27,  2.58it/s][A
Train 3/30:  65%|██████▍   | 693/1069 [04:32<02:26,  2.56it/s][A
Train 3/30:  65%|██████▌   | 696/1069 [04:33<02:26,  2.55it/s][A
Train 3/30:  65%|██████▌   | 699/1069 [04:35<02:23,  2.59it/s][A
Train 3/30:  66%|██████▌   | 702/1069 [04:36<02:24,  2.55it/s][A
Train 3/30:  66%|██████▌   | 705/1069 [04:37<02:26,  2.49it/s][A
Train 3/30:  66%|██████▌   | 708/1069 [04:38<02:25,  2.48it/s][A
Train 3/30:  67%|██████▋   | 711/1069 [04:39<02:23,  2.49it/s][A
Train 3/30:  67%|██████▋   | 714/1069 [04:41<02:19,  2.55it/s][A
Train 3/30:  67%|██████▋   | 717/1069 [04:42<02:15,  2.60it/s][A
Train 3/30:  67%|██████▋   | 720/1069 [04:43<02:15,  2.57it/s][A
Train 3/30:  68%|██████▊   | 723/1069 [04:44<02:13,  2.59it/s][A
Train 3/30:  68%|██████▊   | 726/1069 [04:45<02:15,  2.53it/s][A
Train 3/30:  68%|██████▊   | 729/1069 [04:46<02:13,  2.56it/s][A
Train 3/30:  68%|██████▊   | 732/1069 [04:48<02:09,  2.60it/s][A
Train 3/30:  69%|██████▉   | 735/1069 [04:49<02:06,  2.63it/s][A
Train 3/30:  69%|██████▉   | 738/1069 [04:50<02:06,  2.62it/s][A
Train 3/30:  69%|██████▉   | 741/1069 [04:51<02:07,  2.57it/s][A
Train 3/30:  70%|██████▉   | 744/1069 [04:52<02:07,  2.55it/s][A
Train 3/30:  70%|██████▉   | 747/1069 [04:53<02:04,  2.60it/s][A
Train 3/30:  70%|███████   | 750/1069 [04:54<02:01,  2.62it/s][A
Train 3/30:  70%|███████   | 753/1069 [04:56<02:03,  2.55it/s][A
Train 3/30:  71%|███████   | 756/1069 [04:57<02:04,  2.52it/s][A
Train 3/30:  71%|███████   | 759/1069 [04:58<02:03,  2.51it/s][A
Train 3/30:  71%|███████▏  | 762/1069 [04:59<02:04,  2.46it/s][A
Train 3/30:  72%|███████▏  | 765/1069 [05:01<02:02,  2.47it/s][A
Train 3/30:  72%|███████▏  | 768/1069 [05:02<02:00,  2.49it/s][A
Train 3/30:  72%|███████▏  | 771/1069 [05:03<01:57,  2.53it/s][A
Train 3/30:  72%|███████▏  | 774/1069 [05:04<01:56,  2.52it/s][A
Train 3/30:  73%|███████▎  | 777/1069 [05:05<01:55,  2.53it/s][A
Train 3/30:  73%|███████▎  | 780/1069 [05:06<01:51,  2.58it/s][A
Train 3/30:  73%|███████▎  | 783/1069 [05:08<01:52,  2.53it/s][A
Train 3/30:  74%|███████▎  | 786/1069 [05:09<01:52,  2.52it/s][A
Train 3/30:  74%|███████▍  | 789/1069 [05:10<01:50,  2.54it/s][A
Train 3/30:  74%|███████▍  | 792/1069 [05:11<01:47,  2.58it/s][A
Train 3/30:  74%|███████▍  | 795/1069 [05:12<01:49,  2.50it/s][A
Train 3/30:  75%|███████▍  | 798/1069 [05:14<01:47,  2.51it/s][A
Train 3/30:  75%|███████▍  | 801/1069 [05:15<01:51,  2.41it/s][A
Train 3/30:  75%|███████▌  | 804/1069 [05:16<01:49,  2.42it/s][A
Train 3/30:  75%|███████▌  | 807/1069 [05:17<01:48,  2.41it/s][A
Train 3/30:  76%|███████▌  | 810/1069 [05:19<01:46,  2.44it/s][A
Train 3/30:  76%|███████▌  | 813/1069 [05:20<01:43,  2.48it/s][A
Train 3/30:  76%|███████▋  | 816/1069 [05:21<01:42,  2.47it/s][A
Train 3/30:  77%|███████▋  | 819/1069 [05:22<01:38,  2.53it/s][A
Train 3/30:  77%|███████▋  | 822/1069 [05:23<01:33,  2.65it/s][A
Train 3/30:  77%|███████▋  | 825/1069 [05:24<01:35,  2.55it/s][A
Train 3/30:  77%|███████▋  | 828/1069 [05:26<01:36,  2.51it/s][A
Train 3/30:  78%|███████▊  | 831/1069 [05:27<01:32,  2.56it/s][A
Train 3/30:  78%|███████▊  | 834/1069 [05:28<01:33,  2.52it/s][A[2026-06-18T14:14:21.693] error: *** JOB 405623 ON mlcbm003 CANCELLED AT 2026-06-18T14:14:21 DUE to SIGNAL Terminated ***
